{
  "holdout": "wc2022",
  "n_matches": 64,
  "dc_only_brier": 0.6495861050136637,
  "lgbm_only_brier": 0.6385136073809845,
  "blend_brier": 0.619033253573034,
  "improvement_vs_dc": 0.03055285144062969,
  "dc_weight": 0.45,
  "min_improvement_required": 0.01,
  "passed": true,
  "reason": "blend improves DC-only by 0.0306 (\u2265 0.01)"
}