{
  "holdout": "wc2022",
  "n_matches": 64,
  "dc_only_brier": 0.6507620676666662,
  "lgbm_only_brier": 0.6169772964854231,
  "blend_brier": 0.6095719043499579,
  "improvement_vs_dc": 0.04119016331670833,
  "dc_weight": 0.4,
  "min_improvement_required": 0.01,
  "passed": true,
  "reason": "blend improves DC-only by 0.0412 (\u2265 0.01)"
}