{
  "holdout": "wc2022",
  "n_matches": 64,
  "dc_only_brier": 0.6860985576605738,
  "lgbm_only_brier": 0.6462576803957994,
  "blend_brier": 0.6234185670687249,
  "improvement_vs_dc": 0.06267999059184892,
  "dc_weight": 0.4,
  "min_improvement_required": 0.01,
  "passed": true,
  "reason": "blend improves DC-only by 0.0627 (\u2265 0.01)"
}