{
  "holdout": "wc2022",
  "n_matches": 64,
  "dc_only_brier": 0.682218837058191,
  "lgbm_only_brier": 0.6217910563782041,
  "blend_brier": 0.6101372028317331,
  "improvement_vs_dc": 0.07208163422645786,
  "dc_weight": 0.4,
  "min_improvement_required": 0.01,
  "passed": true,
  "reason": "blend improves DC-only by 0.0721 (\u2265 0.01)"
}