{
  "holdout": "wc2022",
  "n_matches": 64,
  "dc_only_brier": 0.648556834754765,
  "lgbm_only_brier": 0.6461251368519416,
  "blend_brier": 0.6182907392383967,
  "improvement_vs_dc": 0.030266095516368274,
  "dc_weight": 0.5,
  "min_improvement_required": 0.01,
  "passed": true,
  "reason": "blend improves DC-only by 0.0303 (\u2265 0.01)"
}