{
  "holdout": "wc2022",
  "n_matches": 64,
  "dc_only_brier": 0.6888306055156194,
  "lgbm_only_brier": 0.6164352499228967,
  "blend_brier": 0.6110435807436394,
  "improvement_vs_dc": 0.07778702477197996,
  "dc_weight": 0.4,
  "min_improvement_required": 0.01,
  "passed": true,
  "reason": "blend improves DC-only by 0.0778 (\u2265 0.01)"
}