{
  "holdout": "wc2022",
  "n_matches": 64,
  "dc_only_brier": 0.6617859286846031,
  "lgbm_only_brier": 0.6226397578180174,
  "blend_brier": 0.6123372318293987,
  "improvement_vs_dc": 0.049448696855204366,
  "dc_weight": 0.4,
  "min_improvement_required": 0.01,
  "passed": true,
  "reason": "blend improves DC-only by 0.0494 (\u2265 0.01)"
}