{
  "holdout": "wc2022",
  "n_matches": 64,
  "dc_only_brier": 0.6758526156555786,
  "lgbm_only_brier": 0.6069969847438492,
  "blend_brier": 0.5985156898025836,
  "improvement_vs_dc": 0.07733692585299501,
  "dc_weight": 0.4,
  "min_improvement_required": 0.01,
  "passed": true,
  "reason": "blend improves DC-only by 0.0773 (\u2265 0.01)"
}