{
  "holdout": "wc2022",
  "n_matches": 64,
  "dc_only_brier": 0.6552892007894251,
  "lgbm_only_brier": 0.639616471903419,
  "blend_brier": 0.6122906807587079,
  "improvement_vs_dc": 0.04299852003071725,
  "dc_weight": 0.45,
  "min_improvement_required": 0.01,
  "passed": true,
  "reason": "blend improves DC-only by 0.0430 (\u2265 0.01)"
}