{
  "holdout": "wc2022",
  "n_matches": 64,
  "dc_only_brier": 0.6670277488762724,
  "lgbm_only_brier": 0.6316929319617098,
  "blend_brier": 0.6118200859621019,
  "improvement_vs_dc": 0.05520766291417045,
  "dc_weight": 0.4,
  "min_improvement_required": 0.01,
  "passed": true,
  "reason": "blend improves DC-only by 0.0552 (\u2265 0.01)"
}