{
  "holdout": "wc2022",
  "n_matches": 64,
  "dc_only_brier": 0.6332977872606086,
  "lgbm_only_brier": 0.6399856228408741,
  "blend_brier": 0.6120870067497038,
  "improvement_vs_dc": 0.021210780510904748,
  "dc_weight": 0.55,
  "min_improvement_required": 0.01,
  "passed": true,
  "reason": "blend improves DC-only by 0.0212 (\u2265 0.01)"
}