{
  "holdout": "wc2022",
  "n_matches": 64,
  "dc_only_brier": 0.6438437999652467,
  "lgbm_only_brier": 0.6276830295627134,
  "blend_brier": 0.6110507435568725,
  "improvement_vs_dc": 0.032793056408374155,
  "dc_weight": 0.4,
  "min_improvement_required": 0.01,
  "passed": true,
  "reason": "blend improves DC-only by 0.0328 (\u2265 0.01)"
}