{
  "holdout": "wc2022",
  "n_matches": 64,
  "dc_only_brier": 0.6890396588331923,
  "lgbm_only_brier": 0.6136365370088543,
  "blend_brier": 0.6058991782859184,
  "improvement_vs_dc": 0.08314048054727385,
  "dc_weight": 0.4,
  "min_improvement_required": 0.01,
  "passed": true,
  "reason": "blend improves DC-only by 0.0831 (\u2265 0.01)"
}