{
  "holdout": "wc2022",
  "n_matches": 64,
  "dc_only_brier": 0.6533849825227198,
  "lgbm_only_brier": 0.6275932027210256,
  "blend_brier": 0.6128248445017264,
  "improvement_vs_dc": 0.04056013802099345,
  "dc_weight": 0.4,
  "min_improvement_required": 0.01,
  "passed": true,
  "reason": "blend improves DC-only by 0.0406 (\u2265 0.01)"
}