{
  "Chile": 1615.8802132737912,
  "Uruguay": 1817.5050782839633,
  "Argentina": 2024.0046219729868,
  "Brazil": 1893.9530092098098,
  "Paraguay": 1648.7168852351615,
  "Bolivia": 1522.2605704358584,
  "Peru": 1634.8176032930821,
  "France": 2016.071559990006,
  "Mexico": 1788.0669420058366,
  "Belgium": 1765.7378238497834,
  "United States": 1766.4229551031697,
  "Romania": 1618.0070509150682,
  "Yugoslavia": 1730.135688912994,
  "Sweden": 1688.3131867814573,
  "Estonia": 1275.8404551985595,
  "Lithuania": 1186.4200586661814,
  "Switzerland": 1778.4805172131548,
  "Poland": 1631.6356359732745,
  "Czechoslovakia": 1686.2968098645426,
  "Haiti": 1690.9912075750203,
  "Cuba": 1490.8607592196288,
  "Ireland": 1589.8833598404674,
  "Luxembourg": 1308.7444452472942,
  "Germany": 1883.774993609922,
  "Spain": 2068.601960038583,
  "Portugal": 1914.6611721138122,
  "Egypt": 1770.8758478009418,
  "Israel": 1568.4797052495524,
  "Bulgaria": 1378.9554856659672,
  "Hungary": 1648.4652802793948,
  "Italy": 1828.7465652711967,
  "Greece": 1710.9425094929497,
  "Netherlands": 1891.6488644253643,
  "Austria": 1749.6131957439497,
  "Finland": 1471.755630497954,
  "Latvia": 1230.3153012229586,
  "Norway": 1812.5689038810485,
  "Indonesia": 1458.6619675006145,
  "Ecuador": 1754.9091043991164,
  "Colombia": 1891.898395998689,
  "Northern Ireland": 1476.2831417260593,
  "Scotland": 1731.397417763145,
  "Wales": 1660.0493612635025,
  "England": 1988.2436181500677,
  "Turkey": 1743.9386594397129,
  "Syria": 1621.8558747486263,
  "Saarland": 1482.2914341758205,
  "Japan": 1870.4598931308592,
  "South Korea": 1828.7632000006888,
  "Philippines": 1355.3875043078092,
  "Malaysia": 1414.789151263121,
  "Cambodia": 1209.5760537219724,
  "Vietnam Republic": 1373.1745803119761,
  "Taiwan": 1151.590198157805,
  "Hong Kong": 1334.5406247622736,
  "Denmark": 1800.231672184453,
  "Guatemala": 1653.7875132220872,
  "Costa Rica": 1688.6842879937624,
  "Sudan": 1445.1890888031323,
  "Ethiopia": 1383.6886856195842,
  "Curacao": 1601.2364143558625,
  "China": 1556.8086915090382,
  "German DR": 1602.3610179995096,
  "Iceland": 1460.1233718232068,
  "Canada": 1714.6963558435486,
  "Russia": 1667.2453052116305,
  "Singapore": 1359.8776679971159,
  "Iran": 1804.4222589849985,
  "India": 1332.6390955490376,
  "Pakistan": 1150.7026675635814,
  "Ghana": 1596.0815441446955,
  "Nigeria": 1801.8547101783113,
  "Honduras": 1643.3911930310458,
  "Suriname": 1548.4309932492138,
  "Morocco": 1875.0998676727213,
  "Tunisia": 1606.442612288936,
  "Cyprus": 1252.0679740722385,
  "Kenya": 1456.4091158563006,
  "Uganda": 1522.948454659355,
  "Malta": 1156.4829751413554,
  "Albania": 1534.3329900812348,
  "Guinea": 1579.2888878830993,
  "Thailand": 1505.7088042836872,
  "Jamaica": 1619.685539947593,
  "Cote d'Ivoire": 1746.8355276574514,
  "DR Congo": 1703.9922288657706,
  "Trinidad and Tobago": 1569.8399454665498,
  "Senegal": 1828.2734197525006,
  "Mali": 1687.558636686939,
  "Venezuela": 1639.8081796160598,
  "Liberia": 1416.0964530177414,
  "North Korea": 1483.1967954376764,
  "Australia": 1837.3728069913689,
  "Libya": 1436.1775397026931,
  "Cameroon": 1686.0212912407103,
  "Algeria": 1747.614706810164,
  "Burkina Faso": 1605.8719904196078,
  "Congo": 1365.5385756978083,
  "Togo": 1431.5372223791364,
  "Niger": 1466.1378615670637,
  "Tanzania": 1475.65091302603,
  "Mauritius": 1166.0649755251452,
  "Myanmar": 1310.656021867928,
  "Bermuda": 1395.8483755812208,
  "Zambia": 1570.2589087565339,
  "El Salvador": 1534.381710992266,
  "Zimbabwe": 1465.6359130765425,
  "Gabon": 1501.9353588897156,
  "Benin": 1504.4708660436645,
  "Madagascar": 1414.9917868381403,
  "Brunei": 1206.2686346171354,
  "Kuwait": 1464.1918953003783,
  "Iraq": 1674.9728685207103,
  "Bahrain": 1543.7833109037651,
  "Lebanon": 1495.7572697389196,
  "Jordan": 1682.1071115509328,
  "Sri Lanka": 1206.7606492411621,
  "Lesotho": 1358.2265674067248,
  "Sierra Leone": 1468.0024243610083,
  "Central African Republic": 1356.422750365307,
  "Somalia": 1236.6527047149916,
  "Burundi": 1382.906700700285,
  "Gambia": 1510.5462371946712,
  "Malawi": 1428.5755706804962,
  "Qatar": 1677.4696875654638,
  "Saudi Arabia": 1711.912233235714,
  "Afghanistan": 1342.971686127893,
  "Mauritania": 1442.9654277189616,
  "Yemen DPR": 1436.066043123387,
  "Macau": 1116.174231818582,
  "Bangladesh": 1217.1145334093612,
  "Mozambique": 1508.782128126016,
  "United Arab Emirates": 1644.9146111246616,
  "Angola": 1564.22917753793,
  "Rwanda": 1408.5689106005652,
  "New Zealand": 1507.068754594977,
  "Yemen": 1390.0139456978288,
  "Eswatini": 1302.5526189616828,
  "Nepal": 1204.0303181917966,
  "Oman": 1583.030734055852,
  "Seychelles": 1096.5346214283895,
  "Equatorial Guinea": 1476.9064653865873,
  "Chad": 1281.8338841581453,
  "Faroe Islands": 1286.4112040028454,
  "San Marino": 892.6489375828427,
  "Dominican Republic": 1571.74057833848,
  "Puerto Rico": 1481.0903942137181,
  "Saint Lucia": 1379.7842340095126,
  "Saint Vincent and the Grenadines": 1409.3013994844396,
  "Antigua and Barbuda": 1265.0523372657083,
  "Barbados": 1297.2416797516034,
  "Guyana": 1521.4144894298329,
  "Botswana": 1364.3423080528999,
  "Guinea-Bissau": 1406.8967916554195,
  "Cape Verde": 1591.0520265734697,
  "Nicaragua": 1568.28712483867,
  "South Africa": 1645.8483601955006,
  "Panama": 1701.907863022465,
  "Namibia": 1422.3805436151426,
  "Vietnam": 1414.7566150718437,
  "Liechtenstein": 908.9252533788626,
  "Croatia": 1816.3972569586908,
  "Czechia": 1636.632795920282,
  "Azerbaijan": 1268.2474111080498,
  "Belarus": 1383.5105425310126,
  "Slovenia": 1601.5503255078863,
  "Ukraine": 1687.167443777389,
  "Slovakia": 1569.2523922741814,
  "North Macedonia": 1530.1067399891763,
  "Georgia": 1584.197774659421,
  "Moldova": 1239.1616346741118,
  "Armenia": 1322.900945325655,
  "Kyrgyzstan": 1487.4042958345428,
  "Dominica": 1321.6057237022383,
  "Turkmenistan": 1433.4880323818459,
  "Aruba": 1304.1121812729614,
  "Grenada": 1409.747453974675,
  "Serbia": 1719.5360541825628,
  "Saint Kitts and Nevis": 1426.1999649021975,
  "Tajikistan": 1534.7490459026749,
  "Uzbekistan": 1733.2223605115262,
  "Cayman Islands": 1243.844060269296,
  "Belize": 1392.298502531245,
  "Kazakhstan": 1343.1216323170577,
  "Maldives": 1231.0147345915793,
  "Guam": 1233.788311195083,
  "Bosnia and Herzegovina": 1545.7194791552947,
  "Djibouti": 1158.92044036566,
  "S\u00e3o Tom\u00e9 and Pr\u00edncipe": 1191.705586808685,
  "Andorra": 1031.6590666039917,
  "Eritrea": 1345.8519471099644,
  "Bhutan": 1223.550826285659,
  "United States Virgin Islands": 1102.623783897361,
  "British Virgin Islands": 1186.4050762661284,
  "Montserrat": 1342.8574353468612,
  "Anguilla": 1139.3199634771863,
  "Bahamas": 1231.6613223468464,
  "Turks and Caicos Islands": 1169.7814719274843,
  "Palestine": 1559.2771344520022,
  "Mongolia": 1324.0562369257643,
  "Laos": 1207.12890838266,
  "Timor-Leste": 1207.5844190490113,
  "Comoros": 1510.7637548655423,
  "Montenegro": 1421.9201614018216,
  "South Sudan": 1286.9147789603228,
  "Gibraltar": 1062.9523249335525,
  "Kosovo": 1586.923019242608,
  "French Guiana": 1470.3662233960765,
  "Bonaire": 1352.030685341893,
  "Sint Maarten": 1415.393444996188,
  "Saint Martin": 1465.6210780283268,
  "Guadeloupe": 1562.843645774019,
  "Martinique": 1527.563516486901
}