{
  "Chile": 1615.8766544111527,
  "Uruguay": 1826.3612640248537,
  "Argentina": 2005.717354487529,
  "Brazil": 1893.9505519135614,
  "Paraguay": 1648.7133708944834,
  "Bolivia": 1522.2569471270092,
  "Peru": 1634.8140542417584,
  "France": 1991.9412647855165,
  "Mexico": 1788.0652533648945,
  "Belgium": 1765.2825000483874,
  "United States": 1766.420578914671,
  "Romania": 1618.0032088631701,
  "Yugoslavia": 1730.1260388749247,
  "Sweden": 1688.310680662646,
  "Estonia": 1275.8365081014417,
  "Lithuania": 1186.416089086715,
  "Switzerland": 1778.4771403096038,
  "Poland": 1631.6320980189716,
  "Czechoslovakia": 1686.291881712547,
  "Haiti": 1690.9900378037248,
  "Cuba": 1490.8597971917666,
  "Ireland": 1589.879440390256,
  "Luxembourg": 1308.7404568282227,
  "Germany": 1883.7717159775134,
  "Spain": 2092.180315507309,
  "Portugal": 1930.3132867461782,
  "Egypt": 1771.334506880158,
  "Israel": 1568.4757703449459,
  "Bulgaria": 1378.9514253852228,
  "Hungary": 1648.461487919134,
  "Italy": 1828.742986155642,
  "Greece": 1710.9387539058416,
  "Netherlands": 1891.6456599618818,
  "Austria": 1709.0913377235913,
  "Finland": 1471.751768029967,
  "Latvia": 1230.3113674515193,
  "Norway": 1775.212230361336,
  "Indonesia": 1458.6609934090345,
  "Ecuador": 1754.9066855501385,
  "Colombia": 1864.1485976678373,
  "Northern Ireland": 1476.2790838835517,
  "Scotland": 1731.3938612065288,
  "Wales": 1660.0456613913504,
  "England": 1962.1697637359364,
  "Turkey": 1743.9351412515534,
  "Syria": 1621.8549411639722,
  "Saarland": 1482.2914341758205,
  "Japan": 1870.458124416809,
  "South Korea": 1828.7619077766299,
  "Philippines": 1355.3869909361415,
  "Malaysia": 1414.7884254985242,
  "Cambodia": 1209.5756495629603,
  "Vietnam Republic": 1373.1745803119761,
  "Taiwan": 1151.589605465967,
  "Hong Kong": 1334.539893891385,
  "Denmark": 1800.2282118219528,
  "Sudan": 1445.1965715674305,
  "Guatemala": 1653.7863297712743,
  "Costa Rica": 1688.6822710370284,
  "Ethiopia": 1383.6967565621376,
  "Curacao": 1601.2352819839775,
  "China": 1556.8076210690888,
  "German DR": 1602.3568828349303,
  "Iceland": 1460.1195695159877,
  "Canada": 1714.6943638920704,
  "Russia": 1667.2417090953254,
  "Singapore": 1359.8769251056435,
  "Iran": 1823.8615332988054,
  "India": 1332.63835627214,
  "Pakistan": 1150.7022836969415,
  "Ghana": 1557.5428837641014,
  "Nigeria": 1801.860810942131,
  "Honduras": 1643.3894704274487,
  "Suriname": 1548.4299115043639,
  "Morocco": 1875.106172154466,
  "Tunisia": 1606.447081775034,
  "Cyprus": 1252.06409657176,
  "Kenya": 1456.413939026515,
  "Uganda": 1522.9523777612605,
  "Malta": 1156.4790417712638,
  "Albania": 1534.3290552346616,
  "Guinea": 1579.2958494602299,
  "Thailand": 1505.7079174090504,
  "Jamaica": 1619.6841098523942,
  "Cote d'Ivoire": 1746.8417766470538,
  "DR Congo": 1688.3441546275646,
  "Trinidad and Tobago": 1569.8386250868023,
  "Senegal": 1852.406013776447,
  "Mali": 1687.5653687762842,
  "Venezuela": 1639.804699536611,
  "Liberia": 1416.101045917293,
  "North Korea": 1483.1958755421113,
  "Australia": 1837.3711537962045,
  "Libya": 1436.1829971591367,
  "Cameroon": 1686.0266807845098,
  "Algeria": 1765.9044502591244,
  "Burkina Faso": 1605.8789638972212,
  "Congo": 1365.5433844219524,
  "Togo": 1431.5416438037348,
  "Niger": 1466.1427610801675,
  "Tanzania": 1475.6542964989537,
  "Mauritius": 1166.0614125006996,
  "Myanmar": 1310.6553920764277,
  "Bermuda": 1395.8475271635511,
  "Zambia": 1570.2641208353593,
  "El Salvador": 1534.3805562419182,
  "Zimbabwe": 1465.6412333981882,
  "Benin": 1504.476171259643,
  "Gabon": 1501.945905179328,
  "Madagascar": 1415.0149759677593,
  "Brunei": 1206.2682712632727,
  "Kuwait": 1464.1909103527776,
  "Iraq": 1712.3244396151813,
  "Jordan": 1722.6240447536923,
  "Bahrain": 1543.782235629483,
  "Lebanon": 1495.7564528158812,
  "Sri Lanka": 1206.7601526079306,
  "Lesotho": 1358.234536060565,
  "Sierra Leone": 1468.0035424253203,
  "Central African Republic": 1356.4608847852483,
  "Somalia": 1236.639005535585,
  "Burundi": 1382.916788266064,
  "Gambia": 1510.5528339222149,
  "Malawi": 1428.581931612945,
  "Qatar": 1677.4684401372374,
  "Saudi Arabia": 1703.051882005423,
  "Afghanistan": 1342.9712268751011,
  "Mauritania": 1442.9741767115981,
  "Yemen DPR": 1436.0660279889023,
  "Macau": 1116.173904961976,
  "Bangladesh": 1217.1139234016487,
  "Mozambique": 1508.787353873968,
  "United Arab Emirates": 1644.9135927365842,
  "Angola": 1564.2411866530856,
  "Rwanda": 1408.576956273883,
  "New Zealand": 1487.625328062053,
  "Yemen": 1390.0132815542386,
  "Eswatini": 1302.553725602735,
  "Nepal": 1204.029778984002,
  "Oman": 1583.0297478939465,
  "Equatorial Guinea": 1476.9120635310624,
  "Seychelles": 1096.5373161829286,
  "Chad": 1281.8395337982438,
  "Faroe Islands": 1286.407249072172,
  "San Marino": 892.6448863552015,
  "Dominican Republic": 1571.740043504762,
  "Puerto Rico": 1481.0898409681035,
  "Saint Lucia": 1379.7837339876205,
  "Saint Vincent and the Grenadines": 1409.300675539919,
  "Barbados": 1297.2411391283226,
  "Antigua and Barbuda": 1265.0517210390115,
  "Guyana": 1521.4137552756981,
  "Botswana": 1364.349859347865,
  "Guinea-Bissau": 1406.9023505975113,
  "Cape Verde": 1567.4766680434277,
  "Nicaragua": 1568.286248619894,
  "Panama": 1740.4563016773945,
  "South Africa": 1645.8536235663762,
  "Namibia": 1422.3860333168775,
  "Vietnam": 1414.755778179115,
  "Liechtenstein": 908.9214013945215,
  "Croatia": 1842.4649166362897,
  "Czechia": 1636.6290984255252,
  "North Macedonia": 1530.1028708150145,
  "Ukraine": 1687.163700042405,
  "Slovenia": 1601.546408612701,
  "Slovakia": 1569.2484589762169,
  "Azerbaijan": 1268.243488372947,
  "Belarus": 1383.5065253394944,
  "Armenia": 1322.8970291658106,
  "Georgia": 1584.193911392004,
  "Moldova": 1239.157669120094,
  "Kyrgyzstan": 1487.4035279814302,
  "Dominica": 1321.6052163294983,
  "Turkmenistan": 1433.4872388391964,
  "Aruba": 1304.111709035927,
  "Grenada": 1409.7466613570662,
  "Serbia": 1719.5325141902554,
  "Saint Kitts and Nevis": 1426.199396296309,
  "Tajikistan": 1534.74833046593,
  "Uzbekistan": 1760.9678302946447,
  "Cayman Islands": 1243.8436509463243,
  "Belize": 1392.2979713057043,
  "Kazakhstan": 1343.1176898688454,
  "Maldives": 1231.0141980808055,
  "Guam": 1233.787920033031,
  "Bosnia and Herzegovina": 1545.7157141439468,
  "Djibouti": 1158.9202047477895,
  "S\u00e3o Tom\u00e9 and Pr\u00edncipe": 1191.7083086716564,
  "Andorra": 1031.6551872148323,
  "Eritrea": 1345.8466694869949,
  "Bhutan": 1223.550323476714,
  "United States Virgin Islands": 1102.623431822383,
  "British Virgin Islands": 1186.4047431608365,
  "Montserrat": 1342.8568711485339,
  "Anguilla": 1139.319588251249,
  "Bahamas": 1231.6607725904773,
  "Turks and Caicos Islands": 1169.7811661154606,
  "Palestine": 1559.2762656002878,
  "Mongolia": 1324.0558669747948,
  "Laos": 1207.1284487219693,
  "Timor-Leste": 1207.5840186094576,
  "Comoros": 1510.7741448867264,
  "Montenegro": 1421.916328501746,
  "South Sudan": 1286.917755329277,
  "Gibraltar": 1062.9487029280322,
  "Kosovo": 1586.9193470231423,
  "French Guiana": 1470.3656903553483,
  "Bonaire": 1352.0303425980587,
  "Sint Maarten": 1415.3931004691892,
  "Saint Martin": 1465.6206593692234,
  "Guadeloupe": 1562.843231743942,
  "Martinique": 1527.562700528264
}