{
  "Chile": 1611.7159125023759,
  "Uruguay": 1682.8161643308408,
  "Argentina": 1924.8635623643638,
  "Brazil": 1821.110121064902,
  "Paraguay": 1522.2474669164583,
  "Bolivia": 1224.1387414412034,
  "Peru": 1565.16638836077,
  "Belgium": 1656.0764610578108,
  "United States": 1615.8286226093337,
  "France": 1916.1912981664623,
  "Mexico": 1688.8517899526303,
  "Yugoslavia": 1531.2962426652311,
  "Romania": 1613.9376267980124,
  "Netherlands": 1828.3292736447872,
  "Switzerland": 1697.8935794565166,
  "Italy": 1769.2796588391766,
  "Czechoslovakia": 1623.6093241700264,
  "Egypt": 1669.1513786921087,
  "Hungary": 1563.2690356341195,
  "Germany": 1748.4388469079777,
  "Spain": 1952.807442746231,
  "Austria": 1630.2435739556397,
  "Sweden": 1647.7565715827766,
  "Norway": 1678.7065942595443,
  "Indonesia": 1307.5853693232914,
  "Poland": 1500.3600011656513,
  "Cuba": 1484.1834921360867,
  "Ecuador": 1575.9049648214661,
  "Colombia": 1804.1024568751666,
  "England": 1831.5145022969452,
  "Scotland": 1556.2604915065924,
  "South Korea": 1571.155284054244,
  "Turkey": 1625.1484987638335,
  "Hong Kong": 1307.9881107975677,
  "Israel": 1562.3942814132774,
  "Vietnam Republic": 1377.5525255565003,
  "Sudan": 1355.4633603909576,
  "Ethiopia": 1311.143850516397,
  "Wales": 1563.0300655246444,
  "Russia": 1518.6414186693748,
  "Northern Ireland": 1455.3845775888567,
  "Taiwan": 1439.5125815838874,
  "Tunisia": 1450.4414693841409,
  "Uganda": 1399.6385169583248,
  "Bulgaria": 1413.6434610771753,
  "Nigeria": 1720.7900732192686,
  "Ghana": 1543.1323632224844,
  "India": 1317.2057173473538,
  "Denmark": 1681.2738250443076,
  "DR Congo": 1593.1305986558914,
  "Cote d'Ivoire": 1666.4081750500031,
  "Senegal": 1697.2785695689624,
  "North Korea": 1244.8861618662568,
  "Portugal": 1830.105529204461,
  "Venezuela": 1535.3197475559687,
  "Algeria": 1592.4222326081742,
  "Congo": 1441.7284208602057,
  "Iran": 1614.4484521223567,
  "Myanmar": 1523.2572388103943,
  "Cameroon": 1598.8588503568144,
  "Guinea": 1483.6885880952657,
  "El Salvador": 1501.5317902330141,
  "Morocco": 1756.0948375557186,
  "Kenya": 1369.3507993806497,
  "Mali": 1572.094929341718,
  "Togo": 1323.3732639668247,
  "Cambodia": 1484.705136844804,
  "Iraq": 1474.6219907827417,
  "Thailand": 1356.9351190577506,
  "Kuwait": 1369.822888302468,
  "Zambia": 1509.7668293068648,
  "Mauritius": 1417.8893157509654,
  "German DR": 1543.6479838987539,
  "Australia": 1596.3462455820077,
  "Haiti": 1587.2544457102563,
  "Malaysia": 1348.092446831849,
  "China": 1490.682085727301,
  "Yemen DPR": 1465.0878119524364,
  "Burkina Faso": 1479.9986005398582,
  "Tanzania": 1391.2325318804344,
  "Greece": 1686.7918510228524,
  "United Arab Emirates": 1449.8470490418565,
  "Bangladesh": 1396.5671731842272,
  "Syria": 1439.7677331113478,
  "Qatar": 1477.0190177187787,
  "Libya": 1514.4318783802469,
  "New Zealand": 1422.2324420137309,
  "Honduras": 1536.6598566529856,
  "Malawi": 1440.9446939919515,
  "Singapore": 1463.071911720908,
  "Saudi Arabia": 1494.0404064387158,
  "Mozambique": 1338.9912977794443,
  "Canada": 1576.3425558256806,
  "Ireland": 1500.0768035395517,
  "Bahrain": 1420.5621282784775,
  "Japan": 1675.9526698063867,
  "Costa Rica": 1529.3865742862924,
  "Gabon": 1434.1142364077746,
  "Sierra Leone": 1446.4506794871568,
  "South Africa": 1543.2428605667556,
  "Angola": 1485.3622442740589,
  "Liberia": 1472.7727603116284,
  "Czechia": 1537.2998660937503,
  "Croatia": 1713.1233824731612,
  "Uzbekistan": 1487.619724120508,
  "Namibia": 1362.3195370170022,
  "Jamaica": 1507.6994119337155,
  "Serbia": 1641.8369345660446,
  "Slovenia": 1557.3685669704537,
  "Lebanon": 1379.1721243824475,
  "Rwanda": 1500.899664282863,
  "Zimbabwe": 1375.736571438376,
  "Benin": 1384.1084306776297,
  "Latvia": 1419.3363193743276,
  "Turkmenistan": 1385.581196480315,
  "Jordan": 1520.0612427000767,
  "Oman": 1414.651560170586,
  "Trinidad and Tobago": 1523.310754477581,
  "Ukraine": 1588.1027553154083,
  "Vietnam": 1388.5421635950581,
  "Slovakia": 1518.1093668355848,
  "Equatorial Guinea": 1465.412187724037,
  "Niger": 1410.0589225739284,
  "Botswana": 1379.2484547569593,
  "Cape Verde": 1564.566419948771,
  "Bosnia and Herzegovina": 1525.0499363991316,
  "Palestine": 1410.4960352771707,
  "Panama": 1499.3436073425728,
  "Albania": 1466.7785089156198,
  "Iceland": 1406.1257794056005,
  "Guinea-Bissau": 1351.2701119198393,
  "Cyprus": 1338.8823498575712,
  "Kazakhstan": 1390.6098007184619,
  "Georgia": 1632.7451934601827,
  "Andorra": 1328.4775551707282,
  "Armenia": 1384.6364432814896,
  "Liechtenstein": 1234.0565481243016,
  "Gibraltar": 1320.4595465990928,
  "North Macedonia": 1595.5342347219555,
  "Azerbaijan": 1397.309289537604,
  "Kosovo": 1586.0809633708213,
  "Faroe Islands": 1465.2888961607682,
  "Malta": 1449.344988004771,
  "Montenegro": 1453.84484506043,
  "Lithuania": 1276.921016803587,
  "Finland": 1454.5157730490303,
  "Belarus": 1480.5011422224572,
  "San Marino": 1296.1373922569758,
  "Estonia": 1432.210658420583,
  "Luxembourg": 1450.6734389949743,
  "Moldova": 1490.1396157122392,
  "Kyrgyzstan": 1412.2843941316326,
  "Philippines": 1429.3363789362088,
  "Yemen": 1410.74723617466,
  "Burundi": 1439.8008147453907,
  "Madagascar": 1512.9967532352698,
  "Mauritania": 1384.2578507358216,
  "Guatemala": 1588.7482169571258,
  "Anguilla": 1286.282740363067,
  "Barbados": 1400.6644618855687,
  "Saint Martin": 1525.455974206522,
  "United States Virgin Islands": 1252.106902279646,
  "Cayman Islands": 1383.0338722604909,
  "French Guiana": 1481.9577123891474,
  "Belize": 1469.1501852931933,
  "Dominica": 1407.342436613436,
  "Suriname": 1504.9135133461368,
  "Bermuda": 1435.3567605717883,
  "Grenada": 1414.2576519818037,
  "Saint Kitts and Nevis": 1495.7908135008051,
  "Martinique": 1451.996996880469,
  "Antigua and Barbuda": 1319.1417589573919,
  "Nicaragua": 1623.8148655001842,
  "Saint Vincent and the Grenadines": 1481.4294644906618,
  "Bonaire": 1423.7862208469192,
  "British Virgin Islands": 1345.5513518671933,
  "Aruba": 1389.6937947885515,
  "Guyana": 1545.9596414479338,
  "Guadeloupe": 1594.175070564805,
  "Sint Maarten": 1468.1141633494758,
  "Saint Lucia": 1430.1474652886786,
  "Montserrat": 1369.7139406914366,
  "Dominican Republic": 1609.7280924343565,
  "Curacao": 1478.7610704576402,
  "Bahamas": 1361.7216051031537,
  "Turks and Caicos Islands": 1306.8117089289638,
  "Puerto Rico": 1528.974051251653,
  "Comoros": 1473.469942976301,
  "Gambia": 1477.638053906043,
  "Tajikistan": 1481.4194633648544
}