season,date,home_team,away_team,y,is_promoted_match,promoted_match_idx,p0_p_away,p0_p_draw,p0_p_home,p1_p_away,p1_p_draw,p1_p_home,p2_p_away,p2_p_draw,p2_p_home,p4_p_away,p4_p_draw,p4_p_home,suppressed_p3
2021,2020-09-18,Bayern Munich,Schalke 04,2,False,0,0.046201974395746956,0.12410036743807983,0.8296976581661732,0.046201974395746956,0.12410036743807983,0.8296976581661732,0.046201974395746956,0.12410036743807983,0.8296976581661732,0.046201974395746956,0.12410036743807983,0.8296976581661732,False
2021,2020-09-19,Dortmund,M'gladbach,2,False,0,0.21569847779223802,0.2351203932580941,0.5491811289496679,0.21569847779223802,0.2351203932580941,0.5491811289496679,0.21569847779223802,0.2351203932580941,0.5491811289496679,0.21569847779223802,0.2351203932580941,0.5491811289496679,False
2021,2020-09-19,Ein Frankfurt,Bielefeld,1,True,1,0.3,0.26,0.44,0.27405272226795724,0.13942400774789315,0.5865232699841496,0.27405272226795724,0.13942400774789315,0.5865232699841496,0.2551913626460038,0.26184348142725805,0.4829651559267382,True
2021,2020-09-19,FC Koln,Hoffenheim,0,False,0,0.49557041251016243,0.23556927302063632,0.2688603144692012,0.49557041251016243,0.23556927302063632,0.2688603144692012,0.49557041251016243,0.23556927302063632,0.2688603144692012,0.49557041251016243,0.23556927302063632,0.2688603144692012,False
2021,2020-09-19,Stuttgart,Freiburg,0,True,1,0.37030325796054236,0.3132144217594,0.31648232028005757,0.3509582584460731,0.2328280357108082,0.4162137058431187,0.3509582584460731,0.2328280357108082,0.4162137058431187,0.29075662440010114,0.28705856359996934,0.4221848119999296,True
2021,2020-09-19,Union Berlin,Augsburg,0,False,0,0.3189792882156893,0.2814045345985637,0.39961617718574705,0.3189792882156893,0.2814045345985637,0.39961617718574705,0.3189792882156893,0.2814045345985637,0.39961617718574705,0.3189792882156893,0.2814045345985637,0.39961617718574705,False
2021,2020-09-19,Werder Bremen,Hertha,0,False,0,0.3076510638124553,0.27167666557554293,0.42067227061200185,0.3076510638124553,0.27167666557554293,0.42067227061200185,0.3076510638124553,0.27167666557554293,0.42067227061200185,0.3076510638124553,0.27167666557554293,0.42067227061200185,False
2021,2020-09-20,RB Leipzig,Mainz,2,False,0,0.1066742612618715,0.1895174117738009,0.7038083269643276,0.1066742612618715,0.1895174117738009,0.7038083269643276,0.1066742612618715,0.1895174117738009,0.7038083269643276,0.1066742612618715,0.1895174117738009,0.7038083269643276,False
2021,2020-09-20,Wolfsburg,Leverkusen,1,False,0,0.3902226725515434,0.2738814439570868,0.3358958834913698,0.3902226725515434,0.2738814439570868,0.3358958834913698,0.3902226725515434,0.2738814439570868,0.3358958834913698,0.3902226725515434,0.2738814439570868,0.3358958834913698,False
2021,2020-09-25,Hertha,Ein Frankfurt,0,False,0,0.3604800662709161,0.27031875497596985,0.3692011787531141,0.3604800662709161,0.27031875497596985,0.3692011787531141,0.3604800662709161,0.27031875497596985,0.3692011787531141,0.3604800662709161,0.27031875497596985,0.3692011787531141,False
2021,2020-09-26,Schalke 04,Werder Bremen,0,False,0,0.3265922877475697,0.2911271960680294,0.38228051618440095,0.3265922877475697,0.2911271960680294,0.38228051618440095,0.3265922877475697,0.2911271960680294,0.38228051618440095,0.3265922877475697,0.2911271960680294,0.38228051618440095,False
2021,2020-09-26,Mainz,Stuttgart,0,True,2,0.24705363049156037,0.29607219446816985,0.4568741750402697,0.23765624884238054,0.11273191631313272,0.6496118348444867,0.2385959870072985,0.13106594412863642,0.630338068864065,0.3400779142595062,0.28541829171080024,0.3745037940296937,True
2021,2020-09-26,M'gladbach,Union Berlin,1,False,0,0.15678553928875022,0.24023221544523957,0.6029822452660102,0.15678553928875022,0.24023221544523957,0.6029822452660102,0.15678553928875022,0.24023221544523957,0.6029822452660102,0.15678553928875022,0.24023221544523957,0.6029822452660102,False
2021,2020-09-26,Augsburg,Dortmund,2,False,0,0.6203832312222816,0.20778889092714767,0.17182787785057074,0.6203832312222816,0.20778889092714767,0.17182787785057074,0.6203832312222816,0.20778889092714767,0.17182787785057074,0.6203832312222816,0.20778889092714767,0.17182787785057074,False
2021,2020-09-26,Bielefeld,FC Koln,2,True,2,0.3,0.26,0.44,0.2274412921507698,0.10612857562611076,0.6664301322231194,0.23469716293569282,0.12151571806349969,0.6437871190008075,0.2673735711307484,0.2555544091431424,0.47707201972610924,True
2021,2020-09-26,Leverkusen,RB Leipzig,1,False,0,0.4090186041274502,0.26211504513505907,0.32886635073749065,0.4090186041274502,0.26211504513505907,0.32886635073749065,0.4090186041274502,0.26211504513505907,0.32886635073749065,0.4090186041274502,0.26211504513505907,0.32886635073749065,False
2021,2020-09-27,Freiburg,Wolfsburg,1,False,0,0.3564820021840211,0.2952620300820628,0.34825596773391615,0.3564820021840211,0.2952620300820628,0.34825596773391615,0.3564820021840211,0.2952620300820628,0.34825596773391615,0.3564820021840211,0.2952620300820628,0.34825596773391615,False
2021,2020-09-27,Hoffenheim,Bayern Munich,2,False,0,0.6355694489927508,0.20437026383302373,0.16006028717422544,0.6355694489927508,0.20437026383302373,0.16006028717422544,0.6355694489927508,0.20437026383302373,0.16006028717422544,0.6355694489927508,0.20437026383302373,0.16006028717422544,False
2021,2020-10-02,Union Berlin,Mainz,2,False,0,0.31644496719861365,0.28995509245094975,0.39359994035043666,0.31644496719861365,0.28995509245094975,0.39359994035043666,0.31644496719861365,0.28995509245094975,0.39359994035043666,0.31644496719861365,0.28995509245094975,0.39359994035043666,False
2021,2020-10-03,Stuttgart,Leverkusen,1,True,3,0.5320333206963678,0.2648693453726549,0.2030973339309774,0.535906758282741,0.16343215352838372,0.3006610881888754,0.5351320707654664,0.18371959189723797,0.2811483373372958,0.44682153502210376,0.2649908489428937,0.2881876160350027,True
2021,2020-10-03,Werder Bremen,Bielefeld,2,True,3,0.3,0.26,0.44,0.3457622417023009,0.22274598822700656,0.43149177007069256,0.3366097933618407,0.23019679058160525,0.43319341605655404,0.30411183978407197,0.27529228661395133,0.4205958736019766,True
2021,2020-10-03,RB Leipzig,Schalke 04,2,False,0,0.11572739676535557,0.21114280469828092,0.6731297985363635,0.11572739676535557,0.21114280469828092,0.6731297985363635,0.11572739676535557,0.21114280469828092,0.6731297985363635,0.11572739676535557,0.21114280469828092,0.6731297985363635,False
2021,2020-10-03,Dortmund,Freiburg,2,False,0,0.11845013991644332,0.18740318900445097,0.6941466710791058,0.11845013991644332,0.18740318900445097,0.6941466710791058,0.11845013991644332,0.18740318900445097,0.6941466710791058,0.11845013991644332,0.18740318900445097,0.6941466710791058,False
2021,2020-10-03,Ein Frankfurt,Hoffenheim,2,False,0,0.3763445586069183,0.25461252636094384,0.3690429150321379,0.3763445586069183,0.25461252636094384,0.3690429150321379,0.3763445586069183,0.25461252636094384,0.3690429150321379,0.3763445586069183,0.25461252636094384,0.3690429150321379,False
2021,2020-10-03,FC Koln,M'gladbach,0,False,0,0.4935584782796515,0.25179165874397336,0.25464986297637515,0.4935584782796515,0.25179165874397336,0.25464986297637515,0.4935584782796515,0.25179165874397336,0.25464986297637515,0.4935584782796515,0.25179165874397336,0.25464986297637515,False
2021,2020-10-04,Bayern Munich,Hertha,2,False,0,0.05092040969963456,0.119845543412799,0.8292340468875665,0.05092040969963456,0.119845543412799,0.8292340468875665,0.05092040969963456,0.119845543412799,0.8292340468875665,0.05092040969963456,0.119845543412799,0.8292340468875665,False
2021,2020-10-04,Wolfsburg,Augsburg,1,False,0,0.22455987658380488,0.26035716329930503,0.5150829601168901,0.22455987658380488,0.26035716329930503,0.5150829601168901,0.22455987658380488,0.26035716329930503,0.5150829601168901,0.22455987658380488,0.26035716329930503,0.5150829601168901,False
2021,2020-10-17,Augsburg,RB Leipzig,0,False,0,0.5969393042754918,0.22793656224279413,0.17512413348171416,0.5969393042754918,0.22793656224279413,0.17512413348171416,0.5969393042754918,0.22793656224279413,0.17512413348171416,0.5969393042754918,0.22793656224279413,0.17512413348171416,False
2021,2020-10-17,Bielefeld,Bayern Munich,0,True,4,0.3,0.26,0.44,0.7315499225715125,0.08225774838994682,0.18619232903854063,0.6020849458000587,0.1355804238729628,0.26233463032697846,0.7290408313280239,0.17542681440166435,0.0955323542703118,True
2021,2020-10-17,Freiburg,Werder Bremen,1,False,0,0.31428574016072197,0.2811242861032711,0.404589973736007,0.31428574016072197,0.2811242861032711,0.404589973736007,0.31428574016072197,0.2811242861032711,0.404589973736007,0.31428574016072197,0.2811242861032711,0.404589973736007,False
2021,2020-10-17,Hertha,Stuttgart,0,True,4,0.2152874716410078,0.2830249192802078,0.5016876090787845,0.2647081831681763,0.1320162825469294,0.6032755342848943,0.24988196971002574,0.17731887356691295,0.5727991567230614,0.30111847043489304,0.2794991260200403,0.41938240354506673,True
2021,2020-10-17,Hoffenheim,Dortmund,0,False,0,0.44667260056074215,0.23828412968985102,0.31504326974940694,0.44667260056074215,0.23828412968985102,0.31504326974940694,0.44667260056074215,0.23828412968985102,0.31504326974940694,0.44667260056074215,0.23828412968985102,0.31504326974940694,False
2021,2020-10-17,M'gladbach,Wolfsburg,1,False,0,0.23418870629610056,0.2727993241974086,0.49301196950649084,0.23418870629610056,0.2727993241974086,0.49301196950649084,0.23418870629610056,0.2727993241974086,0.49301196950649084,0.23418870629610056,0.2727993241974086,0.49301196950649084,False
2021,2020-10-17,Mainz,Leverkusen,0,False,0,0.49149012130627867,0.2564041197288006,0.2521057589649208,0.49149012130627867,0.2564041197288006,0.2521057589649208,0.49149012130627867,0.2564041197288006,0.2521057589649208,0.49149012130627867,0.2564041197288006,0.2521057589649208,False
2021,2020-10-18,FC Koln,Ein Frankfurt,1,False,0,0.4198183361186625,0.2515694856460413,0.3286121782352963,0.4198183361186625,0.2515694856460413,0.3286121782352963,0.4198183361186625,0.2515694856460413,0.3286121782352963,0.4198183361186625,0.2515694856460413,0.3286121782352963,False
2021,2020-10-18,Schalke 04,Union Berlin,1,False,0,0.27093006938721786,0.2994065650002657,0.4296633656125164,0.27093006938721786,0.2994065650002657,0.4296633656125164,0.27093006938721786,0.2994065650002657,0.4296633656125164,0.27093006938721786,0.2994065650002657,0.4296633656125164,False
2021,2020-10-23,Stuttgart,FC Koln,1,True,5,0.3538856843001303,0.2873460964049317,0.358768219294938,0.25336377530309057,0.12357519324699541,0.6230610314499141,0.29357253890190643,0.18908355451016992,0.5173439065879237,0.2673735711307484,0.2555544091431424,0.47707201972610924,True
2021,2020-10-24,Union Berlin,Freiburg,1,False,0,0.34080536795020416,0.2971440302807766,0.3620506017690193,0.34080536795020416,0.2971440302807766,0.3620506017690193,0.34080536795020416,0.2971440302807766,0.3620506017690193,0.34080536795020416,0.2971440302807766,0.3620506017690193,False
2021,2020-10-24,RB Leipzig,Hertha,2,False,0,0.12922725035224453,0.2052380391658785,0.665534710481877,0.12922725035224453,0.2052380391658785,0.665534710481877,0.12922725035224453,0.2052380391658785,0.665534710481877,0.12922725035224453,0.2052380391658785,0.665534710481877,False
2021,2020-10-24,Bayern Munich,Ein Frankfurt,2,False,0,0.06696307701082649,0.13471724569613944,0.7983196772930342,0.06696307701082649,0.13471724569613944,0.7983196772930342,0.06696307701082649,0.13471724569613944,0.7983196772930342,0.06696307701082649,0.13471724569613944,0.7983196772930342,False
2021,2020-10-24,Dortmund,Schalke 04,2,False,0,0.11112782559035281,0.18938616762134985,0.6994860067882973,0.11112782559035281,0.18938616762134985,0.6994860067882973,0.11112782559035281,0.18938616762134985,0.6994860067882973,0.11112782559035281,0.18938616762134985,0.6994860067882973,False
2021,2020-10-24,Mainz,M'gladbach,0,False,0,0.47192328048142307,0.2731908519873173,0.25488586753125964,0.47192328048142307,0.2731908519873173,0.25488586753125964,0.47192328048142307,0.2731908519873173,0.25488586753125964,0.47192328048142307,0.2731908519873173,0.25488586753125964,False
2021,2020-10-25,Werder Bremen,Hoffenheim,1,False,0,0.43458991236789635,0.2554385277828793,0.30997155984922453,0.43458991236789635,0.2554385277828793,0.30997155984922453,0.43458991236789635,0.2554385277828793,0.30997155984922453,0.43458991236789635,0.2554385277828793,0.30997155984922453,False
2021,2020-10-25,Wolfsburg,Bielefeld,2,True,5,0.3,0.26,0.44,0.24117780668944835,0.11508615144713454,0.6437360418634172,0.26470668401366904,0.17305169086828073,0.5622416251180503,0.25667911675842336,0.27975066547119987,0.4635702177703768,True
2021,2020-10-26,Leverkusen,Augsburg,2,False,0,0.16043020121396676,0.2115935657026608,0.6279762330833726,0.16043020121396676,0.2115935657026608,0.6279762330833726,0.16043020121396676,0.2115935657026608,0.6279762330833726,0.16043020121396676,0.2115935657026608,0.6279762330833726,False
2021,2020-10-30,Schalke 04,Stuttgart,1,True,6,0.23516329304638492,0.30909616412882374,0.45574054282479126,0.23516329304638492,0.30909616412882374,0.45574054282479126,0.2874085589989875,0.26067086063993905,0.45192058036107347,0.3224796048438133,0.2995369118785507,0.3779834832776361,False
2021,2020-10-31,Augsburg,Mainz,2,False,0,0.3061587906465709,0.2730633229848722,0.42077788636855695,0.3061587906465709,0.2730633229848722,0.42077788636855695,0.3061587906465709,0.2730633229848722,0.42077788636855695,0.3061587906465709,0.2730633229848722,0.42077788636855695,False
2021,2020-10-31,Bielefeld,Dortmund,0,True,6,0.3,0.26,0.44,0.3,0.26,0.44,0.4369149857168202,0.20260317648373372,0.3604818377994461,0.5642874291637692,0.23159387002046514,0.20411870081576566,False
2021,2020-10-31,FC Koln,Bayern Munich,0,False,0,0.7961712760002703,0.13295284722115291,0.0708758767785768,0.7961712760002703,0.13295284722115291,0.0708758767785768,0.7961712760002703,0.13295284722115291,0.0708758767785768,0.7961712760002703,0.13295284722115291,0.0708758767785768,False
2021,2020-10-31,M'gladbach,RB Leipzig,2,False,0,0.4056490315210147,0.2766796954195608,0.3176712730594245,0.4056490315210147,0.2766796954195608,0.3176712730594245,0.4056490315210147,0.2766796954195608,0.3176712730594245,0.4056490315210147,0.2766796954195608,0.3176712730594245,False
2021,2020-10-31,Ein Frankfurt,Werder Bremen,1,False,0,0.2569891088267865,0.2536605677701178,0.4893503234030958,0.2569891088267865,0.2536605677701178,0.4893503234030958,0.2569891088267865,0.2536605677701178,0.4893503234030958,0.2569891088267865,0.2536605677701178,0.4893503234030958,False
2021,2020-11-01,Freiburg,Leverkusen,0,False,0,0.4552501092610836,0.2678038302812295,0.27694606045768694,0.4552501092610836,0.2678038302812295,0.27694606045768694,0.4552501092610836,0.2678038302812295,0.27694606045768694,0.4552501092610836,0.2678038302812295,0.27694606045768694,False
2021,2020-11-01,Hertha,Wolfsburg,1,False,0,0.3477162513422452,0.28663219368820875,0.3656515549695461,0.3477162513422452,0.28663219368820875,0.3656515549695461,0.3477162513422452,0.28663219368820875,0.3656515549695461,0.3477162513422452,0.28663219368820875,0.3656515549695461,False
2021,2020-11-02,Hoffenheim,Union Berlin,0,False,0,0.16300798068596387,0.22408816407960094,0.6129038552344352,0.16300798068596387,0.22408816407960094,0.6129038552344352,0.16300798068596387,0.22408816407960094,0.6129038552344352,0.16300798068596387,0.22408816407960094,0.6129038552344352,False
2021,2020-11-06,Werder Bremen,FC Koln,1,False,0,0.2680391106865599,0.24723686683184737,0.4847240224815927,0.2680391106865599,0.24723686683184737,0.4847240224815927,0.2680391106865599,0.24723686683184737,0.4847240224815927,0.2680391106865599,0.24723686683184737,0.4847240224815927,False
2021,2020-11-07,RB Leipzig,Freiburg,2,False,0,0.12309258326720421,0.2087179393302346,0.6681894774025612,0.12309258326720421,0.2087179393302346,0.6681894774025612,0.12309258326720421,0.2087179393302346,0.6681894774025612,0.12309258326720421,0.2087179393302346,0.6681894774025612,False
2021,2020-11-07,Stuttgart,Ein Frankfurt,1,True,7,0.4473326320763775,0.2875504653467391,0.2651169025768835,0.4473326320763775,0.2875504653467391,0.2651169025768835,0.4126600390719285,0.2749866136328726,0.31235334729519904,0.361107353661261,0.2741653702353145,0.3647272761034245,False
2021,2020-11-07,Union Berlin,Bielefeld,2,True,7,0.3,0.26,0.44,0.3,0.26,0.44,0.29335377431551324,0.21491973473692827,0.4917264909475585,0.35350795088258496,0.29260687067280033,0.3538851784446148,False
2021,2020-11-07,Mainz,Schalke 04,1,False,0,0.3088467654827903,0.2973023184624784,0.3938509160547313,0.3088467654827903,0.2973023184624784,0.3938509160547313,0.3088467654827903,0.2973023184624784,0.3938509160547313,0.3088467654827903,0.2973023184624784,0.3938509160547313,False
2021,2020-11-07,Augsburg,Hertha,0,False,0,0.34864196939156666,0.27325826743197495,0.37809976317645827,0.34864196939156666,0.27325826743197495,0.37809976317645827,0.34864196939156666,0.27325826743197495,0.37809976317645827,0.34864196939156666,0.27325826743197495,0.37809976317645827,False
2021,2020-11-07,Dortmund,Bayern Munich,0,False,0,0.5095680304654508,0.2349542382459156,0.2554777312886336,0.5095680304654508,0.2349542382459156,0.2554777312886336,0.5095680304654508,0.2349542382459156,0.2554777312886336,0.5095680304654508,0.2349542382459156,0.2554777312886336,False
2021,2020-11-08,Leverkusen,M'gladbach,2,False,0,0.30181360298627025,0.26612261773430346,0.4320637792794264,0.30181360298627025,0.26612261773430346,0.4320637792794264,0.30181360298627025,0.26612261773430346,0.4320637792794264,0.30181360298627025,0.26612261773430346,0.4320637792794264,False
2021,2020-11-08,Wolfsburg,Hoffenheim,2,False,0,0.37329982678572304,0.2705197899221686,0.3561803832921084,0.37329982678572304,0.2705197899221686,0.3561803832921084,0.37329982678572304,0.2705197899221686,0.3561803832921084,0.37329982678572304,0.2705197899221686,0.3561803832921084,False
2021,2020-11-21,Schalke 04,Wolfsburg,0,False,0,0.3675500468635957,0.3038131532655779,0.32863679987082633,0.3675500468635957,0.3038131532655779,0.32863679987082633,0.3675500468635957,0.3038131532655779,0.32863679987082633,0.3675500468635957,0.3038131532655779,0.32863679987082633,False
2021,2020-11-21,M'gladbach,Augsburg,1,False,0,0.16623343042745098,0.2299852948347998,0.6037812747377492,0.16623343042745098,0.2299852948347998,0.6037812747377492,0.16623343042745098,0.2299852948347998,0.6037812747377492,0.16623343042745098,0.2299852948347998,0.6037812747377492,False
2021,2020-11-21,Hertha,Dortmund,0,False,0,0.565586882248351,0.2284186026862665,0.20599451506538258,0.565586882248351,0.2284186026862665,0.20599451506538258,0.565586882248351,0.2284186026862665,0.20599451506538258,0.565586882248351,0.2284186026862665,0.20599451506538258,False
2021,2020-11-21,Hoffenheim,Stuttgart,1,True,8,0.13888551749766576,0.22525446097611754,0.6358600215262167,0.13888551749766576,0.22525446097611754,0.6358600215262167,0.15982878085414082,0.18611282436274917,0.65405839478311,0.20484293305810897,0.2381556301206564,0.5570014368212346,False
2021,2020-11-21,Bielefeld,Leverkusen,0,True,8,0.3,0.26,0.44,0.3,0.26,0.44,0.3708610387498601,0.2309850970389542,0.3981538642111857,0.44682153502210376,0.2649908489428937,0.2881876160350027,False
2021,2020-11-21,Bayern Munich,Werder Bremen,1,False,0,0.04934281370531062,0.1147220481261511,0.8359351381685384,0.04934281370531062,0.1147220481261511,0.8359351381685384,0.04934281370531062,0.1147220481261511,0.8359351381685384,0.04934281370531062,0.1147220481261511,0.8359351381685384,False
2021,2020-11-21,Ein Frankfurt,RB Leipzig,1,False,0,0.49401526926601413,0.2534004488244196,0.2525842819095663,0.49401526926601413,0.2534004488244196,0.2525842819095663,0.49401526926601413,0.2534004488244196,0.2525842819095663,0.49401526926601413,0.2534004488244196,0.2525842819095663,False
2021,2020-11-22,FC Koln,Union Berlin,0,False,0,0.2940692745210504,0.26624256989953315,0.43968815557941643,0.2940692745210504,0.26624256989953315,0.43968815557941643,0.2940692745210504,0.26624256989953315,0.43968815557941643,0.2940692745210504,0.26624256989953315,0.43968815557941643,False
2021,2020-11-22,Freiburg,Mainz,0,False,0,0.275405643285468,0.2833448775931108,0.4412494791214213,0.275405643285468,0.2833448775931108,0.4412494791214213,0.275405643285468,0.2833448775931108,0.4412494791214213,0.275405643285468,0.2833448775931108,0.4412494791214213,False
2021,2020-11-27,Wolfsburg,Werder Bremen,2,False,0,0.2587706174084083,0.2713685715264046,0.46986081106518707,0.2587706174084083,0.2713685715264046,0.46986081106518707,0.2587706174084083,0.2713685715264046,0.46986081106518707,0.2587706174084083,0.2713685715264046,0.46986081106518707,False
2021,2020-11-28,Stuttgart,Bayern Munich,0,True,9,0.7849578734722673,0.15367812251534402,0.06136400401238877,0.7849578734722673,0.15367812251534402,0.06136400401238877,0.7856310918349647,0.13560115582867413,0.07876775233636119,0.7290408313280239,0.17542681440166435,0.0955323542703118,False
2021,2020-11-28,Union Berlin,Ein Frankfurt,1,False,0,0.4169196004542406,0.2768587716879829,0.3062216278577766,0.4169196004542406,0.2768587716879829,0.3062216278577766,0.4169196004542406,0.2768587716879829,0.3062216278577766,0.4169196004542406,0.2768587716879829,0.3062216278577766,False
2021,2020-11-28,RB Leipzig,Bielefeld,2,True,9,0.3,0.26,0.44,0.3,0.26,0.44,0.26161053446860405,0.21800000000000003,0.5203894655313959,0.12849819529616183,0.2084493810189693,0.6630524236848689,False
2021,2020-11-28,Dortmund,FC Koln,0,False,0,0.09444928841932164,0.14601561068009464,0.7595351009005837,0.09444928841932164,0.14601561068009464,0.7595351009005837,0.09444928841932164,0.14601561068009464,0.7595351009005837,0.09444928841932164,0.14601561068009464,0.7595351009005837,False
2021,2020-11-28,M'gladbach,Schalke 04,2,False,0,0.17638339731064434,0.2595316290713176,0.5640849736180381,0.17638339731064434,0.2595316290713176,0.5640849736180381,0.17638339731064434,0.2595316290713176,0.5640849736180381,0.17638339731064434,0.2595316290713176,0.5640849736180381,False
2021,2020-11-28,Augsburg,Freiburg,1,False,0,0.331721985910542,0.28111707314487755,0.3871609409445805,0.331721985910542,0.28111707314487755,0.3871609409445805,0.331721985910542,0.28111707314487755,0.3871609409445805,0.331721985910542,0.28111707314487755,0.3871609409445805,False
2021,2020-11-29,Leverkusen,Hertha,1,False,0,0.19241552888861088,0.23313523161836117,0.5744492394930278,0.19241552888861088,0.23313523161836117,0.5744492394930278,0.19241552888861088,0.23313523161836117,0.5744492394930278,0.19241552888861088,0.23313523161836117,0.5744492394930278,False
2021,2020-11-29,Mainz,Hoffenheim,1,False,0,0.47454759430334015,0.25616122065635083,0.269291185040309,0.47454759430334015,0.25616122065635083,0.269291185040309,0.47454759430334015,0.25616122065635083,0.269291185040309,0.47454759430334015,0.25616122065635083,0.269291185040309,False
2021,2020-12-04,Hertha,Union Berlin,2,False,0,0.24952920939027,0.2758844298768993,0.47458636073283067,0.24952920939027,0.2758844298768993,0.47458636073283067,0.24952920939027,0.2758844298768993,0.47458636073283067,0.24952920939027,0.2758844298768993,0.47458636073283067,False
2021,2020-12-05,Freiburg,M'gladbach,1,False,0,0.43723489199692134,0.2842354722596981,0.2785296357433806,0.43723489199692134,0.2842354722596981,0.2785296357433806,0.43723489199692134,0.2842354722596981,0.2785296357433806,0.43723489199692134,0.2842354722596981,0.2785296357433806,False
2021,2020-12-05,Ein Frankfurt,Dortmund,1,False,0,0.512625385704926,0.2344182117497564,0.2529564025453177,0.512625385704926,0.2344182117497564,0.2529564025453177,0.512625385704926,0.2344182117497564,0.2529564025453177,0.512625385704926,0.2344182117497564,0.2529564025453177,False
2021,2020-12-05,FC Koln,Wolfsburg,1,False,0,0.4041892761902813,0.26794468529856297,0.3278660385111558,0.4041892761902813,0.26794468529856297,0.3278660385111558,0.4041892761902813,0.26794468529856297,0.3278660385111558,0.4041892761902813,0.26794468529856297,0.3278660385111558,False
2021,2020-12-05,Bayern Munich,RB Leipzig,1,False,0,0.16107245341647544,0.21715236659458545,0.6217751799889392,0.16107245341647544,0.21715236659458545,0.6217751799889392,0.16107245341647544,0.21715236659458545,0.6217751799889392,0.16107245341647544,0.21715236659458545,0.6217751799889392,False
2021,2020-12-05,Bielefeld,Mainz,2,True,10,0.3,0.26,0.44,0.3,0.26,0.44,0.2988134159540052,0.24915163408872262,0.4520349499572722,0.2668632785668171,0.2767681795432549,0.45636854188992804,False
2021,2020-12-06,Schalke 04,Leverkusen,0,False,0,0.4659807977408067,0.2736140745581707,0.26040512770102264,0.4659807977408067,0.2736140745581707,0.26040512770102264,0.4659807977408067,0.2736140745581707,0.26040512770102264,0.4659807977408067,0.2736140745581707,0.26040512770102264,False
2021,2020-12-06,Werder Bremen,Stuttgart,0,True,10,0.21694568930692668,0.27877081159222616,0.504283499100847,0.21694568930692668,0.27877081159222616,0.504283499100847,0.2247296957177153,0.26666267045140657,0.508607633830878,0.30411183978407197,0.27529228661395133,0.4205958736019766,False
2021,2020-12-07,Hoffenheim,Augsburg,2,False,0,0.17311696913041863,0.2143862786079823,0.6124967522615992,0.17311696913041863,0.2143862786079823,0.6124967522615992,0.17311696913041863,0.2143862786079823,0.6124967522615992,0.17311696913041863,0.2143862786079823,0.6124967522615992,False
2021,2020-12-11,Wolfsburg,Ein Frankfurt,2,False,0,0.3096572703881816,0.275221428005512,0.41512130160630645,0.3096572703881816,0.275221428005512,0.41512130160630645,0.3096572703881816,0.275221428005512,0.41512130160630645,0.3096572703881816,0.275221428005512,0.41512130160630645,False
2021,2020-12-12,RB Leipzig,Werder Bremen,2,False,0,0.1274069327058695,0.19972167967736934,0.6728713876167611,0.1274069327058695,0.19972167967736934,0.6728713876167611,0.1274069327058695,0.19972167967736934,0.6728713876167611,0.1274069327058695,0.19972167967736934,0.6728713876167611,False
2021,2020-12-12,Union Berlin,Bayern Munich,1,False,0,0.7726658818152327,0.15506835007920786,0.07226576810555939,0.7726658818152327,0.15506835007920786,0.07226576810555939,0.7726658818152327,0.15506835007920786,0.07226576810555939,0.7726658818152327,0.15506835007920786,0.07226576810555939,False
2021,2020-12-12,Mainz,FC Koln,0,False,0,0.30550367169176473,0.2607904272529422,0.43370590105529316,0.30550367169176473,0.2607904272529422,0.43370590105529316,0.30550367169176473,0.2607904272529422,0.43370590105529316,0.30550367169176473,0.2607904272529422,0.43370590105529316,False
2021,2020-12-12,M'gladbach,Hertha,1,False,0,0.19724527271902162,0.2510570195056536,0.5516977077753249,0.19724527271902162,0.2510570195056536,0.5516977077753249,0.19724527271902162,0.2510570195056536,0.5516977077753249,0.19724527271902162,0.2510570195056536,0.5516977077753249,False
2021,2020-12-12,Freiburg,Bielefeld,2,True,11,0.3,0.26,0.44,0.3,0.26,0.44,0.3,0.26,0.44,0.3106619872670491,0.2894308510883364,0.3999071616446146,False
2021,2020-12-12,Dortmund,Stuttgart,0,True,11,0.07990658881231692,0.1662827582599321,0.753810652927751,0.07990658881231692,0.1662827582599321,0.753810652927751,0.07990658881231692,0.1662827582599321,0.753810652927751,0.12387477471130587,0.1873784173800611,0.6887468079086331,False
2021,2020-12-13,Augsburg,Schalke 04,1,False,0,0.3125728411152898,0.2887613664633199,0.39866579242139044,0.3125728411152898,0.2887613664633199,0.39866579242139044,0.3125728411152898,0.2887613664633199,0.39866579242139044,0.3125728411152898,0.2887613664633199,0.39866579242139044,False
2021,2020-12-13,Leverkusen,Hoffenheim,2,False,0,0.2943872611346173,0.24554932379241728,0.46006341507296555,0.2943872611346173,0.24554932379241728,0.46006341507296555,0.2943872611346173,0.24554932379241728,0.46006341507296555,0.2943872611346173,0.24554932379241728,0.46006341507296555,False
2021,2020-12-15,Ein Frankfurt,M'gladbach,1,False,0,0.37971185659946843,0.2731139556115478,0.34717418778898385,0.37971185659946843,0.2731139556115478,0.34717418778898385,0.37971185659946843,0.2731139556115478,0.34717418778898385,0.37971185659946843,0.2731139556115478,0.34717418778898385,False
2021,2020-12-15,Hertha,Mainz,1,False,0,0.26551789979748314,0.27233896345855735,0.46214313674395946,0.26551789979748314,0.27233896345855735,0.46214313674395946,0.26551789979748314,0.27233896345855735,0.46214313674395946,0.26551789979748314,0.27233896345855735,0.46214313674395946,False
2021,2020-12-15,Stuttgart,Union Berlin,1,True,12,0.3281133068054794,0.3149758274743387,0.3569108657201819,0.3281133068054794,0.3149758274743387,0.3569108657201819,0.3281133068054794,0.3149758274743387,0.3569108657201819,0.2509118773173532,0.2804469067222601,0.46864121596038666,False
2021,2020-12-15,Werder Bremen,Dortmund,0,False,0,0.5721494596632944,0.22344866502260732,0.2044018753140982,0.5721494596632944,0.22344866502260732,0.2044018753140982,0.5721494596632944,0.22344866502260732,0.2044018753140982,0.5721494596632944,0.22344866502260732,0.2044018753140982,False
2021,2020-12-16,Bayern Munich,Wolfsburg,2,False,0,0.06917117042754917,0.14974845895661837,0.7810803706158325,0.06917117042754917,0.14974845895661837,0.7810803706158325,0.06917117042754917,0.14974845895661837,0.7810803706158325,0.06917117042754917,0.14974845895661837,0.7810803706158325,False
2021,2020-12-16,Bielefeld,Augsburg,0,True,12,0.3,0.26,0.44,0.3,0.26,0.44,0.3,0.26,0.44,0.26796128844465494,0.2680748898429956,0.4639638217123495,False
2021,2020-12-16,FC Koln,Leverkusen,0,False,0,0.513682874343045,0.2354005636930736,0.2509165619638814,0.513682874343045,0.2354005636930736,0.2509165619638814,0.513682874343045,0.2354005636930736,0.2509165619638814,0.513682874343045,0.2354005636930736,0.2509165619638814,False
2021,2020-12-16,Hoffenheim,RB Leipzig,0,False,0,0.43192438644218223,0.25642998097274605,0.3116456325850717,0.43192438644218223,0.25642998097274605,0.3116456325850717,0.43192438644218223,0.25642998097274605,0.3116456325850717,0.43192438644218223,0.25642998097274605,0.3116456325850717,False
2021,2020-12-16,Schalke 04,Freiburg,0,False,0,0.3107458361662958,0.3035432662559416,0.38571089757776256,0.3107458361662958,0.3035432662559416,0.38571089757776256,0.3107458361662958,0.3035432662559416,0.38571089757776256,0.3107458361662958,0.3035432662559416,0.38571089757776256,False
2021,2020-12-18,Union Berlin,Dortmund,2,False,0,0.6209802611472891,0.21725060881757502,0.16176913003513588,0.6209802611472891,0.21725060881757502,0.16176913003513588,0.6209802611472891,0.21725060881757502,0.16176913003513588,0.6209802611472891,0.21725060881757502,0.16176913003513588,False
2021,2020-12-19,Schalke 04,Bielefeld,0,True,13,0.3,0.26,0.44,0.3,0.26,0.44,0.3,0.26,0.44,0.3224796048438133,0.2995369118785507,0.3779834832776361,False
2021,2020-12-19,RB Leipzig,FC Koln,1,False,0,0.10017187750906935,0.1659706396582816,0.7338574828326491,0.10017187750906935,0.1659706396582816,0.7338574828326491,0.10017187750906935,0.1659706396582816,0.7338574828326491,0.10017187750906935,0.1659706396582816,0.7338574828326491,False
2021,2020-12-19,Mainz,Werder Bremen,0,False,0,0.34443802857171507,0.2771747638708772,0.37838720755740773,0.34443802857171507,0.2771747638708772,0.37838720755740773,0.34443802857171507,0.2771747638708772,0.37838720755740773,0.34443802857171507,0.2771747638708772,0.37838720755740773,False
2021,2020-12-19,M'gladbach,Hoffenheim,0,False,0,0.29645849956521914,0.261238771987424,0.4423027284473568,0.29645849956521914,0.261238771987424,0.4423027284473568,0.29645849956521914,0.261238771987424,0.4423027284473568,0.29645849956521914,0.261238771987424,0.4423027284473568,False
2021,2020-12-19,Leverkusen,Bayern Munich,0,False,0,0.6105437923069006,0.21555067540569373,0.17390553228740568,0.6105437923069006,0.21555067540569373,0.17390553228740568,0.6105437923069006,0.21555067540569373,0.17390553228740568,0.6105437923069006,0.21555067540569373,0.17390553228740568,False
2021,2020-12-19,Augsburg,Ein Frankfurt,0,False,0,0.40907503259625644,0.2633129000598788,0.3276120673438647,0.40907503259625644,0.2633129000598788,0.3276120673438647,0.40907503259625644,0.2633129000598788,0.3276120673438647,0.40907503259625644,0.2633129000598788,0.3276120673438647,False
2021,2020-12-20,Freiburg,Hertha,2,False,0,0.3143356925472998,0.2856921107628351,0.3999721966898651,0.3143356925472998,0.2856921107628351,0.3999721966898651,0.3143356925472998,0.2856921107628351,0.3999721966898651,0.3143356925472998,0.2856921107628351,0.3999721966898651,False
2021,2020-12-20,Wolfsburg,Stuttgart,2,True,13,0.18156085288680243,0.27683190709271477,0.5416072400204828,0.18156085288680243,0.27683190709271477,0.5416072400204828,0.18156085288680243,0.27683190709271477,0.5416072400204828,0.25667911675842336,0.27975066547119987,0.4635702177703768,False
2021,2021-01-02,Werder Bremen,Union Berlin,0,False,0,0.25168321690798506,0.27172680439655345,0.47658997869546155,0.25168321690798506,0.27172680439655345,0.47658997869546155,0.25168321690798506,0.27172680439655345,0.47658997869546155,0.25168321690798506,0.27172680439655345,0.47658997869546155,False
2021,2021-01-02,Stuttgart,RB Leipzig,0,True,14,0.6189536978620511,0.23991546322843654,0.1411308389095124,0.6189536978620511,0.23991546322843654,0.1411308389095124,0.6189536978620511,0.23991546322843654,0.1411308389095124,0.5427098459618014,0.25162192870942107,0.2056682253287775,False
2021,2021-01-02,Hoffenheim,Freiburg,0,False,0,0.1963439154293113,0.23935952883828066,0.564296555732408,0.1963439154293113,0.23935952883828066,0.564296555732408,0.1963439154293113,0.23935952883828066,0.564296555732408,0.1963439154293113,0.23935952883828066,0.564296555732408,False
2021,2021-01-02,Hertha,Schalke 04,2,False,0,0.2727661806841612,0.28927404443854,0.43795977487729887,0.2727661806841612,0.28927404443854,0.43795977487729887,0.2727661806841612,0.28927404443854,0.43795977487729887,0.2727661806841612,0.28927404443854,0.43795977487729887,False
2021,2021-01-02,FC Koln,Augsburg,0,False,0,0.3146619276717518,0.253387771114579,0.4319503012136692,0.3146619276717518,0.253387771114579,0.4319503012136692,0.3146619276717518,0.253387771114579,0.4319503012136692,0.3146619276717518,0.253387771114579,0.4319503012136692,False
2021,2021-01-02,Ein Frankfurt,Leverkusen,2,False,0,0.3943357182557091,0.2580271996360461,0.34763708210824473,0.3943357182557091,0.2580271996360461,0.34763708210824473,0.3943357182557091,0.2580271996360461,0.34763708210824473,0.3943357182557091,0.2580271996360461,0.34763708210824473,False
2021,2021-01-02,Bielefeld,M'gladbach,0,True,14,0.3,0.26,0.44,0.3,0.26,0.44,0.3,0.26,0.44,0.42930395528907994,0.2811555446172525,0.2895405000936675,False
2021,2021-01-03,Bayern Munich,Mainz,2,False,0,0.03981251721123012,0.10436182041993232,0.8558256623688376,0.03981251721123012,0.10436182041993232,0.8558256623688376,0.03981251721123012,0.10436182041993232,0.8558256623688376,0.03981251721123012,0.10436182041993232,0.8558256623688376,False
2021,2021-01-03,Dortmund,Wolfsburg,2,False,0,0.15677476215299535,0.21249905952557488,0.6307261783214299,0.15677476215299535,0.21249905952557488,0.6307261783214299,0.15677476215299535,0.21249905952557488,0.6307261783214299,0.15677476215299535,0.21249905952557488,0.6307261783214299,False
2021,2021-01-08,M'gladbach,Bayern Munich,2,False,0,0.5994015230508958,0.22936474347258967,0.1712337334765145,0.5994015230508958,0.22936474347258967,0.1712337334765145,0.5994015230508958,0.22936474347258967,0.1712337334765145,0.5994015230508958,0.22936474347258967,0.1712337334765145,False
2021,2021-01-09,Union Berlin,Wolfsburg,1,False,0,0.4007688172757566,0.2940604206041769,0.30517076212006655,0.4007688172757566,0.2940604206041769,0.30517076212006655,0.4007688172757566,0.2940604206041769,0.30517076212006655,0.4007688172757566,0.2940604206041769,0.30517076212006655,False
2021,2021-01-09,Schalke 04,Hoffenheim,2,False,0,0.44979389477831466,0.27280058416118885,0.2774055210604965,0.44979389477831466,0.27280058416118885,0.2774055210604965,0.44979389477831466,0.27280058416118885,0.2774055210604965,0.44979389477831466,0.27280058416118885,0.2774055210604965,False
2021,2021-01-09,Mainz,Ein Frankfurt,0,False,0,0.40313853116514575,0.27163187037167985,0.3252295984631744,0.40313853116514575,0.27163187037167985,0.3252295984631744,0.40313853116514575,0.27163187037167985,0.3252295984631744,0.40313853116514575,0.27163187037167985,0.3252295984631744,False
2021,2021-01-09,Leverkusen,Werder Bremen,1,False,0,0.1908408663846723,0.22801067509227768,0.58114845852305,0.1908408663846723,0.22801067509227768,0.58114845852305,0.1908408663846723,0.22801067509227768,0.58114845852305,0.1908408663846723,0.22801067509227768,0.58114845852305,False
2021,2021-01-09,Freiburg,FC Koln,2,False,0,0.2766739829919415,0.2621556472494296,0.46117036975862896,0.2766739829919415,0.2621556472494296,0.46117036975862896,0.2766739829919415,0.2621556472494296,0.46117036975862896,0.2766739829919415,0.2621556472494296,0.46117036975862896,False
2021,2021-01-09,RB Leipzig,Dortmund,0,False,0,0.3141907081707906,0.2505547406552731,0.4352545511739364,0.3141907081707906,0.2505547406552731,0.4352545511739364,0.3141907081707906,0.2505547406552731,0.4352545511739364,0.3141907081707906,0.2505547406552731,0.4352545511739364,False
2021,2021-01-10,Augsburg,Stuttgart,0,True,15,0.24914609590624753,0.28730545420216097,0.4635484498915916,0.24914609590624753,0.28730545420216097,0.4635484498915916,0.24914609590624753,0.28730545420216097,0.4635484498915916,0.3444696735152765,0.27703585091257144,0.378494475572152,False
2021,2021-01-10,Bielefeld,Hertha,2,True,15,0.3,0.26,0.44,0.3,0.26,0.44,0.3,0.26,0.44,0.3056570719058267,0.2800357433833649,0.4143071847108085,False
2021,2021-01-15,Union Berlin,Leverkusen,2,False,0,0.5042739122640335,0.2592663267456065,0.23645976099036012,0.5042739122640335,0.2592663267456065,0.23645976099036012,0.5042739122640335,0.2592663267456065,0.23645976099036012,0.5042739122640335,0.2592663267456065,0.23645976099036012,False
2021,2021-01-16,Dortmund,Mainz,1,False,0,0.10153261424287384,0.1684260876848887,0.7300412980722375,0.10153261424287384,0.1684260876848887,0.7300412980722375,0.10153261424287384,0.1684260876848887,0.7300412980722375,0.10153261424287384,0.1684260876848887,0.7300412980722375,False
2021,2021-01-16,FC Koln,Hertha,1,False,0,0.3570557556891085,0.2617059063482093,0.38123833796268214,0.3570557556891085,0.2617059063482093,0.38123833796268214,0.3570557556891085,0.2617059063482093,0.38123833796268214,0.3570557556891085,0.2617059063482093,0.38123833796268214,False
2021,2021-01-16,Hoffenheim,Bielefeld,1,True,16,0.3,0.26,0.44,0.3,0.26,0.44,0.3,0.26,0.44,0.20484293305810897,0.2381556301206564,0.5570014368212346,False
2021,2021-01-16,Stuttgart,M'gladbach,1,True,16,0.5102807713347166,0.28310986204616523,0.20660936661911813,0.5102807713347166,0.28310986204616523,0.20660936661911813,0.5102807713347166,0.28310986204616523,0.20660936661911813,0.42930395528907994,0.2811555446172525,0.2895405000936675,False
2021,2021-01-16,Werder Bremen,Augsburg,2,False,0,0.2688720660245142,0.25961565450603435,0.47151227946945146,0.2688720660245142,0.25961565450603435,0.47151227946945146,0.2688720660245142,0.25961565450603435,0.47151227946945146,0.2688720660245142,0.25961565450603435,0.47151227946945146,False
2021,2021-01-16,Wolfsburg,RB Leipzig,1,False,0,0.48477936901449675,0.26906084219733206,0.24615978878817119,0.48477936901449675,0.26906084219733206,0.24615978878817119,0.48477936901449675,0.26906084219733206,0.24615978878817119,0.48477936901449675,0.26906084219733206,0.24615978878817119,False
2021,2021-01-17,Ein Frankfurt,Schalke 04,2,False,0,0.23032904400188864,0.2690528688739342,0.5006180871241771,0.23032904400188864,0.2690528688739342,0.5006180871241771,0.23032904400188864,0.2690528688739342,0.5006180871241771,0.23032904400188864,0.2690528688739342,0.5006180871241771,False
2021,2021-01-17,Bayern Munich,Freiburg,2,False,0,0.04890437109230447,0.12248715200106852,0.8286084769066271,0.04890437109230447,0.12248715200106852,0.8286084769066271,0.04890437109230447,0.12248715200106852,0.8286084769066271,0.04890437109230447,0.12248715200106852,0.8286084769066271,False
2021,2021-01-19,Leverkusen,Dortmund,2,False,0,0.42254326520403446,0.24396409923938508,0.3334926355565805,0.42254326520403446,0.24396409923938508,0.3334926355565805,0.42254326520403446,0.24396409923938508,0.3334926355565805,0.42254326520403446,0.24396409923938508,0.3334926355565805,False
2021,2021-01-19,M'gladbach,Werder Bremen,2,False,0,0.1958817005088846,0.24585722343490665,0.5582610760562087,0.1958817005088846,0.24585722343490665,0.5582610760562087,0.1958817005088846,0.24585722343490665,0.5582610760562087,0.1958817005088846,0.24585722343490665,0.5582610760562087,False
2021,2021-01-19,Hertha,Hoffenheim,0,False,0,0.4296661083577662,0.25990542232140157,0.31042846932083223,0.4296661083577662,0.25990542232140157,0.31042846932083223,0.4296661083577662,0.25990542232140157,0.31042846932083223,0.4296661083577662,0.25990542232140157,0.31042846932083223,False
2021,2021-01-19,Mainz,Wolfsburg,0,False,0,0.38791356949708466,0.28846065597113046,0.3236257745317849,0.38791356949708466,0.28846065597113046,0.3236257745317849,0.38791356949708466,0.28846065597113046,0.3236257745317849,0.38791356949708466,0.28846065597113046,0.3236257745317849,False
2021,2021-01-20,RB Leipzig,Union Berlin,2,False,0,0.09958530651726458,0.18918841655791904,0.7112262769248164,0.09958530651726458,0.18918841655791904,0.7112262769248164,0.09958530651726458,0.18918841655791904,0.7112262769248164,0.09958530651726458,0.18918841655791904,0.7112262769248164,False
2021,2021-01-20,Freiburg,Ein Frankfurt,1,False,0,0.3699953625508264,0.27861868755179897,0.3513859498973747,0.3699953625508264,0.27861868755179897,0.3513859498973747,0.3699953625508264,0.27861868755179897,0.3513859498973747,0.3699953625508264,0.27861868755179897,0.3513859498973747,False
2021,2021-01-20,Schalke 04,FC Koln,0,False,0,0.2900107074434928,0.273531116299718,0.4364581762567893,0.2900107074434928,0.273531116299718,0.4364581762567893,0.2900107074434928,0.273531116299718,0.4364581762567893,0.2900107074434928,0.273531116299718,0.4364581762567893,False
2021,2021-01-20,Augsburg,Bayern Munich,0,False,0,0.7783160282256454,0.1465085791574782,0.07517539261687642,0.7783160282256454,0.1465085791574782,0.07517539261687642,0.7783160282256454,0.1465085791574782,0.07517539261687642,0.7783160282256454,0.1465085791574782,0.07517539261687642,False
2021,2021-01-20,Bielefeld,Stuttgart,2,True,17,0.3,0.26,0.44,0.3,0.26,0.44,0.3,0.26,0.44,0.3021312961305178,0.2837056698830819,0.4141630339864004,False
2021,2021-01-22,M'gladbach,Dortmund,2,False,0,0.4196041887931029,0.2580140378158193,0.3223817733910779,0.4196041887931029,0.2580140378158193,0.3223817733910779,0.4196041887931029,0.2580140378158193,0.3223817733910779,0.4196041887931029,0.2580140378158193,0.3223817733910779,False
2021,2021-01-23,Augsburg,Union Berlin,2,False,0,0.2880921487874827,0.2777545828522381,0.43415326836027923,0.2880921487874827,0.2777545828522381,0.43415326836027923,0.2880921487874827,0.2777545828522381,0.43415326836027923,0.2880921487874827,0.2777545828522381,0.43415326836027923,False
2021,2021-01-23,Bielefeld,Ein Frankfurt,0,True,18,0.3,0.26,0.44,0.3,0.26,0.44,0.3,0.26,0.44,0.361107353661261,0.2741653702353145,0.3647272761034245,False
2021,2021-01-23,Freiburg,Stuttgart,2,True,18,0.2242639935826535,0.2957051755477393,0.48003083086960724,0.2242639935826535,0.2957051755477393,0.48003083086960724,0.2242639935826535,0.2957051755477393,0.48003083086960724,0.3106619872670491,0.2894308510883364,0.3999071616446146,False
2021,2021-01-23,Hertha,Werder Bremen,0,False,0,0.30432982614676923,0.2712872517805351,0.4243829220726957,0.30432982614676923,0.2712872517805351,0.4243829220726957,0.30432982614676923,0.2712872517805351,0.4243829220726957,0.30432982614676923,0.2712872517805351,0.4243829220726957,False
2021,2021-01-23,Leverkusen,Wolfsburg,0,False,0,0.2308667871705713,0.2555063865912197,0.513626826238209,0.2308667871705713,0.2555063865912197,0.513626826238209,0.2308667871705713,0.2555063865912197,0.513626826238209,0.2308667871705713,0.2555063865912197,0.513626826238209,False
2021,2021-01-23,Mainz,RB Leipzig,2,False,0,0.5866188671224981,0.23711575056370227,0.17626538231379962,0.5866188671224981,0.23711575056370227,0.17626538231379962,0.5866188671224981,0.23711575056370227,0.17626538231379962,0.5866188671224981,0.23711575056370227,0.17626538231379962,False
2021,2021-01-24,Schalke 04,Bayern Munich,0,False,0,0.7367291825685693,0.17726092562047618,0.08600989181095446,0.7367291825685693,0.17726092562047618,0.08600989181095446,0.7367291825685693,0.17726092562047618,0.08600989181095446,0.7367291825685693,0.17726092562047618,0.08600989181095446,False
2021,2021-01-24,Hoffenheim,FC Koln,2,False,0,0.16934522245094558,0.20113983549673342,0.629514942052321,0.16934522245094558,0.20113983549673342,0.629514942052321,0.16934522245094558,0.20113983549673342,0.629514942052321,0.16934522245094558,0.20113983549673342,0.629514942052321,False
2021,2021-01-29,Stuttgart,Mainz,2,True,19,0.347052185893154,0.3080921149437982,0.3448556991630479,0.347052185893154,0.3080921149437982,0.3448556991630479,0.347052185893154,0.3080921149437982,0.3448556991630479,0.2668632785668171,0.2767681795432549,0.45636854188992804,False
2021,2021-01-30,Bayern Munich,Hoffenheim,2,False,0,0.09143449477223374,0.15479517619184835,0.7537703290359179,0.09143449477223374,0.15479517619184835,0.7537703290359179,0.09143449477223374,0.15479517619184835,0.7537703290359179,0.09143449477223374,0.15479517619184835,0.7537703290359179,False
2021,2021-01-30,Dortmund,Augsburg,2,False,0,0.0991200934978698,0.1593681632216741,0.741511743280456,0.0991200934978698,0.1593681632216741,0.741511743280456,0.0991200934978698,0.1593681632216741,0.741511743280456,0.0991200934978698,0.1593681632216741,0.741511743280456,False
2021,2021-01-30,Ein Frankfurt,Hertha,2,False,0,0.25792642467989585,0.25843106392948395,0.48364251139062026,0.25792642467989585,0.25843106392948395,0.48364251139062026,0.25792642467989585,0.25843106392948395,0.48364251139062026,0.25792642467989585,0.25843106392948395,0.48364251139062026,False
2021,2021-01-30,RB Leipzig,Leverkusen,2,False,0,0.22199981410069014,0.24094131716440845,0.5370588687349014,0.22199981410069014,0.24094131716440845,0.5370588687349014,0.22199981410069014,0.24094131716440845,0.5370588687349014,0.22199981410069014,0.24094131716440845,0.5370588687349014,False
2021,2021-01-30,Union Berlin,M'gladbach,1,False,0,0.484013364982814,0.276481924189251,0.23950471082793506,0.484013364982814,0.276481924189251,0.23950471082793506,0.484013364982814,0.276481924189251,0.23950471082793506,0.484013364982814,0.276481924189251,0.23950471082793506,False
2021,2021-01-30,Werder Bremen,Schalke 04,1,False,0,0.2753507764437205,0.2850265060068668,0.43962271754941273,0.2753507764437205,0.2850265060068668,0.43962271754941273,0.2753507764437205,0.2850265060068668,0.43962271754941273,0.2753507764437205,0.2850265060068668,0.43962271754941273,False
2021,2021-01-31,FC Koln,Bielefeld,2,True,19,0.3,0.26,0.44,0.3,0.26,0.44,0.3,0.26,0.44,0.35278115371987123,0.26542418105034504,0.3817946652297837,False
2021,2021-01-31,Wolfsburg,Freiburg,2,False,0,0.246776394529189,0.28224031754843953,0.47098328792237143,0.246776394529189,0.28224031754843953,0.47098328792237143,0.246776394529189,0.28224031754843953,0.47098328792237143,0.246776394529189,0.28224031754843953,0.47098328792237143,False
2021,2021-02-05,Hertha,Bayern Munich,0,False,0,0.7318657006677909,0.1723265639774174,0.09580773535479173,0.7318657006677909,0.1723265639774174,0.09580773535479173,0.7318657006677909,0.1723265639774174,0.09580773535479173,0.7318657006677909,0.1723265639774174,0.09580773535479173,False
2021,2021-02-06,Augsburg,Wolfsburg,0,False,0,0.3937342079546134,0.2799516300104558,0.32631416203493074,0.3937342079546134,0.2799516300104558,0.32631416203493074,0.3937342079546134,0.2799516300104558,0.32631416203493074,0.3937342079546134,0.2799516300104558,0.32631416203493074,False
2021,2021-02-06,Freiburg,Dortmund,2,False,0,0.5717450809891301,0.2327051416693369,0.19554977734153295,0.5717450809891301,0.2327051416693369,0.19554977734153295,0.5717450809891301,0.2327051416693369,0.19554977734153295,0.5717450809891301,0.2327051416693369,0.19554977734153295,False
2021,2021-02-06,Leverkusen,Stuttgart,2,True,20,0.12896553247178422,0.22201836517135362,0.6490161023568622,0.12896553247178422,0.22201836517135362,0.6490161023568622,0.12896553247178422,0.22201836517135362,0.6490161023568622,0.19073884485948744,0.23636729730420628,0.5728938578363063,False
2021,2021-02-06,M'gladbach,FC Koln,0,False,0,0.1628209548064137,0.2161924420820194,0.620986603111567,0.1628209548064137,0.2161924420820194,0.620986603111567,0.1628209548064137,0.2161924420820194,0.620986603111567,0.1628209548064137,0.2161924420820194,0.620986603111567,False
2021,2021-02-06,Mainz,Union Berlin,2,False,0,0.2851802871544024,0.2862303789279195,0.4285893339176781,0.2851802871544024,0.2862303789279195,0.4285893339176781,0.2851802871544024,0.2862303789279195,0.4285893339176781,0.2851802871544024,0.2862303789279195,0.4285893339176781,False
2021,2021-02-06,Schalke 04,RB Leipzig,0,False,0,0.5576693965631174,0.2568987609150888,0.18543184252179373,0.5576693965631174,0.2568987609150888,0.18543184252179373,0.5576693965631174,0.2568987609150888,0.18543184252179373,0.5576693965631174,0.2568987609150888,0.18543184252179373,False
2021,2021-02-07,Hoffenheim,Ein Frankfurt,0,False,0,0.2530724399061287,0.24061899261321687,0.5063085674806544,0.2530724399061287,0.24061899261321687,0.5063085674806544,0.2530724399061287,0.24061899261321687,0.5063085674806544,0.2530724399061287,0.24061899261321687,0.5063085674806544,False
2021,2021-02-12,RB Leipzig,Augsburg,2,False,0,0.10450004138095645,0.18001690492041864,0.715483053698625,0.10450004138095645,0.18001690492041864,0.715483053698625,0.10450004138095645,0.18001690492041864,0.715483053698625,0.10450004138095645,0.18001690492041864,0.715483053698625,False
2021,2021-02-13,Werder Bremen,Freiburg,1,False,0,0.2925305152263613,0.27855233789347683,0.4289171468801619,0.2925305152263613,0.27855233789347683,0.4289171468801619,0.2925305152263613,0.27855233789347683,0.4289171468801619,0.2925305152263613,0.27855233789347683,0.4289171468801619,False
2021,2021-02-13,Union Berlin,Schalke 04,1,False,0,0.3215707092176046,0.3055135585771936,0.37291573220520186,0.3215707092176046,0.3055135585771936,0.37291573220520186,0.3215707092176046,0.3055135585771936,0.37291573220520186,0.3215707092176046,0.3055135585771936,0.37291573220520186,False
2021,2021-02-13,Leverkusen,Mainz,1,False,0,0.16196500066466463,0.22072344764418286,0.6173115516911525,0.16196500066466463,0.22072344764418286,0.6173115516911525,0.16196500066466463,0.22072344764418286,0.6173115516911525,0.16196500066466463,0.22072344764418286,0.6173115516911525,False
2021,2021-02-13,Dortmund,Hoffenheim,1,False,0,0.2045014870843016,0.21200399977438725,0.5834945131413112,0.2045014870843016,0.21200399977438725,0.5834945131413112,0.2045014870843016,0.21200399977438725,0.5834945131413112,0.2045014870843016,0.21200399977438725,0.5834945131413112,False
2021,2021-02-13,Stuttgart,Hertha,1,True,21,0.38832112419042686,0.30350008523874245,0.30817879057083075,0.38832112419042686,0.30350008523874245,0.30817879057083075,0.38832112419042686,0.30350008523874245,0.30817879057083075,0.3056570719058267,0.2800357433833649,0.4143071847108085,False
2021,2021-02-14,Ein Frankfurt,FC Koln,2,False,0,0.21890125891044654,0.22917226639330832,0.5519264746962451,0.21890125891044654,0.22917226639330832,0.5519264746962451,0.21890125891044654,0.22917226639330832,0.5519264746962451,0.21890125891044654,0.22917226639330832,0.5519264746962451,False
2021,2021-02-14,Wolfsburg,M'gladbach,1,False,0,0.37549924369807686,0.2894008170605159,0.33509993924140724,0.37549924369807686,0.2894008170605159,0.33509993924140724,0.37549924369807686,0.2894008170605159,0.33509993924140724,0.37549924369807686,0.2894008170605159,0.33509993924140724,False
2021,2021-02-15,Bayern Munich,Bielefeld,1,True,20,0.3,0.26,0.44,0.3,0.26,0.44,0.3,0.26,0.44,0.05110161930616645,0.12270300672339894,0.8261953739704346,False
2021,2021-02-19,Bielefeld,Wolfsburg,0,True,21,0.3,0.26,0.44,0.3,0.26,0.44,0.3,0.26,0.44,0.3482135341122824,0.29059485167650884,0.36119161421120893,False
2021,2021-02-20,Schalke 04,Dortmund,0,False,0,0.5804630920113393,0.23613162618589129,0.18340528180276944,0.5804630920113393,0.23613162618589129,0.18340528180276944,0.5804630920113393,0.23613162618589129,0.18340528180276944,0.5804630920113393,0.23613162618589129,0.18340528180276944,False
2021,2021-02-20,M'gladbach,Mainz,0,False,0,0.16744567253457385,0.23932670882147364,0.5932276186439526,0.16744567253457385,0.23932670882147364,0.5932276186439526,0.16744567253457385,0.23932670882147364,0.5932276186439526,0.16744567253457385,0.23932670882147364,0.5932276186439526,False
2021,2021-02-20,FC Koln,Stuttgart,0,True,22,0.2537165329817964,0.27552865079980254,0.4707548162184011,0.2537165329817964,0.27552865079980254,0.4707548162184011,0.2537165329817964,0.27552865079980254,0.4707548162184011,0.35278115371987123,0.26542418105034504,0.3817946652297837,False
2021,2021-02-20,Ein Frankfurt,Bayern Munich,2,False,0,0.6910427585086443,0.1867997035724506,0.12215753791890523,0.6910427585086443,0.1867997035724506,0.12215753791890523,0.6910427585086443,0.1867997035724506,0.12215753791890523,0.6910427585086443,0.1867997035724506,0.12215753791890523,False
2021,2021-02-20,Freiburg,Union Berlin,0,False,0,0.2591617146263269,0.2874016060450576,0.4534366793286154,0.2591617146263269,0.2874016060450576,0.4534366793286154,0.2591617146263269,0.2874016060450576,0.4534366793286154,0.2591617146263269,0.2874016060450576,0.4534366793286154,False
2021,2021-02-21,Augsburg,Leverkusen,1,False,0,0.4996549729206348,0.24782261654787408,0.2525224105314911,0.4996549729206348,0.24782261654787408,0.2525224105314911,0.4996549729206348,0.24782261654787408,0.2525224105314911,0.4996549729206348,0.24782261654787408,0.2525224105314911,False
2021,2021-02-21,Hertha,RB Leipzig,0,False,0,0.5441043641781443,0.2482946533713948,0.20760098245046082,0.5441043641781443,0.2482946533713948,0.20760098245046082,0.5441043641781443,0.2482946533713948,0.20760098245046082,0.5441043641781443,0.2482946533713948,0.20760098245046082,False
2021,2021-02-21,Hoffenheim,Werder Bremen,2,False,0,0.2052293506949437,0.229915014934977,0.5648556343700794,0.2052293506949437,0.229915014934977,0.5648556343700794,0.2052293506949437,0.229915014934977,0.5648556343700794,0.2052293506949437,0.229915014934977,0.5648556343700794,False
2021,2021-02-26,Werder Bremen,Ein Frankfurt,2,False,0,0.3643820794872028,0.26604286069887556,0.3695750598139217,0.3643820794872028,0.26604286069887556,0.3695750598139217,0.3643820794872028,0.26604286069887556,0.3695750598139217,0.3643820794872028,0.26604286069887556,0.3695750598139217,False
2021,2021-02-27,Bayern Munich,FC Koln,2,False,0,0.03441302625131057,0.08437870514645018,0.8812082686022393,0.03441302625131057,0.08437870514645018,0.8812082686022393,0.03441302625131057,0.08437870514645018,0.8812082686022393,0.03441302625131057,0.08437870514645018,0.8812082686022393,False
2021,2021-02-27,Dortmund,Bielefeld,2,True,22,0.3,0.26,0.44,0.3,0.26,0.44,0.3,0.26,0.44,0.12387477471130587,0.1873784173800611,0.6887468079086331,False
2021,2021-02-27,Stuttgart,Schalke 04,2,True,23,0.3500685051618589,0.3230499397479316,0.3268815550902096,0.3500685051618589,0.3230499397479316,0.3268815550902096,0.3500685051618589,0.3230499397479316,0.3268815550902096,0.2738459693740535,0.293701169666266,0.4324528609596805,False
2021,2021-02-27,Wolfsburg,Hertha,2,False,0,0.2594722210308528,0.27621276355443153,0.4643150154147156,0.2594722210308528,0.27621276355443153,0.4643150154147156,0.2594722210308528,0.27621276355443153,0.4643150154147156,0.2594722210308528,0.27621276355443153,0.4643150154147156,False
2021,2021-02-27,RB Leipzig,M'gladbach,2,False,0,0.2167249764063991,0.2549557766737701,0.5283192469198308,0.2167249764063991,0.2549557766737701,0.5283192469198308,0.2167249764063991,0.2549557766737701,0.5283192469198308,0.2167249764063991,0.2549557766737701,0.5283192469198308,False
2021,2021-02-28,Leverkusen,Freiburg,0,False,0,0.18281942019313568,0.23739259445045352,0.5797879853564109,0.18281942019313568,0.23739259445045352,0.5797879853564109,0.18281942019313568,0.23739259445045352,0.5797879853564109,0.18281942019313568,0.23739259445045352,0.5797879853564109,False
2021,2021-02-28,Mainz,Augsburg,0,False,0,0.3048810342013455,0.2729132727590597,0.42220569303959476,0.3048810342013455,0.2729132727590597,0.42220569303959476,0.3048810342013455,0.2729132727590597,0.42220569303959476,0.3048810342013455,0.2729132727590597,0.42220569303959476,False
2021,2021-02-28,Union Berlin,Hoffenheim,1,False,0,0.487888158383156,0.25944577408817676,0.25266606752866727,0.487888158383156,0.25944577408817676,0.25266606752866727,0.487888158383156,0.25944577408817676,0.25266606752866727,0.487888158383156,0.25944577408817676,0.25266606752866727,False
2021,2021-03-05,Schalke 04,Mainz,1,False,0,0.2875189694900253,0.29474255600398597,0.41773847450598883,0.2875189694900253,0.29474255600398597,0.41773847450598883,0.2875189694900253,0.29474255600398597,0.41773847450598883,0.2875189694900253,0.29474255600398597,0.41773847450598883,False
2021,2021-03-06,Hertha,Augsburg,2,False,0,0.2665058637841925,0.26368214967988507,0.46981198653592243,0.2665058637841925,0.26368214967988507,0.46981198653592243,0.2665058637841925,0.26368214967988507,0.46981198653592243,0.2665058637841925,0.26368214967988507,0.46981198653592243,False
2021,2021-03-06,Hoffenheim,Wolfsburg,2,False,0,0.24687965559356204,0.2559137580150135,0.4972065863914245,0.24687965559356204,0.2559137580150135,0.4972065863914245,0.24687965559356204,0.2559137580150135,0.4972065863914245,0.24687965559356204,0.2559137580150135,0.4972065863914245,False
2021,2021-03-06,M'gladbach,Leverkusen,0,False,0,0.31309907838962103,0.2674392323018176,0.4194616893085613,0.31309907838962103,0.2674392323018176,0.4194616893085613,0.31309907838962103,0.2674392323018176,0.4194616893085613,0.31309907838962103,0.2674392323018176,0.4194616893085613,False
2021,2021-03-06,Freiburg,RB Leipzig,0,False,0,0.5496631913189836,0.2530057446625766,0.1973310640184398,0.5496631913189836,0.2530057446625766,0.1973310640184398,0.5496631913189836,0.2530057446625766,0.1973310640184398,0.5496631913189836,0.2530057446625766,0.1973310640184398,False
2021,2021-03-06,Bayern Munich,Dortmund,2,False,0,0.15964271283113313,0.198349077424355,0.6420082097445119,0.15964271283113313,0.198349077424355,0.6420082097445119,0.15964271283113313,0.198349077424355,0.6420082097445119,0.15964271283113313,0.198349077424355,0.6420082097445119,False
2021,2021-03-06,Ein Frankfurt,Stuttgart,1,True,24,0.1779961213366319,0.2568429388845354,0.5651609397788326,0.1779961213366319,0.2568429388845354,0.5651609397788326,0.1779961213366319,0.2568429388845354,0.5651609397788326,0.2551913626460038,0.26184348142725805,0.4829651559267382,False
2021,2021-03-07,Bielefeld,Union Berlin,1,True,23,0.3,0.26,0.44,0.3,0.26,0.44,0.3,0.26,0.44,0.2509118773173532,0.2804469067222601,0.46864121596038666,False
2021,2021-03-07,FC Koln,Werder Bremen,1,False,0,0.3571420369336817,0.25743551606780746,0.3854224469985108,0.3571420369336817,0.25743551606780746,0.3854224469985108,0.3571420369336817,0.25743551606780746,0.3854224469985108,0.3571420369336817,0.25743551606780746,0.3854224469985108,False
2021,2021-03-10,Bielefeld,Werder Bremen,0,True,24,0.3,0.26,0.44,0.3,0.26,0.44,0.3,0.26,0.44,0.3054359726991013,0.2754481609316625,0.41911586636923626,False
2021,2021-03-12,Augsburg,M'gladbach,2,False,0,0.47989702066696893,0.2644419309126148,0.25566104842041626,0.47989702066696893,0.2644419309126148,0.25566104842041626,0.47989702066696893,0.2644419309126148,0.25566104842041626,0.47989702066696893,0.2644419309126148,0.25566104842041626,False
2021,2021-03-13,Wolfsburg,Schalke 04,2,False,0,0.23227318570300037,0.28769504887765834,0.4800317654193414,0.23227318570300037,0.28769504887765834,0.4800317654193414,0.23227318570300037,0.28769504887765834,0.4800317654193414,0.23227318570300037,0.28769504887765834,0.4800317654193414,False
2021,2021-03-13,Werder Bremen,Bayern Munich,0,False,0,0.7392486336051196,0.16681994317595394,0.09393142321892645,0.7392486336051196,0.16681994317595394,0.09393142321892645,0.7392486336051196,0.16681994317595394,0.09393142321892645,0.7392486336051196,0.16681994317595394,0.09393142321892645,False
2021,2021-03-13,Union Berlin,FC Koln,2,False,0,0.32033898750430995,0.26930993874670583,0.4103510737489843,0.32033898750430995,0.26930993874670583,0.4103510737489843,0.32033898750430995,0.26930993874670583,0.4103510737489843,0.32033898750430995,0.26930993874670583,0.4103510737489843,False
2021,2021-03-13,Dortmund,Hertha,2,False,0,0.12451416182333166,0.18434718399257116,0.6911386541840971,0.12451416182333166,0.18434718399257116,0.6911386541840971,0.12451416182333166,0.18434718399257116,0.6911386541840971,0.12451416182333166,0.18434718399257116,0.6911386541840971,False
2021,2021-03-13,Mainz,Freiburg,2,False,0,0.32760754203655357,0.28955022523895785,0.3828422327244886,0.32760754203655357,0.28955022523895785,0.3828422327244886,0.32760754203655357,0.28955022523895785,0.3828422327244886,0.32760754203655357,0.28955022523895785,0.3828422327244886,False
2021,2021-03-14,Leverkusen,Bielefeld,0,True,25,0.3,0.26,0.44,0.3,0.26,0.44,0.3,0.26,0.44,0.19073884485948744,0.23636729730420628,0.5728938578363063,False
2021,2021-03-14,RB Leipzig,Ein Frankfurt,1,False,0,0.1616752119128388,0.21757784749203168,0.6207469405951296,0.1616752119128388,0.21757784749203168,0.6207469405951296,0.1616752119128388,0.21757784749203168,0.6207469405951296,0.1616752119128388,0.21757784749203168,0.6207469405951296,False
2021,2021-03-14,Stuttgart,Hoffenheim,2,True,25,0.5169631093480537,0.26591068439919435,0.21712620625275197,0.5169631093480537,0.26591068439919435,0.21712620625275197,0.5169631093480537,0.26591068439919435,0.21712620625275197,0.4296908350408205,0.2634398467663072,0.3068693181928724,False
2021,2021-03-19,Bielefeld,RB Leipzig,0,True,26,0.3,0.26,0.44,0.3,0.26,0.44,0.3,0.26,0.44,0.5427098459618014,0.25162192870942107,0.2056682253287775,False
2021,2021-03-20,Schalke 04,M'gladbach,0,False,0,0.44727553765726724,0.29048931527021693,0.26223514707251583,0.44727553765726724,0.29048931527021693,0.26223514707251583,0.44727553765726724,0.29048931527021693,0.26223514707251583,0.44727553765726724,0.29048931527021693,0.26223514707251583,False
2021,2021-03-20,Werder Bremen,Wolfsburg,0,False,0,0.3515011118935258,0.2822650619635361,0.3662338261429381,0.3515011118935258,0.2822650619635361,0.3662338261429381,0.3515011118935258,0.2822650619635361,0.3662338261429381,0.3515011118935258,0.2822650619635361,0.3662338261429381,False
2021,2021-03-20,FC Koln,Dortmund,1,False,0,0.6374376918511374,0.19469806221223973,0.16786424593662297,0.6374376918511374,0.19469806221223973,0.16786424593662297,0.6374376918511374,0.19469806221223973,0.16786424593662297,0.6374376918511374,0.19469806221223973,0.16786424593662297,False
2021,2021-03-20,Bayern Munich,Stuttgart,2,True,26,0.031515420598410206,0.10255571199444345,0.8659288674071464,0.031515420598410206,0.10255571199444345,0.8659288674071464,0.031515420598410206,0.10255571199444345,0.8659288674071464,0.05110161930616645,0.12270300672339894,0.8261953739704346,False
2021,2021-03-20,Ein Frankfurt,Union Berlin,2,False,0,0.2076069531083613,0.25289071155951853,0.5395023353321202,0.2076069531083613,0.25289071155951853,0.5395023353321202,0.2076069531083613,0.25289071155951853,0.5395023353321202,0.2076069531083613,0.25289071155951853,0.5395023353321202,False
2021,2021-03-21,Freiburg,Augsburg,2,False,0,0.2768162461034875,0.2746447413592233,0.44853901253728923,0.2768162461034875,0.2746447413592233,0.44853901253728923,0.2768162461034875,0.2746447413592233,0.44853901253728923,0.2768162461034875,0.2746447413592233,0.44853901253728923,False
2021,2021-03-21,Hertha,Leverkusen,2,False,0,0.4470509989984682,0.26149470517343454,0.29145429582809734,0.4470509989984682,0.26149470517343454,0.29145429582809734,0.4470509989984682,0.26149470517343454,0.29145429582809734,0.4470509989984682,0.26149470517343454,0.29145429582809734,False
2021,2021-03-21,Hoffenheim,Mainz,0,False,0,0.17448636773798346,0.22337399121918206,0.6021396410428346,0.17448636773798346,0.22337399121918206,0.6021396410428346,0.17448636773798346,0.22337399121918206,0.6021396410428346,0.17448636773798346,0.22337399121918206,0.6021396410428346,False
2021,2021-04-03,Wolfsburg,FC Koln,2,False,0,0.22274055905283285,0.24724306051675352,0.5300163804304137,0.22274055905283285,0.24724306051675352,0.5300163804304137,0.22274055905283285,0.24724306051675352,0.5300163804304137,0.22274055905283285,0.24724306051675352,0.5300163804304137,False
2021,2021-04-03,RB Leipzig,Bayern Munich,0,False,0,0.4950494019403821,0.2531193134524169,0.25183128460720094,0.4950494019403821,0.2531193134524169,0.25183128460720094,0.4950494019403821,0.2531193134524169,0.25183128460720094,0.4950494019403821,0.2531193134524169,0.25183128460720094,False
2021,2021-04-03,Mainz,Bielefeld,1,True,27,0.3,0.26,0.44,0.3,0.26,0.44,0.3,0.26,0.44,0.3400779142595062,0.28541829171080024,0.3745037940296937,False
2021,2021-04-03,M'gladbach,Freiburg,2,False,0,0.18759246883904634,0.2557139299355851,0.5566936012253686,0.18759246883904634,0.2557139299355851,0.5566936012253686,0.18759246883904634,0.2557139299355851,0.5566936012253686,0.18759246883904634,0.2557139299355851,0.5566936012253686,False
2021,2021-04-03,Leverkusen,Schalke 04,2,False,0,0.17163188433696763,0.240759948128621,0.5876081675344114,0.17163188433696763,0.240759948128621,0.5876081675344114,0.17163188433696763,0.240759948128621,0.5876081675344114,0.17163188433696763,0.240759948128621,0.5876081675344114,False
2021,2021-04-03,Dortmund,Ein Frankfurt,0,False,0,0.15773881879614776,0.19738651748736646,0.6448746637164858,0.15773881879614776,0.19738651748736646,0.6448746637164858,0.15773881879614776,0.19738651748736646,0.6448746637164858,0.15773881879614776,0.19738651748736646,0.6448746637164858,False
2021,2021-04-03,Augsburg,Hoffenheim,2,False,0,0.48222184688817493,0.24771999461737898,0.27005815849444603,0.48222184688817493,0.24771999461737898,0.27005815849444603,0.48222184688817493,0.24771999461737898,0.27005815849444603,0.48222184688817493,0.24771999461737898,0.27005815849444603,False
2021,2021-04-04,Stuttgart,Werder Bremen,2,True,27,0.3894789515398341,0.2991094530909415,0.31141159536922447,0.3894789515398341,0.2991094530909415,0.31141159536922447,0.3894789515398341,0.2991094530909415,0.31141159536922447,0.3054359726991013,0.2754481609316625,0.41911586636923626,False
2021,2021-04-04,Union Berlin,Hertha,1,False,0,0.35785615253766057,0.288666178196196,0.35347766926614343,0.35785615253766057,0.288666178196196,0.35347766926614343,0.35785615253766057,0.288666178196196,0.35347766926614343,0.35785615253766057,0.288666178196196,0.35347766926614343,False
2021,2021-04-09,Bielefeld,Freiburg,2,True,28,0.3,0.26,0.44,0.3,0.26,0.44,0.3,0.26,0.44,0.29075662440010114,0.28705856359996934,0.4221848119999296,False
2021,2021-04-10,Werder Bremen,RB Leipzig,0,False,0,0.5505521066861486,0.24320061908097954,0.20624727423287179,0.5505521066861486,0.24320061908097954,0.20624727423287179,0.5505521066861486,0.24320061908097954,0.20624727423287179,0.5505521066861486,0.24320061908097954,0.20624727423287179,False
2021,2021-04-10,Stuttgart,Dortmund,0,True,28,0.6443648349382975,0.21809909785742726,0.13753606720427514,0.6443648349382975,0.21809909785742726,0.13753606720427514,0.6443648349382975,0.21809909785742726,0.13753606720427514,0.5642874291637692,0.23159387002046514,0.20411870081576566,False
2021,2021-04-10,Hertha,M'gladbach,1,False,0,0.4295991634229732,0.277539883645793,0.2928609529312338,0.4295991634229732,0.277539883645793,0.2928609529312338,0.4295991634229732,0.277539883645793,0.2928609529312338,0.4295991634229732,0.277539883645793,0.2928609529312338,False
2021,2021-04-10,Ein Frankfurt,Wolfsburg,2,False,0,0.30034395331919234,0.2741258911562838,0.42553015552452395,0.30034395331919234,0.2741258911562838,0.42553015552452395,0.30034395331919234,0.2741258911562838,0.42553015552452395,0.30034395331919234,0.2741258911562838,0.42553015552452395,False
2021,2021-04-10,Bayern Munich,Union Berlin,1,False,0,0.03709752495632592,0.10373043117575198,0.8591720438679221,0.03709752495632592,0.10373043117575198,0.8591720438679221,0.03709752495632592,0.10373043117575198,0.8591720438679221,0.03709752495632592,0.10373043117575198,0.8591720438679221,False
2021,2021-04-11,FC Koln,Mainz,0,False,0,0.31279552750257666,0.2616359896445834,0.42556848285284,0.31279552750257666,0.2616359896445834,0.42556848285284,0.31279552750257666,0.2616359896445834,0.42556848285284,0.31279552750257666,0.2616359896445834,0.42556848285284,False
2021,2021-04-11,Schalke 04,Augsburg,2,False,0,0.28942777505365863,0.2860053375103226,0.4245668874360187,0.28942777505365863,0.2860053375103226,0.4245668874360187,0.28942777505365863,0.2860053375103226,0.4245668874360187,0.28942777505365863,0.2860053375103226,0.4245668874360187,False
2021,2021-04-12,Hoffenheim,Leverkusen,1,False,0,0.3322179466285384,0.24986541717093244,0.41791663620052927,0.3322179466285384,0.24986541717093244,0.41791663620052927,0.3322179466285384,0.24986541717093244,0.41791663620052927,0.3322179466285384,0.24986541717093244,0.41791663620052927,False
2021,2021-04-16,RB Leipzig,Hoffenheim,1,False,0,0.20679720099714372,0.23132246863974743,0.5618803303631088,0.20679720099714372,0.23132246863974743,0.5618803303631088,0.20679720099714372,0.23132246863974743,0.5618803303631088,0.20679720099714372,0.23132246863974743,0.5618803303631088,False
2021,2021-04-17,Wolfsburg,Bayern Munich,0,False,0,0.6749724523210106,0.20242868501218406,0.12259886266680545,0.6749724523210106,0.20242868501218406,0.12259886266680545,0.6749724523210106,0.20242868501218406,0.12259886266680545,0.6749724523210106,0.20242868501218406,0.12259886266680545,False
2021,2021-04-17,Union Berlin,Stuttgart,2,True,29,0.2591974660617012,0.30661406891005943,0.4341884650282393,0.2591974660617012,0.30661406891005943,0.4341884650282393,0.2591974660617012,0.30661406891005943,0.4341884650282393,0.35350795088258496,0.29260687067280033,0.3538851784446148,False
2021,2021-04-17,M'gladbach,Ein Frankfurt,2,False,0,0.24002643239892846,0.256965056414318,0.5030085111867535,0.24002643239892846,0.256965056414318,0.5030085111867535,0.24002643239892846,0.256965056414318,0.5030085111867535,0.24002643239892846,0.256965056414318,0.5030085111867535,False
2021,2021-04-17,Leverkusen,FC Koln,2,False,0,0.15652768674477624,0.19811149902765304,0.6453608142275709,0.15652768674477624,0.19811149902765304,0.6453608142275709,0.15652768674477624,0.19811149902765304,0.6453608142275709,0.15652768674477624,0.19811149902765304,0.6453608142275709,False
2021,2021-04-17,Freiburg,Schalke 04,2,False,0,0.28187617694621653,0.3000613276574966,0.418062495396287,0.28187617694621653,0.3000613276574966,0.418062495396287,0.28187617694621653,0.3000613276574966,0.418062495396287,0.28187617694621653,0.3000613276574966,0.418062495396287,False
2021,2021-04-17,Augsburg,Bielefeld,1,True,29,0.3,0.26,0.44,0.3,0.26,0.44,0.3,0.26,0.44,0.3444696735152765,0.27703585091257144,0.378494475572152,False
2021,2021-04-18,Dortmund,Werder Bremen,2,False,0,0.12252153098294291,0.17902205813159155,0.6984564108854655,0.12252153098294291,0.17902205813159155,0.6984564108854655,0.12252153098294291,0.17902205813159155,0.6984564108854655,0.12252153098294291,0.17902205813159155,0.6984564108854655,False
2021,2021-04-20,Bayern Munich,Leverkusen,2,False,0,0.10171179635885387,0.16736034718150195,0.7309278564596442,0.10171179635885387,0.16736034718150195,0.7309278564596442,0.10171179635885387,0.16736034718150195,0.7309278564596442,0.10171179635885387,0.16736034718150195,0.7309278564596442,False
2021,2021-04-20,Bielefeld,Schalke 04,2,True,30,0.3,0.26,0.44,0.3,0.26,0.44,0.3,0.26,0.44,0.2738459693740535,0.293701169666266,0.4324528609596805,False
2021,2021-04-20,Ein Frankfurt,Augsburg,2,False,0,0.22130868677642856,0.24202863038090178,0.5366626828426697,0.22130868677642856,0.24202863038090178,0.5366626828426697,0.22130868677642856,0.24202863038090178,0.5366626828426697,0.22130868677642856,0.24202863038090178,0.5366626828426697,False
2021,2021-04-20,FC Koln,RB Leipzig,2,False,0,0.613870708351287,0.2144020237676676,0.17172726788104536,0.613870708351287,0.2144020237676676,0.17172726788104536,0.613870708351287,0.2144020237676676,0.17172726788104536,0.613870708351287,0.2144020237676676,0.17172726788104536,False
2021,2021-04-21,Stuttgart,Wolfsburg,0,True,30,0.42912362531509907,0.3056949370407874,0.2651814376441136,0.42912362531509907,0.3056949370407874,0.2651814376441136,0.42912362531509907,0.3056949370407874,0.2651814376441136,0.3482135341122824,0.29059485167650884,0.36119161421120893,False
2021,2021-04-21,Werder Bremen,Mainz,0,False,0,0.2679077960484985,0.26820999585102695,0.4638822081004744,0.2679077960484985,0.26820999585102695,0.4638822081004744,0.2679077960484985,0.26820999585102695,0.4638822081004744,0.2679077960484985,0.26820999585102695,0.4638822081004744,False
2021,2021-04-21,Dortmund,Union Berlin,2,False,0,0.09449300170279135,0.1677726236345066,0.7377343746627021,0.09449300170279135,0.1677726236345066,0.7377343746627021,0.09449300170279135,0.1677726236345066,0.7377343746627021,0.09449300170279135,0.1677726236345066,0.7377343746627021,False
2021,2021-04-21,Hoffenheim,M'gladbach,2,False,0,0.3210649706707794,0.2640961639318485,0.4148388653973722,0.3210649706707794,0.2640961639318485,0.4148388653973722,0.3210649706707794,0.2640961639318485,0.4148388653973722,0.3210649706707794,0.2640961639318485,0.4148388653973722,False
2021,2021-04-23,Augsburg,FC Koln,0,False,0,0.308535004317302,0.25268391915903976,0.43878107652365833,0.308535004317302,0.25268391915903976,0.43878107652365833,0.308535004317302,0.25268391915903976,0.43878107652365833,0.308535004317302,0.25268391915903976,0.43878107652365833,False
2021,2021-04-24,Freiburg,Hoffenheim,1,False,0,0.4384503530866199,0.26656611725601015,0.29498352965736985,0.4384503530866199,0.26656611725601015,0.29498352965736985,0.4384503530866199,0.26656611725601015,0.29498352965736985,0.4384503530866199,0.26656611725601015,0.29498352965736985,False
2021,2021-04-24,Leverkusen,Ein Frankfurt,2,False,0,0.23618141117265215,0.24010685916705116,0.5237117296602968,0.23618141117265215,0.24010685916705116,0.5237117296602968,0.23618141117265215,0.24010685916705116,0.5237117296602968,0.23618141117265215,0.24010685916705116,0.5237117296602968,False
2021,2021-04-24,Mainz,Bayern Munich,2,False,0,0.7667252235188833,0.15574098639014167,0.07753379009097498,0.7667252235188833,0.15574098639014167,0.07753379009097498,0.7667252235188833,0.15574098639014167,0.07753379009097498,0.7667252235188833,0.15574098639014167,0.07753379009097498,False
2021,2021-04-24,Union Berlin,Werder Bremen,2,False,0,0.3583685323280847,0.2842643764706536,0.3573670912012617,0.3583685323280847,0.2842643764706536,0.3573670912012617,0.3583685323280847,0.2842643764706536,0.3573670912012617,0.3583685323280847,0.2842643764706536,0.3573670912012617,False
2021,2021-04-24,Wolfsburg,Dortmund,0,False,0,0.5035818580906337,0.24951930055246346,0.24689884135690282,0.5035818580906337,0.24951930055246346,0.24689884135690282,0.5035818580906337,0.24951930055246346,0.24689884135690282,0.5035818580906337,0.24951930055246346,0.24689884135690282,False
2021,2021-04-25,RB Leipzig,Stuttgart,2,True,31,0.08482389318472328,0.18843584909788536,0.7267402577173915,0.08482389318472328,0.18843584909788536,0.7267402577173915,0.08482389318472328,0.18843584909788536,0.7267402577173915,0.12849819529616183,0.2084493810189693,0.6630524236848689,False
2021,2021-04-25,M'gladbach,Bielefeld,2,True,31,0.3,0.26,0.44,0.3,0.26,0.44,0.3,0.26,0.44,0.19546670949646588,0.2544150872073762,0.5501182032961579,False
2021,2021-05-03,Mainz,Hertha,1,False,0,0.34420163701352385,0.2815947056792305,0.37420365730724564,0.34420163701352385,0.2815947056792305,0.37420365730724564,0.34420163701352385,0.2815947056792305,0.37420365730724564,0.34420163701352385,0.2815947056792305,0.37420365730724564,False
2021,2021-05-06,Hertha,Freiburg,2,False,0,0.2897051849348937,0.28276799567070365,0.42752681939440274,0.2897051849348937,0.28276799567070365,0.42752681939440274,0.2897051849348937,0.28276799567070365,0.42752681939440274,0.2897051849348937,0.28276799567070365,0.42752681939440274,False
2021,2021-05-07,Stuttgart,Augsburg,2,True,32,0.3507823391177102,0.2994280515179165,0.3497896093643733,0.3507823391177102,0.2994280515179165,0.3497896093643733,0.3507823391177102,0.2994280515179165,0.3497896093643733,0.26796128844465494,0.2680748898429956,0.4639638217123495,False
2021,2021-05-08,Wolfsburg,Union Berlin,2,False,0,0.2107468896110636,0.2718402686259029,0.5174128417630336,0.2107468896110636,0.2718402686259029,0.5174128417630336,0.2107468896110636,0.2718402686259029,0.5174128417630336,0.2107468896110636,0.2718402686259029,0.5174128417630336,False
2021,2021-05-08,Bayern Munich,M'gladbach,2,False,0,0.10226127867978602,0.18101854597634037,0.7167201753438737,0.10226127867978602,0.18101854597634037,0.7167201753438737,0.10226127867978602,0.18101854597634037,0.7167201753438737,0.10226127867978602,0.18101854597634037,0.7167201753438737,False
2021,2021-05-08,Dortmund,RB Leipzig,2,False,0,0.31058592471427504,0.2501419470052217,0.4392721282805033,0.31058592471427504,0.2501419470052217,0.4392721282805033,0.31058592471427504,0.2501419470052217,0.4392721282805033,0.31058592471427504,0.2501419470052217,0.4392721282805033,False
2021,2021-05-08,Hoffenheim,Schalke 04,2,False,0,0.1842700665866604,0.24294313877997023,0.5727867946333693,0.1842700665866604,0.24294313877997023,0.5727867946333693,0.1842700665866604,0.24294313877997023,0.5727867946333693,0.1842700665866604,0.24294313877997023,0.5727867946333693,False
2021,2021-05-08,Werder Bremen,Leverkusen,1,False,0,0.45224595495965675,0.2569164781432433,0.29083756689710005,0.45224595495965675,0.2569164781432433,0.29083756689710005,0.45224595495965675,0.2569164781432433,0.29083756689710005,0.45224595495965675,0.2569164781432433,0.29083756689710005,False
2021,2021-05-09,Hertha,Bielefeld,1,True,32,0.3,0.26,0.44,0.3,0.26,0.44,0.3,0.26,0.44,0.30111847043489304,0.2794991260200403,0.41938240354506673,False
2021,2021-05-09,FC Koln,Freiburg,0,False,0,0.33957414374755673,0.26947593923399393,0.39094991701844933,0.33957414374755673,0.26947593923399393,0.39094991701844933,0.33957414374755673,0.26947593923399393,0.39094991701844933,0.33957414374755673,0.26947593923399393,0.39094991701844933,False
2021,2021-05-09,Ein Frankfurt,Mainz,1,False,0,0.22156201103768602,0.25083289452477986,0.5276050944375341,0.22156201103768602,0.25083289452477986,0.5276050944375341,0.22156201103768602,0.25083289452477986,0.5276050944375341,0.22156201103768602,0.25083289452477986,0.5276050944375341,False
2021,2021-05-12,Schalke 04,Hertha,0,False,0,0.3263652384836194,0.2956805891055849,0.37795417241079565,0.3263652384836194,0.2956805891055849,0.37795417241079565,0.3263652384836194,0.2956805891055849,0.37795417241079565,0.3263652384836194,0.2956805891055849,0.37795417241079565,False
2021,2021-05-15,Augsburg,Werder Bremen,2,False,0,0.34880686505889436,0.268894414473978,0.38229872046712765,0.34880686505889436,0.268894414473978,0.38229872046712765,0.34880686505889436,0.268894414473978,0.38229872046712765,0.34880686505889436,0.268894414473978,0.38229872046712765,False
2021,2021-05-15,Bielefeld,Hoffenheim,1,True,33,0.3,0.26,0.44,0.3,0.26,0.44,0.3,0.26,0.44,0.4296908350408205,0.2634398467663072,0.3068693181928724,False
2021,2021-05-15,Freiburg,Bayern Munich,1,False,0,0.7332286042839073,0.17534436794733238,0.09142702776876033,0.7332286042839073,0.17534436794733238,0.09142702776876033,0.7332286042839073,0.17534436794733238,0.09142702776876033,0.7332286042839073,0.17534436794733238,0.09142702776876033,False
2021,2021-05-15,Hertha,FC Koln,1,False,0,0.26574223809626246,0.25120560773824613,0.4830521541654914,0.26574223809626246,0.25120560773824613,0.4830521541654914,0.26574223809626246,0.25120560773824613,0.4830521541654914,0.26574223809626246,0.25120560773824613,0.4830521541654914,False
2021,2021-05-15,Leverkusen,Union Berlin,1,False,0,0.1513149733468669,0.22123150658620327,0.6274535200669299,0.1513149733468669,0.22123150658620327,0.6274535200669299,0.1513149733468669,0.22123150658620327,0.6274535200669299,0.1513149733468669,0.22123150658620327,0.6274535200669299,False
2021,2021-05-15,M'gladbach,Stuttgart,0,True,33,0.13432664067719097,0.2419341175954167,0.6237392417273925,0.13432664067719097,0.2419341175954167,0.6237392417273925,0.13432664067719097,0.2419341175954167,0.6237392417273925,0.19546670949646588,0.2544150872073762,0.5501182032961579,False
2021,2021-05-15,Schalke 04,Ein Frankfurt,2,False,0,0.3819656451457898,0.28679182116607965,0.33124253368813056,0.3819656451457898,0.28679182116607965,0.33124253368813056,0.3819656451457898,0.28679182116607965,0.33124253368813056,0.3819656451457898,0.28679182116607965,0.33124253368813056,False
2021,2021-05-16,Mainz,Dortmund,0,False,0,0.6100095666472847,0.21667492525318172,0.1733155080995336,0.6100095666472847,0.21667492525318172,0.1733155080995336,0.6100095666472847,0.21667492525318172,0.1733155080995336,0.6100095666472847,0.21667492525318172,0.1733155080995336,False
2021,2021-05-16,RB Leipzig,Wolfsburg,1,False,0,0.1602171608916259,0.2333529482180259,0.6064298908903483,0.1602171608916259,0.2333529482180259,0.6064298908903483,0.1602171608916259,0.2333529482180259,0.6064298908903483,0.1602171608916259,0.2333529482180259,0.6064298908903483,False
2021,2021-05-22,Union Berlin,RB Leipzig,2,False,0,0.5969381177067732,0.23810395519286498,0.1649579271003619,0.5969381177067732,0.23810395519286498,0.1649579271003619,0.5969381177067732,0.23810395519286498,0.1649579271003619,0.5969381177067732,0.23810395519286498,0.1649579271003619,False
2021,2021-05-22,Stuttgart,Bielefeld,0,True,34,0.3,0.26,0.44,0.3,0.26,0.44,0.3,0.26,0.44,0.3021312961305178,0.2837056698830819,0.4141630339864004,False
2021,2021-05-22,Hoffenheim,Hertha,2,False,0,0.2067408619187055,0.23492814779399715,0.5583309902872974,0.2067408619187055,0.23492814779399715,0.5583309902872974,0.2067408619187055,0.23492814779399715,0.5583309902872974,0.2067408619187055,0.23492814779399715,0.5583309902872974,False
2021,2021-05-22,Werder Bremen,M'gladbach,0,False,0,0.4346292447653577,0.2728943466231571,0.2924764086114852,0.4346292447653577,0.2728943466231571,0.2924764086114852,0.4346292447653577,0.2728943466231571,0.2924764086114852,0.4346292447653577,0.2728943466231571,0.2924764086114852,False
2021,2021-05-22,Ein Frankfurt,Freiburg,2,False,0,0.24506504426467993,0.26405843397727224,0.4908765217580478,0.24506504426467993,0.26405843397727224,0.4908765217580478,0.24506504426467993,0.26405843397727224,0.4908765217580478,0.24506504426467993,0.26405843397727224,0.4908765217580478,False
2021,2021-05-22,Dortmund,Leverkusen,2,False,0,0.2206141834398665,0.22167567688555892,0.5577101396745746,0.2206141834398665,0.22167567688555892,0.5577101396745746,0.2206141834398665,0.22167567688555892,0.5577101396745746,0.2206141834398665,0.22167567688555892,0.5577101396745746,False
2021,2021-05-22,Bayern Munich,Augsburg,2,False,0,0.03777590324561334,0.09615352868036595,0.8660705680740206,0.03777590324561334,0.09615352868036595,0.8660705680740206,0.03777590324561334,0.09615352868036595,0.8660705680740206,0.03777590324561334,0.09615352868036595,0.8660705680740206,False
2021,2021-05-22,FC Koln,Schalke 04,2,False,0,0.3197613368616276,0.277031830073915,0.4032068330644575,0.3197613368616276,0.277031830073915,0.4032068330644575,0.3197613368616276,0.277031830073915,0.4032068330644575,0.3197613368616276,0.277031830073915,0.4032068330644575,False
2021,2021-05-22,Wolfsburg,Mainz,0,False,0,0.2244547698071341,0.26934845453465706,0.506196775658209,0.2244547698071341,0.26934845453465706,0.506196775658209,0.2244547698071341,0.26934845453465706,0.506196775658209,0.2244547698071341,0.26934845453465706,0.506196775658209,False
2122,2021-08-13,M'gladbach,Bayern Munich,1,False,0,0.5916726086792388,0.21241888012454951,0.1959085111962117,0.5916726086792388,0.21241888012454951,0.1959085111962117,0.5916726086792388,0.21241888012454951,0.1959085111962117,0.5916726086792388,0.21241888012454951,0.1959085111962117,False
2122,2021-08-14,Augsburg,Hoffenheim,0,False,0,0.4446594441686651,0.26808540910125284,0.2872551467300821,0.4446594441686651,0.26808540910125284,0.2872551467300821,0.4446594441686651,0.26808540910125284,0.2872551467300821,0.4446594441686651,0.26808540910125284,0.2872551467300821,False
2122,2021-08-14,Bielefeld,Freiburg,1,False,0,0.41281215819683603,0.33705692662271436,0.2501309151804497,0.41281215819683603,0.33705692662271436,0.2501309151804497,0.41281215819683603,0.33705692662271436,0.2501309151804497,0.41281215819683603,0.33705692662271436,0.2501309151804497,False
2122,2021-08-14,Dortmund,Ein Frankfurt,2,False,0,0.1846805882843462,0.2006804946937832,0.6146389170218706,0.1846805882843462,0.2006804946937832,0.6146389170218706,0.1846805882843462,0.2006804946937832,0.6146389170218706,0.1846805882843462,0.2006804946937832,0.6146389170218706,False
2122,2021-08-14,Stuttgart,Greuther Furth,2,True,1,0.3,0.26,0.44,0.3093079539250191,0.17245764206122766,0.5182344040137533,0.3093079539250191,0.17245764206122766,0.5182344040137533,0.2448154452701764,0.27103055874825754,0.48415399598156605,True
2122,2021-08-14,Union Berlin,Leverkusen,1,False,0,0.39019139012342596,0.29309209358793714,0.3167165162886369,0.39019139012342596,0.29309209358793714,0.3167165162886369,0.39019139012342596,0.29309209358793714,0.3167165162886369,0.39019139012342596,0.29309209358793714,0.3167165162886369,False
2122,2021-08-14,Wolfsburg,Bochum,2,True,1,0.3,0.26,0.44,0.18903390759431057,0.08378148384316086,0.7271846085625285,0.18903390759431057,0.08378148384316086,0.7271846085625285,0.16209907326357031,0.24360442883843472,0.594296497897995,True
2122,2021-08-15,FC Koln,Hertha,2,False,0,0.3649533167611775,0.2866147921522573,0.3484318910865652,0.3649533167611775,0.2866147921522573,0.3484318910865652,0.3649533167611775,0.2866147921522573,0.3484318910865652,0.3649533167611775,0.2866147921522573,0.3484318910865652,False
2122,2021-08-15,Mainz,RB Leipzig,2,False,0,0.5689401918468298,0.25681400838500656,0.1742457997681637,0.5689401918468298,0.25681400838500656,0.1742457997681637,0.5689401918468298,0.25681400838500656,0.1742457997681637,0.5689401918468298,0.25681400838500656,0.1742457997681637,False
2122,2021-08-20,RB Leipzig,Stuttgart,2,False,0,0.12479447045469094,0.21528955422182838,0.6599159753234807,0.12479447045469094,0.21528955422182838,0.6599159753234807,0.12479447045469094,0.21528955422182838,0.6599159753234807,0.12479447045469094,0.21528955422182838,0.6599159753234807,False
2122,2021-08-21,Leverkusen,M'gladbach,2,False,0,0.2811413258361304,0.2628432184248567,0.4560154557390129,0.2811413258361304,0.2628432184248567,0.4560154557390129,0.2811413258361304,0.2628432184248567,0.4560154557390129,0.2811413258361304,0.2628432184248567,0.4560154557390129,False
2122,2021-08-21,Hertha,Wolfsburg,0,False,0,0.40962333287293956,0.2913276570918923,0.2990490100351681,0.40962333287293956,0.2913276570918923,0.2990490100351681,0.40962333287293956,0.2913276570918923,0.2990490100351681,0.40962333287293956,0.2913276570918923,0.2990490100351681,False
2122,2021-08-21,Greuther Furth,Bielefeld,1,True,2,0.3,0.26,0.44,0.28053263649733595,0.14483748818197306,0.574629875320691,0.28247937284760233,0.15635373936377575,0.5611668877886219,0.21343215883956348,0.32625767258731203,0.46031016857312457,True
2122,2021-08-21,Bochum,Mainz,2,True,2,0.3,0.26,0.44,0.3117791373469052,0.17517953431981068,0.5130413283332841,0.31060122361221465,0.1836615808878296,0.5057371954999557,0.30787302502957975,0.2918729340320381,0.400254040938382,True
2122,2021-08-21,Ein Frankfurt,Augsburg,1,False,0,0.18113621819979506,0.22927822696598726,0.5895855548342177,0.18113621819979506,0.22927822696598726,0.5895855548342177,0.18113621819979506,0.22927822696598726,0.5895855548342177,0.18113621819979506,0.22927822696598726,0.5895855548342177,False
2122,2021-08-21,Freiburg,Dortmund,2,False,0,0.530988073454381,0.2402588970466355,0.22875302949898343,0.530988073454381,0.2402588970466355,0.22875302949898343,0.530988073454381,0.2402588970466355,0.22875302949898343,0.530988073454381,0.2402588970466355,0.22875302949898343,False
2122,2021-08-22,Bayern Munich,FC Koln,2,False,0,0.03610298369800022,0.08844348840594204,0.8754535278960578,0.03610298369800022,0.08844348840594204,0.8754535278960578,0.03610298369800022,0.08844348840594204,0.8754535278960578,0.03610298369800022,0.08844348840594204,0.8754535278960578,False
2122,2021-08-22,Hoffenheim,Union Berlin,1,False,0,0.25294081688880604,0.26823499945483303,0.4788241836563609,0.25294081688880604,0.26823499945483303,0.4788241836563609,0.25294081688880604,0.26823499945483303,0.4788241836563609,0.25294081688880604,0.26823499945483303,0.4788241836563609,False
2122,2021-08-27,Dortmund,Hoffenheim,2,False,0,0.18401087421634102,0.20580134290395607,0.610187782879703,0.18401087421634102,0.20580134290395607,0.610187782879703,0.18401087421634102,0.20580134290395607,0.610187782879703,0.18401087421634102,0.20580134290395607,0.610187782879703,False
2122,2021-08-28,Mainz,Greuther Furth,2,True,3,0.3,0.26,0.44,0.288200166755344,0.15157602052968727,0.5602238127149688,0.29056013340427517,0.1732608164237498,0.5361790501719751,0.2820742046394562,0.2884843800130919,0.42944141534745195,True
2122,2021-08-28,Stuttgart,Freiburg,0,False,0,0.30872420833537617,0.2827195397615073,0.4085562519031165,0.30872420833537617,0.2827195397615073,0.4085562519031165,0.30872420833537617,0.2827195397615073,0.4085562519031165,0.30872420833537617,0.2827195397615073,0.4085562519031165,False
2122,2021-08-28,FC Koln,Bochum,2,True,3,0.3,0.26,0.44,0.3541929835168608,0.23981455003586846,0.4059924664472707,0.3433543868134886,0.24385164002869478,0.4127939731578166,0.31666158918724985,0.2822977833868296,0.40104062742592056,True
2122,2021-08-28,Augsburg,Leverkusen,0,False,0,0.48636290481930583,0.2725456228116037,0.24109147236909054,0.48636290481930583,0.2725456228116037,0.24109147236909054,0.48636290481930583,0.2725456228116037,0.24109147236909054,0.48636290481930583,0.2725456228116037,0.24109147236909054,False
2122,2021-08-28,Bayern Munich,Hertha,2,False,0,0.058808633506212404,0.1256976986295984,0.8154936678641893,0.058808633506212404,0.1256976986295984,0.8154936678641893,0.058808633506212404,0.1256976986295984,0.8154936678641893,0.058808633506212404,0.1256976986295984,0.8154936678641893,False
2122,2021-08-28,Bielefeld,Ein Frankfurt,1,False,0,0.5029570533053906,0.29475084645371236,0.20229210024089694,0.5029570533053906,0.29475084645371236,0.20229210024089694,0.5029570533053906,0.29475084645371236,0.20229210024089694,0.5029570533053906,0.29475084645371236,0.20229210024089694,False
2122,2021-08-29,Union Berlin,M'gladbach,2,False,0,0.3747418955660494,0.28265243103831394,0.34260567339563663,0.3747418955660494,0.28265243103831394,0.34260567339563663,0.3747418955660494,0.28265243103831394,0.34260567339563663,0.3747418955660494,0.28265243103831394,0.34260567339563663,False
2122,2021-08-29,Wolfsburg,RB Leipzig,2,False,0,0.4101624809747211,0.2923675086407011,0.2974700103845779,0.4101624809747211,0.2923675086407011,0.2974700103845779,0.4101624809747211,0.2923675086407011,0.2974700103845779,0.4101624809747211,0.2923675086407011,0.2974700103845779,False
2122,2021-09-11,Freiburg,FC Koln,1,False,0,0.21891134170923643,0.2615757455313625,0.5195129127594011,0.21891134170923643,0.2615757455313625,0.5195129127594011,0.21891134170923643,0.2615757455313625,0.5195129127594011,0.21891134170923643,0.2615757455313625,0.5195129127594011,False
2122,2021-09-11,Greuther Furth,Wolfsburg,0,True,4,0.3,0.26,0.44,0.5079260274484712,0.17789282553687688,0.31418114701465194,0.4455482192139298,0.2025249778758138,0.35192680291025635,0.4638213453353208,0.280744238059796,0.2554344166048832,True
2122,2021-09-11,Hoffenheim,Mainz,0,False,0,0.19016048044106057,0.24197186842974702,0.5678676511291925,0.19016048044106057,0.24197186842974702,0.5678676511291925,0.19016048044106057,0.24197186842974702,0.5678676511291925,0.19016048044106057,0.24197186842974702,0.5678676511291925,False
2122,2021-09-11,Leverkusen,Dortmund,0,False,0,0.3963251000354636,0.25656889523437404,0.34710600473016234,0.3963251000354636,0.25656889523437404,0.34710600473016234,0.3963251000354636,0.25656889523437404,0.34710600473016234,0.3963251000354636,0.25656889523437404,0.34710600473016234,False
2122,2021-09-11,RB Leipzig,Bayern Munich,0,False,0,0.4349881632483774,0.2600780457825606,0.3049337909690619,0.4349881632483774,0.2600780457825606,0.3049337909690619,0.4349881632483774,0.2600780457825606,0.3049337909690619,0.4349881632483774,0.2600780457825606,0.3049337909690619,False
2122,2021-09-11,Union Berlin,Augsburg,1,False,0,0.22040372762916105,0.2802298578964757,0.49936641447436325,0.22040372762916105,0.2802298578964757,0.49936641447436325,0.22040372762916105,0.2802298578964757,0.49936641447436325,0.22040372762916105,0.2802298578964757,0.49936641447436325,False
2122,2021-09-12,Bochum,Hertha,0,True,4,0.3,0.26,0.44,0.25379850422914785,0.123888554975263,0.6223129407955892,0.2676589529604035,0.1647219884826841,0.5676190585569124,0.3429166653609228,0.2916471122620734,0.3654362223770038,True
2122,2021-09-12,Ein Frankfurt,Stuttgart,1,False,0,0.2253638558269853,0.24062257949060034,0.5340135646824145,0.2253638558269853,0.24062257949060034,0.5340135646824145,0.2253638558269853,0.24062257949060034,0.5340135646824145,0.2253638558269853,0.24062257949060034,0.5340135646824145,False
2122,2021-09-12,M'gladbach,Bielefeld,2,False,0,0.11547518549768027,0.2473693403954214,0.6371554741068982,0.11547518549768027,0.2473693403954214,0.6371554741068982,0.11547518549768027,0.2473693403954214,0.6371554741068982,0.11547518549768027,0.2473693403954214,0.6371554741068982,False
2122,2021-09-17,Hertha,Greuther Furth,2,True,5,0.3,0.26,0.44,0.29755026559749587,0.16035546579740606,0.5420942686050981,0.29853015935849747,0.20021327947844364,0.5012565611630588,0.2513981517047364,0.27971370677489893,0.4688881415203647,True
2122,2021-09-18,Mainz,Freiburg,1,False,0,0.3482686275146256,0.2939603865475336,0.35777098593784074,0.3482686275146256,0.2939603865475336,0.35777098593784074,0.3482686275146256,0.2939603865475336,0.35777098593784074,0.3482686275146256,0.2939603865475336,0.35777098593784074,False
2122,2021-09-18,FC Koln,RB Leipzig,1,False,0,0.6159595586824477,0.23283928502534865,0.1512011562922037,0.6159595586824477,0.23283928502534865,0.1512011562922037,0.6159595586824477,0.23283928502534865,0.1512011562922037,0.6159595586824477,0.23283928502534865,0.1512011562922037,False
2122,2021-09-18,Augsburg,M'gladbach,2,False,0,0.4726020162878573,0.26554779264783096,0.26185019106431173,0.4726020162878573,0.26554779264783096,0.26185019106431173,0.4726020162878573,0.26554779264783096,0.26185019106431173,0.4726020162878573,0.26554779264783096,0.26185019106431173,False
2122,2021-09-18,Bayern Munich,Bochum,2,True,5,0.3,0.26,0.44,0.05562745620475029,0.05,0.8943725437952497,0.15337647372285018,0.134,0.7126235262771499,0.042400995450585954,0.10109272971321323,0.8565062748362008,True
2122,2021-09-18,Bielefeld,Hoffenheim,1,False,0,0.4955340788269902,0.30157076222586227,0.2028951589471476,0.4955340788269902,0.30157076222586227,0.2028951589471476,0.4955340788269902,0.30157076222586227,0.2028951589471476,0.4955340788269902,0.30157076222586227,0.2028951589471476,False
2122,2021-09-19,Dortmund,Union Berlin,2,False,0,0.1500180502326728,0.2138428642482773,0.63613908551905,0.1500180502326728,0.2138428642482773,0.63613908551905,0.1500180502326728,0.2138428642482773,0.63613908551905,0.1500180502326728,0.2138428642482773,0.63613908551905,False
2122,2021-09-19,Stuttgart,Leverkusen,0,False,0,0.4325947752199276,0.27648944167933376,0.29091578310073873,0.4325947752199276,0.27648944167933376,0.29091578310073873,0.4325947752199276,0.27648944167933376,0.29091578310073873,0.4325947752199276,0.27648944167933376,0.29091578310073873,False
2122,2021-09-19,Wolfsburg,Ein Frankfurt,1,False,0,0.27833394405660045,0.2608263734479571,0.4608396824954425,0.27833394405660045,0.2608263734479571,0.4608396824954425,0.27833394405660045,0.2608263734479571,0.4608396824954425,0.27833394405660045,0.2608263734479571,0.4608396824954425,False
2122,2021-09-24,Greuther Furth,Bayern Munich,0,True,6,0.3,0.26,0.44,0.3,0.26,0.44,0.5534128258244916,0.15870952524022183,0.28787764893528656,0.754706125289272,0.15685560947959404,0.08843826523113402,False
2122,2021-09-25,Ein Frankfurt,FC Koln,1,False,0,0.16276551848028736,0.2123893551550289,0.6248451263646838,0.16276551848028736,0.2123893551550289,0.6248451263646838,0.16276551848028736,0.2123893551550289,0.6248451263646838,0.16276551848028736,0.2123893551550289,0.6248451263646838,False
2122,2021-09-25,Hoffenheim,Wolfsburg,2,False,0,0.32722384854479236,0.27295142781631815,0.39982472363888955,0.32722384854479236,0.27295142781631815,0.39982472363888955,0.32722384854479236,0.27295142781631815,0.39982472363888955,0.32722384854479236,0.27295142781631815,0.39982472363888955,False
2122,2021-09-25,M'gladbach,Dortmund,2,False,0,0.4283260672967334,0.24400679133517175,0.327667141368095,0.4283260672967334,0.24400679133517175,0.327667141368095,0.4283260672967334,0.24400679133517175,0.327667141368095,0.4283260672967334,0.24400679133517175,0.327667141368095,False
2122,2021-09-25,RB Leipzig,Hertha,2,False,0,0.12088929096263577,0.2185605525410792,0.660550156496285,0.12088929096263577,0.2185605525410792,0.660550156496285,0.12088929096263577,0.2185605525410792,0.660550156496285,0.12088929096263577,0.2185605525410792,0.660550156496285,False
2122,2021-09-25,Union Berlin,Bielefeld,2,False,0,0.15709999785342377,0.30871735193014344,0.5341826502164327,0.15709999785342377,0.30871735193014344,0.5341826502164327,0.15709999785342377,0.30871735193014344,0.5341826502164327,0.15709999785342377,0.30871735193014344,0.5341826502164327,False
2122,2021-09-25,Leverkusen,Mainz,2,False,0,0.15680759722569693,0.2386972344465799,0.6044951683277232,0.15680759722569693,0.2386972344465799,0.6044951683277232,0.15680759722569693,0.2386972344465799,0.6044951683277232,0.15680759722569693,0.2386972344465799,0.6044951683277232,False
2122,2021-09-26,Bochum,Stuttgart,1,True,6,0.3,0.26,0.44,0.3,0.26,0.44,0.30178233152753897,0.21319087355163827,0.4850267949208228,0.35489658948548813,0.28525783510944924,0.3598455754050626,False
2122,2021-09-26,Freiburg,Augsburg,2,False,0,0.23771294006540544,0.2756784670339782,0.4866085929006164,0.23771294006540544,0.2756784670339782,0.4866085929006164,0.23771294006540544,0.2756784670339782,0.4866085929006164,0.23771294006540544,0.2756784670339782,0.4866085929006164,False
2122,2021-10-01,FC Koln,Greuther Furth,2,True,7,0.3,0.26,0.44,0.3,0.26,0.44,0.29801566759397047,0.2191724895450876,0.48281184286094203,0.31666158918724985,0.2822977833868296,0.40104062742592056,False
2122,2021-10-02,Stuttgart,Hoffenheim,2,False,0,0.3888261664834098,0.26731777727236716,0.343856056244223,0.3888261664834098,0.26731777727236716,0.343856056244223,0.3888261664834098,0.26731777727236716,0.343856056244223,0.3888261664834098,0.26731777727236716,0.343856056244223,False
2122,2021-10-02,Wolfsburg,M'gladbach,0,False,0,0.30052961374399956,0.2726094641091872,0.42686092214681337,0.30052961374399956,0.2726094641091872,0.42686092214681337,0.30052961374399956,0.2726094641091872,0.42686092214681337,0.30052961374399956,0.2726094641091872,0.42686092214681337,False
2122,2021-10-02,RB Leipzig,Bochum,2,True,7,0.3,0.26,0.44,0.3,0.26,0.44,0.23725435105795223,0.1803312836350603,0.5824143653069875,0.09527368239592832,0.1923748027997843,0.7123515148042874,False
2122,2021-10-02,Dortmund,Augsburg,2,False,0,0.09757720221930134,0.16800975219842168,0.7344130455822769,0.09757720221930134,0.16800975219842168,0.7344130455822769,0.09757720221930134,0.16800975219842168,0.7344130455822769,0.09757720221930134,0.16800975219842168,0.7344130455822769,False
2122,2021-10-02,Hertha,Freiburg,0,False,0,0.3148717509628477,0.2900628180598801,0.3950654309772722,0.3148717509628477,0.2900628180598801,0.3950654309772722,0.3148717509628477,0.2900628180598801,0.3950654309772722,0.3148717509628477,0.2900628180598801,0.3950654309772722,False
2122,2021-10-03,Bayern Munich,Ein Frankfurt,0,False,0,0.09273754598044427,0.1425642563664739,0.7646981976530818,0.09273754598044427,0.1425642563664739,0.7646981976530818,0.09273754598044427,0.1425642563664739,0.7646981976530818,0.09273754598044427,0.1425642563664739,0.7646981976530818,False
2122,2021-10-03,Bielefeld,Leverkusen,0,False,0,0.5273472833005507,0.30174353036629536,0.170909186333154,0.5273472833005507,0.30174353036629536,0.170909186333154,0.5273472833005507,0.30174353036629536,0.170909186333154,0.5273472833005507,0.30174353036629536,0.170909186333154,False
2122,2021-10-03,Mainz,Union Berlin,0,False,0,0.3631709372474698,0.30317097674684806,0.3336580860056822,0.3631709372474698,0.30317097674684806,0.3336580860056822,0.3631709372474698,0.30317097674684806,0.3336580860056822,0.3631709372474698,0.30317097674684806,0.3336580860056822,False
2122,2021-10-15,Hoffenheim,FC Koln,2,False,0,0.1645450247138802,0.21903749736371628,0.6164174779224035,0.1645450247138802,0.21903749736371628,0.6164174779224035,0.1645450247138802,0.21903749736371628,0.6164174779224035,0.1645450247138802,0.21903749736371628,0.6164174779224035,False
2122,2021-10-16,Union Berlin,Wolfsburg,2,False,0,0.3644487600693715,0.3008991832111916,0.334652056719437,0.3644487600693715,0.3008991832111916,0.334652056719437,0.3644487600693715,0.3008991832111916,0.334652056719437,0.3644487600693715,0.3008991832111916,0.334652056719437,False
2122,2021-10-16,M'gladbach,Stuttgart,1,False,0,0.2040362666160723,0.24113652034147356,0.5548272130424542,0.2040362666160723,0.24113652034147356,0.5548272130424542,0.2040362666160723,0.24113652034147356,0.5548272130424542,0.2040362666160723,0.24113652034147356,0.5548272130424542,False
2122,2021-10-16,Greuther Furth,Bochum,0,True,8,0.3,0.26,0.44,0.3,0.26,0.44,0.3070099712496652,0.23868959455488953,0.4543004341954453,0.29638456504241545,0.2853942365217987,0.41822119843578576,False
2122,2021-10-16,Freiburg,RB Leipzig,1,False,0,0.5145711532510906,0.2698867822393895,0.21554206450951996,0.5145711532510906,0.2698867822393895,0.21554206450951996,0.5145711532510906,0.2698867822393895,0.21554206450951996,0.5145711532510906,0.2698867822393895,0.21554206450951996,False
2122,2021-10-16,Dortmund,Mainz,2,False,0,0.10324879630452817,0.17522679960870396,0.7215244040867679,0.10324879630452817,0.17522679960870396,0.7215244040867679,0.10324879630452817,0.17522679960870396,0.7215244040867679,0.10324879630452817,0.17522679960870396,0.7215244040867679,False
2122,2021-10-16,Ein Frankfurt,Hertha,0,False,0,0.21748871298395983,0.24461563012979282,0.5378956568862474,0.21748871298395983,0.24461563012979282,0.5378956568862474,0.21748871298395983,0.24461563012979282,0.5378956568862474,0.21748871298395983,0.24461563012979282,0.5378956568862474,False
2122,2021-10-17,Augsburg,Bielefeld,1,False,0,0.2101742404974427,0.3278848457354656,0.4619409137670917,0.2101742404974427,0.3278848457354656,0.4619409137670917,0.2101742404974427,0.3278848457354656,0.4619409137670917,0.2101742404974427,0.3278848457354656,0.4619409137670917,False
2122,2021-10-17,Leverkusen,Bayern Munich,0,False,0,0.5541303067271653,0.23103587856154634,0.2148338147112883,0.5541303067271653,0.23103587856154634,0.2148338147112883,0.5541303067271653,0.23103587856154634,0.2148338147112883,0.5541303067271653,0.23103587856154634,0.2148338147112883,False
2122,2021-10-22,Mainz,Augsburg,2,False,0,0.28523980280814487,0.29156526933979104,0.42319492785206403,0.28523980280814487,0.29156526933979104,0.42319492785206403,0.28523980280814487,0.29156526933979104,0.42319492785206403,0.28523980280814487,0.29156526933979104,0.42319492785206403,False
2122,2021-10-23,Wolfsburg,Freiburg,0,False,0,0.21294029095903735,0.267706138007854,0.5193535710331086,0.21294029095903735,0.267706138007854,0.5193535710331086,0.21294029095903735,0.267706138007854,0.5193535710331086,0.21294029095903735,0.267706138007854,0.5193535710331086,False
2122,2021-10-23,RB Leipzig,Greuther Furth,2,True,9,0.3,0.26,0.44,0.3,0.26,0.44,0.26248465456540165,0.21800000000000003,0.5195153454345983,0.09527368239592832,0.1923748027997843,0.7123515148042874,False
2122,2021-10-23,Hertha,M'gladbach,2,False,0,0.4223154839534887,0.27307340384571976,0.30461111220079146,0.4223154839534887,0.27307340384571976,0.30461111220079146,0.4223154839534887,0.27307340384571976,0.30461111220079146,0.4223154839534887,0.27307340384571976,0.30461111220079146,False
2122,2021-10-23,Bielefeld,Dortmund,0,False,0,0.6380943695150726,0.23952864074249963,0.12237698974242778,0.6380943695150726,0.23952864074249963,0.12237698974242778,0.6380943695150726,0.23952864074249963,0.12237698974242778,0.6380943695150726,0.23952864074249963,0.12237698974242778,False
2122,2021-10-23,Bayern Munich,Hoffenheim,2,False,0,0.09341182913354268,0.14752379884788078,0.7590643720185766,0.09341182913354268,0.14752379884788078,0.7590643720185766,0.09341182913354268,0.14752379884788078,0.7590643720185766,0.09341182913354268,0.14752379884788078,0.7590643720185766,False
2122,2021-10-24,Bochum,Ein Frankfurt,2,True,9,0.3,0.26,0.44,0.3,0.26,0.44,0.3201953858714275,0.2566634189821686,0.4231411951464039,0.45742401345180445,0.2590075387316723,0.2835684478165233,False
2122,2021-10-24,FC Koln,Leverkusen,1,False,0,0.519459587125995,0.25858352423637615,0.22195688863762875,0.519459587125995,0.25858352423637615,0.22195688863762875,0.519459587125995,0.25858352423637615,0.22195688863762875,0.519459587125995,0.25858352423637615,0.22195688863762875,False
2122,2021-10-24,Stuttgart,Union Berlin,1,False,0,0.32455789132596563,0.2936731097251615,0.3817689989488728,0.32455789132596563,0.2936731097251615,0.3817689989488728,0.32455789132596563,0.2936731097251615,0.3817689989488728,0.32455789132596563,0.2936731097251615,0.3817689989488728,False
2122,2021-10-29,Hoffenheim,Hertha,2,False,0,0.21856475797791536,0.25100430340843316,0.5304309386136515,0.21856475797791536,0.25100430340843316,0.5304309386136515,0.21856475797791536,0.25100430340843316,0.5304309386136515,0.21856475797791536,0.25100430340843316,0.5304309386136515,False
2122,2021-10-30,Union Berlin,Bayern Munich,0,False,0,0.65056411389015,0.20783819578949767,0.14159769032035235,0.65056411389015,0.20783819578949767,0.14159769032035235,0.65056411389015,0.20783819578949767,0.14159769032035235,0.65056411389015,0.20783819578949767,0.14159769032035235,False
2122,2021-10-30,Leverkusen,Wolfsburg,0,False,0,0.2766322994131383,0.28102430113435095,0.44234339945251067,0.2766322994131383,0.28102430113435095,0.44234339945251067,0.2766322994131383,0.28102430113435095,0.44234339945251067,0.2766322994131383,0.28102430113435095,0.44234339945251067,False
2122,2021-10-30,Freiburg,Greuther Furth,2,True,10,0.3,0.26,0.44,0.3,0.26,0.44,0.28717336482914196,0.24147334932289924,0.4713532858479588,0.23445554897529522,0.2721086908019483,0.49343576022275654,False
2122,2021-10-30,Ein Frankfurt,RB Leipzig,1,False,0,0.456101524731705,0.26253764147720277,0.28136083379109234,0.456101524731705,0.26253764147720277,0.28136083379109234,0.456101524731705,0.26253764147720277,0.28136083379109234,0.456101524731705,0.26253764147720277,0.28136083379109234,False
2122,2021-10-30,Dortmund,FC Koln,2,False,0,0.08406377874119716,0.14904936089322368,0.7668868603655792,0.08406377874119716,0.14904936089322368,0.7668868603655792,0.08406377874119716,0.14904936089322368,0.7668868603655792,0.08406377874119716,0.14904936089322368,0.7668868603655792,False
2122,2021-10-30,Bielefeld,Mainz,0,False,0,0.35950645738305625,0.34925099933440445,0.2912425432825394,0.35950645738305625,0.34925099933440445,0.2912425432825394,0.35950645738305625,0.34925099933440445,0.2912425432825394,0.35950645738305625,0.34925099933440445,0.2912425432825394,False
2122,2021-10-31,Augsburg,Stuttgart,2,False,0,0.3494102278485076,0.28763326567252556,0.3629565064789668,0.3494102278485076,0.28763326567252556,0.3629565064789668,0.3494102278485076,0.28763326567252556,0.3629565064789668,0.3494102278485076,0.28763326567252556,0.3629565064789668,False
2122,2021-10-31,M'gladbach,Bochum,2,True,10,0.3,0.26,0.44,0.3,0.26,0.44,0.29189175144140783,0.24408539328757986,0.46402285527101234,0.16025641400522816,0.22393858742225134,0.6158049985725205,False
2122,2021-11-05,Mainz,M'gladbach,1,False,0,0.45971232318570926,0.2699708594710029,0.27031681734328794,0.45971232318570926,0.2699708594710029,0.27031681734328794,0.45971232318570926,0.2699708594710029,0.27031681734328794,0.45971232318570926,0.2699708594710029,0.27031681734328794,False
2122,2021-11-06,Wolfsburg,Augsburg,2,False,0,0.1651304209319799,0.24790719436032388,0.5869623847076962,0.1651304209319799,0.24790719436032388,0.5869623847076962,0.1651304209319799,0.24790719436032388,0.5869623847076962,0.1651304209319799,0.24790719436032388,0.5869623847076962,False
2122,2021-11-06,Stuttgart,Bielefeld,0,False,0,0.17594026538612792,0.30461228732976464,0.5194474472841074,0.17594026538612792,0.30461228732976464,0.5194474472841074,0.17594026538612792,0.30461228732976464,0.5194474472841074,0.17594026538612792,0.30461228732976464,0.5194474472841074,False
2122,2021-11-06,RB Leipzig,Dortmund,2,False,0,0.290283869905691,0.2586746249175633,0.45104150517674585,0.290283869905691,0.2586746249175633,0.45104150517674585,0.290283869905691,0.2586746249175633,0.45104150517674585,0.290283869905691,0.2586746249175633,0.45104150517674585,False
2122,2021-11-06,Bochum,Hoffenheim,2,True,11,0.3,0.26,0.44,0.3,0.26,0.44,0.3,0.26,0.44,0.45126481299602533,0.2649977339944413,0.2837374530095334,False
2122,2021-11-06,Bayern Munich,Freiburg,2,False,0,0.06584439034101723,0.13249606241369857,0.8016595472452841,0.06584439034101723,0.13249606241369857,0.8016595472452841,0.06584439034101723,0.13249606241369857,0.8016595472452841,0.06584439034101723,0.13249606241369857,0.8016595472452841,False
2122,2021-11-07,FC Koln,Union Berlin,1,False,0,0.4029091134754841,0.2908956382300643,0.3061952482944516,0.4029091134754841,0.2908956382300643,0.3061952482944516,0.4029091134754841,0.2908956382300643,0.3061952482944516,0.4029091134754841,0.2908956382300643,0.3061952482944516,False
2122,2021-11-07,Greuther Furth,Ein Frankfurt,0,True,11,0.3,0.26,0.44,0.3,0.26,0.44,0.3,0.26,0.44,0.45742401345180445,0.2590075387316723,0.2835684478165233,False
2122,2021-11-07,Hertha,Leverkusen,1,False,0,0.4373373345652997,0.2817373310114891,0.2809253344232112,0.4373373345652997,0.2817373310114891,0.2809253344232112,0.4373373345652997,0.2817373310114891,0.2809253344232112,0.4373373345652997,0.2817373310114891,0.2809253344232112,False
2122,2021-11-19,Augsburg,Bayern Munich,2,False,0,0.747504909913846,0.1613962154707995,0.09109887461535449,0.747504909913846,0.1613962154707995,0.09109887461535449,0.747504909913846,0.1613962154707995,0.09109887461535449,0.747504909913846,0.1613962154707995,0.09109887461535449,False
2122,2021-11-20,Union Berlin,Hertha,2,False,0,0.25712364192294246,0.2910621874483895,0.451814170628668,0.25712364192294246,0.2910621874483895,0.451814170628668,0.25712364192294246,0.2910621874483895,0.451814170628668,0.25712364192294246,0.2910621874483895,0.451814170628668,False
2122,2021-11-20,M'gladbach,Greuther Furth,2,True,12,0.3,0.26,0.44,0.3,0.26,0.44,0.3,0.26,0.44,0.16025641400522816,0.22393858742225134,0.6158049985725205,False
2122,2021-11-20,Leverkusen,Bochum,2,True,12,0.3,0.26,0.44,0.3,0.26,0.44,0.3,0.26,0.44,0.1471945563670337,0.22757920483891675,0.6252262387940496,False
2122,2021-11-20,Hoffenheim,RB Leipzig,2,False,0,0.4533715061005973,0.26804224940164145,0.27858624449776126,0.4533715061005973,0.26804224940164145,0.27858624449776126,0.4533715061005973,0.26804224940164145,0.27858624449776126,0.4533715061005973,0.26804224940164145,0.27858624449776126,False
2122,2021-11-20,Dortmund,Stuttgart,2,False,0,0.12708940283752412,0.18630350989979017,0.6866070872626857,0.12708940283752412,0.18630350989979017,0.6866070872626857,0.12708940283752412,0.18630350989979017,0.6866070872626857,0.12708940283752412,0.18630350989979017,0.6866070872626857,False
2122,2021-11-20,Bielefeld,Wolfsburg,1,False,0,0.4994433313190679,0.3165739306418396,0.18398273803909257,0.4994433313190679,0.3165739306418396,0.18398273803909257,0.4994433313190679,0.3165739306418396,0.18398273803909257,0.4994433313190679,0.3165739306418396,0.18398273803909257,False
2122,2021-11-21,Freiburg,Ein Frankfurt,0,False,0,0.3788125190789486,0.26571057103719453,0.355476909883857,0.3788125190789486,0.26571057103719453,0.355476909883857,0.3788125190789486,0.26571057103719453,0.355476909883857,0.3788125190789486,0.26571057103719453,0.355476909883857,False
2122,2021-11-21,Mainz,FC Koln,1,False,0,0.26591838706364,0.280044907166333,0.45403670577002697,0.26591838706364,0.280044907166333,0.45403670577002697,0.26591838706364,0.280044907166333,0.45403670577002697,0.26591838706364,0.280044907166333,0.45403670577002697,False
2122,2021-11-26,Stuttgart,Mainz,2,False,0,0.2561423109551656,0.2791611510202919,0.4646965380245426,0.2561423109551656,0.2791611510202919,0.4646965380245426,0.2561423109551656,0.2791611510202919,0.4646965380245426,0.2561423109551656,0.2791611510202919,0.4646965380245426,False
2122,2021-11-27,Wolfsburg,Dortmund,0,False,0,0.41715555368453416,0.26138074388080845,0.3214637024346575,0.41715555368453416,0.26138074388080845,0.3214637024346575,0.41715555368453416,0.26138074388080845,0.3214637024346575,0.41715555368453416,0.26138074388080845,0.3214637024346575,False
2122,2021-11-27,Greuther Furth,Hoffenheim,0,True,13,0.3,0.26,0.44,0.3,0.26,0.44,0.3,0.26,0.44,0.45126481299602533,0.2649977339944413,0.2837374530095334,False
2122,2021-11-27,Hertha,Augsburg,1,False,0,0.25462151578124087,0.283107378360805,0.46227110585795417,0.25462151578124087,0.283107378360805,0.46227110585795417,0.25462151578124087,0.283107378360805,0.46227110585795417,0.25462151578124087,0.283107378360805,0.46227110585795417,False
2122,2021-11-27,Bochum,Freiburg,2,True,13,0.3,0.26,0.44,0.3,0.26,0.44,0.3,0.26,0.44,0.36480305104863,0.2889632909905109,0.34623365796085925,False
2122,2021-11-27,Bayern Munich,Bielefeld,2,False,0,0.03246660131779632,0.1162317986868097,0.851301599995394,0.03246660131779632,0.1162317986868097,0.851301599995394,0.03246660131779632,0.1162317986868097,0.851301599995394,0.03246660131779632,0.1162317986868097,0.851301599995394,False
2122,2021-11-27,FC Koln,M'gladbach,2,False,0,0.5059933483297558,0.2525520562827138,0.24145459538753036,0.5059933483297558,0.2525520562827138,0.24145459538753036,0.5059933483297558,0.2525520562827138,0.24145459538753036,0.5059933483297558,0.2525520562827138,0.24145459538753036,False
2122,2021-11-28,Ein Frankfurt,Union Berlin,2,False,0,0.2524419872863377,0.2620180707803044,0.485539941933358,0.2524419872863377,0.2620180707803044,0.485539941933358,0.2524419872863377,0.2620180707803044,0.485539941933358,0.2524419872863377,0.2620180707803044,0.485539941933358,False
2122,2021-11-28,RB Leipzig,Leverkusen,0,False,0,0.21308557105076767,0.2648660037711144,0.522048425178118,0.21308557105076767,0.2648660037711144,0.522048425178118,0.21308557105076767,0.2648660037711144,0.522048425178118,0.21308557105076767,0.2648660037711144,0.522048425178118,False
2122,2021-12-03,Union Berlin,RB Leipzig,2,False,0,0.4842828974031537,0.2851301694755564,0.23058693312128992,0.4842828974031537,0.2851301694755564,0.23058693312128992,0.4842828974031537,0.2851301694755564,0.23058693312128992,0.4842828974031537,0.2851301694755564,0.23058693312128992,False
2122,2021-12-04,Mainz,Wolfsburg,2,False,0,0.4449267768859109,0.2884971172648057,0.2665761058492834,0.4449267768859109,0.2884971172648057,0.2665761058492834,0.4449267768859109,0.2884971172648057,0.2665761058492834,0.4449267768859109,0.2884971172648057,0.2665761058492834,False
2122,2021-12-04,Leverkusen,Greuther Furth,2,True,14,0.3,0.26,0.44,0.3,0.26,0.44,0.3,0.26,0.44,0.1471945563670337,0.22757920483891675,0.6252262387940496,False
2122,2021-12-04,Hoffenheim,Ein Frankfurt,2,False,0,0.30988288582072415,0.2450462678054174,0.4450708463738584,0.30988288582072415,0.2450462678054174,0.4450708463738584,0.30988288582072415,0.2450462678054174,0.4450708463738584,0.30988288582072415,0.2450462678054174,0.4450708463738584,False
2122,2021-12-04,Dortmund,Bayern Munich,0,False,0,0.47433376288701473,0.22716142074336493,0.2985048163696204,0.47433376288701473,0.22716142074336493,0.2985048163696204,0.47433376288701473,0.22716142074336493,0.2985048163696204,0.47433376288701473,0.22716142074336493,0.2985048163696204,False
2122,2021-12-04,Augsburg,Bochum,0,True,14,0.3,0.26,0.44,0.3,0.26,0.44,0.3,0.26,0.44,0.2916805906743146,0.28730322117619883,0.4210161881494867,False
2122,2021-12-04,Bielefeld,FC Koln,1,False,0,0.33673482247020153,0.339981989105812,0.32328318842398657,0.33673482247020153,0.339981989105812,0.32328318842398657,0.33673482247020153,0.339981989105812,0.32328318842398657,0.33673482247020153,0.339981989105812,0.32328318842398657,False
2122,2021-12-05,M'gladbach,Freiburg,0,False,0,0.21353365746621478,0.24870706030501727,0.5377592822287679,0.21353365746621478,0.24870706030501727,0.5377592822287679,0.21353365746621478,0.24870706030501727,0.5377592822287679,0.21353365746621478,0.24870706030501727,0.5377592822287679,False
2122,2021-12-05,Stuttgart,Hertha,1,False,0,0.28850572899034266,0.28299185158348955,0.4285024194261679,0.28850572899034266,0.28299185158348955,0.4285024194261679,0.28850572899034266,0.28299185158348955,0.4285024194261679,0.28850572899034266,0.28299185158348955,0.4285024194261679,False
2122,2021-12-10,FC Koln,Augsburg,0,False,0,0.3199209890269602,0.2850602318760073,0.3950187790970325,0.3199209890269602,0.2850602318760073,0.3950187790970325,0.3199209890269602,0.2850602318760073,0.3950187790970325,0.3199209890269602,0.2850602318760073,0.3950187790970325,False
2122,2021-12-11,Wolfsburg,Stuttgart,0,False,0,0.20402248684057026,0.2601569976410563,0.5358205155183733,0.20402248684057026,0.2601569976410563,0.5358205155183733,0.20402248684057026,0.2601569976410563,0.5358205155183733,0.20402248684057026,0.2601569976410563,0.5358205155183733,False
2122,2021-12-11,Hertha,Bielefeld,2,False,0,0.18108156818157004,0.3150317618915253,0.5038866699269047,0.18108156818157004,0.3150317618915253,0.5038866699269047,0.18108156818157004,0.3150317618915253,0.5038866699269047,0.18108156818157004,0.3150317618915253,0.5038866699269047,False
2122,2021-12-11,RB Leipzig,M'gladbach,2,False,0,0.1964320857535275,0.24593507752971452,0.5576328367167579,0.1964320857535275,0.24593507752971452,0.5576328367167579,0.1964320857535275,0.24593507752971452,0.5576328367167579,0.1964320857535275,0.24593507752971452,0.5576328367167579,False
2122,2021-12-11,Bochum,Dortmund,1,True,15,0.3,0.26,0.44,0.3,0.26,0.44,0.3,0.26,0.44,0.6119306074598548,0.21677808165301432,0.1712913108871308,False
2122,2021-12-11,Bayern Munich,Mainz,2,False,0,0.04762162521508562,0.11185053378803483,0.8405278409968795,0.04762162521508562,0.11185053378803483,0.8405278409968795,0.04762162521508562,0.11185053378803483,0.8405278409968795,0.04762162521508562,0.11185053378803483,0.8405278409968795,False
2122,2021-12-11,Freiburg,Hoffenheim,0,False,0,0.3741144945361173,0.2713973592605024,0.3544881462033803,0.3741144945361173,0.2713973592605024,0.3544881462033803,0.3741144945361173,0.2713973592605024,0.3544881462033803,0.3741144945361173,0.2713973592605024,0.3544881462033803,False
2122,2021-12-12,Ein Frankfurt,Leverkusen,2,False,0,0.3534917265767041,0.26190949436299893,0.38459877906029694,0.3534917265767041,0.26190949436299893,0.38459877906029694,0.3534917265767041,0.26190949436299893,0.38459877906029694,0.3534917265767041,0.26190949436299893,0.38459877906029694,False
2122,2021-12-12,Greuther Furth,Union Berlin,2,True,15,0.3,0.26,0.44,0.3,0.26,0.44,0.3,0.26,0.44,0.3798897411296352,0.29756031908187064,0.32254993978849417,False
2122,2021-12-14,Bielefeld,Bochum,2,True,16,0.3,0.26,0.44,0.3,0.26,0.44,0.3,0.26,0.44,0.35053978801996294,0.3448016321619999,0.3046585798180371,False
2122,2021-12-14,Mainz,Hertha,2,False,0,0.327118655763931,0.29608446433317653,0.3767968799028925,0.327118655763931,0.29608446433317653,0.3767968799028925,0.327118655763931,0.29608446433317653,0.3767968799028925,0.327118655763931,0.29608446433317653,0.3767968799028925,False
2122,2021-12-14,Stuttgart,Bayern Munich,0,False,0,0.7007898390029068,0.17997419736813564,0.11923596362895765,0.7007898390029068,0.17997419736813564,0.11923596362895765,0.7007898390029068,0.17997419736813564,0.11923596362895765,0.7007898390029068,0.17997419736813564,0.11923596362895765,False
2122,2021-12-14,Wolfsburg,FC Koln,0,False,0,0.14888548515765504,0.2301999599089158,0.6209145549334292,0.14888548515765504,0.2301999599089158,0.6209145549334292,0.14888548515765504,0.2301999599089158,0.6209145549334292,0.14888548515765504,0.2301999599089158,0.6209145549334292,False
2122,2021-12-15,Union Berlin,Freiburg,1,False,0,0.2754743782930916,0.29188092166805946,0.43264470003884903,0.2754743782930916,0.29188092166805946,0.43264470003884903,0.2754743782930916,0.29188092166805946,0.43264470003884903,0.2754743782930916,0.29188092166805946,0.43264470003884903,False
2122,2021-12-15,M'gladbach,Ein Frankfurt,0,False,0,0.28167941994208484,0.24302354181881547,0.4752970382390996,0.28167941994208484,0.24302354181881547,0.4752970382390996,0.28167941994208484,0.24302354181881547,0.4752970382390996,0.28167941994208484,0.24302354181881547,0.4752970382390996,False
2122,2021-12-15,Dortmund,Greuther Furth,2,True,16,0.3,0.26,0.44,0.3,0.26,0.44,0.3,0.26,0.44,0.09483098142039399,0.1634621929884871,0.7417068255911189,False
2122,2021-12-15,Augsburg,RB Leipzig,1,False,0,0.5820673358995457,0.25044330315378305,0.16748936094667122,0.5820673358995457,0.25044330315378305,0.16748936094667122,0.5820673358995457,0.25044330315378305,0.16748936094667122,0.5820673358995457,0.25044330315378305,0.16748936094667122,False
2122,2021-12-15,Leverkusen,Hoffenheim,1,False,0,0.2564541254648096,0.2553592835816712,0.4881865909535193,0.2564541254648096,0.2553592835816712,0.4881865909535193,0.2564541254648096,0.2553592835816712,0.4881865909535193,0.2564541254648096,0.2553592835816712,0.4881865909535193,False
2122,2021-12-17,Bayern Munich,Wolfsburg,2,False,0,0.11266236594263618,0.18062930634778773,0.7067083277095761,0.11266236594263618,0.18062930634778773,0.7067083277095761,0.11266236594263618,0.18062930634778773,0.7067083277095761,0.11266236594263618,0.18062930634778773,0.7067083277095761,False
2122,2021-12-18,Hoffenheim,M'gladbach,1,False,0,0.33421251199879887,0.2552939317974542,0.410493556203747,0.33421251199879887,0.2552939317974542,0.410493556203747,0.33421251199879887,0.2552939317974542,0.410493556203747,0.33421251199879887,0.2552939317974542,0.410493556203747,False
2122,2021-12-18,Bochum,Union Berlin,0,True,17,0.3,0.26,0.44,0.3,0.26,0.44,0.3,0.26,0.44,0.3798897411296352,0.29756031908187064,0.32254993978849417,False
2122,2021-12-18,Ein Frankfurt,Mainz,2,False,0,0.18876494563250587,0.23538225215379088,0.5758528022137033,0.18876494563250587,0.23538225215379088,0.5758528022137033,0.18876494563250587,0.23538225215379088,0.5758528022137033,0.18876494563250587,0.23538225215379088,0.5758528022137033,False
2122,2021-12-18,Greuther Furth,Augsburg,1,True,17,0.3,0.26,0.44,0.3,0.26,0.44,0.3,0.26,0.44,0.2996038757894135,0.2883418446083597,0.4120542796022268,False
2122,2021-12-18,Hertha,Dortmund,2,False,0,0.552210852718721,0.23687589058080452,0.21091325670047456,0.552210852718721,0.23687589058080452,0.21091325670047456,0.552210852718721,0.23687589058080452,0.21091325670047456,0.552210852718721,0.23687589058080452,0.21091325670047456,False
2122,2021-12-18,RB Leipzig,Bielefeld,0,False,0,0.07086703324459115,0.21392538369530378,0.715207583060105,0.07086703324459115,0.21392538369530378,0.715207583060105,0.07086703324459115,0.21392538369530378,0.715207583060105,0.07086703324459115,0.21392538369530378,0.715207583060105,False
2122,2021-12-19,Freiburg,Leverkusen,2,False,0,0.41735745962140997,0.2817920474707093,0.30085049290788074,0.41735745962140997,0.2817920474707093,0.30085049290788074,0.41735745962140997,0.2817920474707093,0.30085049290788074,0.41735745962140997,0.2817920474707093,0.30085049290788074,False
2122,2021-12-19,FC Koln,Stuttgart,2,False,0,0.3776487314845357,0.2799080492551672,0.3424432192602971,0.3776487314845357,0.2799080492551672,0.3424432192602971,0.3776487314845357,0.2799080492551672,0.3424432192602971,0.3776487314845357,0.2799080492551672,0.3424432192602971,False
2122,2022-01-07,Bayern Munich,M'gladbach,0,False,0,0.10875328752800684,0.16204492580320431,0.7292017866687889,0.10875328752800684,0.16204492580320431,0.7292017866687889,0.10875328752800684,0.16204492580320431,0.7292017866687889,0.10875328752800684,0.16204492580320431,0.7292017866687889,False
2122,2022-01-08,Ein Frankfurt,Dortmund,0,False,0,0.46426946455893586,0.2333412444321281,0.3023892910089361,0.46426946455893586,0.2333412444321281,0.3023892910089361,0.46426946455893586,0.2333412444321281,0.3023892910089361,0.46426946455893586,0.2333412444321281,0.3023892910089361,False
2122,2022-01-08,Freiburg,Bielefeld,1,False,0,0.16878505314426734,0.30498576444780523,0.5262291824079275,0.16878505314426734,0.30498576444780523,0.5262291824079275,0.16878505314426734,0.30498576444780523,0.5262291824079275,0.16878505314426734,0.30498576444780523,0.5262291824079275,False
2122,2022-01-08,Greuther Furth,Stuttgart,1,True,18,0.3,0.26,0.44,0.3,0.26,0.44,0.3,0.26,0.44,0.35489658948548813,0.28525783510944924,0.3598455754050626,False
2122,2022-01-08,Hoffenheim,Augsburg,2,False,0,0.18264630123659453,0.23589437843555305,0.5814593203278524,0.18264630123659453,0.23589437843555305,0.5814593203278524,0.18264630123659453,0.23589437843555305,0.5814593203278524,0.18264630123659453,0.23589437843555305,0.5814593203278524,False
2122,2022-01-08,Leverkusen,Union Berlin,1,False,0,0.21149381316402865,0.2700996152871684,0.5184065715488029,0.21149381316402865,0.2700996152871684,0.5184065715488029,0.21149381316402865,0.2700996152871684,0.5184065715488029,0.21149381316402865,0.2700996152871684,0.5184065715488029,False
2122,2022-01-08,RB Leipzig,Mainz,2,False,0,0.10293613362480808,0.2046380825445964,0.6924257838305955,0.10293613362480808,0.2046380825445964,0.6924257838305955,0.10293613362480808,0.2046380825445964,0.6924257838305955,0.10293613362480808,0.2046380825445964,0.6924257838305955,False
2122,2022-01-09,Bochum,Wolfsburg,2,True,18,0.3,0.26,0.44,0.3,0.26,0.44,0.3,0.26,0.44,0.4638213453353208,0.280744238059796,0.2554344166048832,False
2122,2022-01-09,Hertha,FC Koln,0,False,0,0.23563623891972274,0.2699292209896758,0.49443454009060156,0.23563623891972274,0.2699292209896758,0.49443454009060156,0.23563623891972274,0.2699292209896758,0.49443454009060156,0.23563623891972274,0.2699292209896758,0.49443454009060156,False
2122,2022-01-14,Dortmund,Freiburg,2,False,0,0.13522912437046367,0.19540825431578018,0.6693626213137562,0.13522912437046367,0.19540825431578018,0.6693626213137562,0.13522912437046367,0.19540825431578018,0.6693626213137562,0.13522912437046367,0.19540825431578018,0.6693626213137562,False
2122,2022-01-15,Union Berlin,Hoffenheim,2,False,0,0.34842213322621524,0.28054225178375447,0.37103561499003024,0.34842213322621524,0.28054225178375447,0.37103561499003024,0.34842213322621524,0.28054225178375447,0.37103561499003024,0.34842213322621524,0.28054225178375447,0.37103561499003024,False
2122,2022-01-15,Stuttgart,RB Leipzig,0,False,0,0.5309675072922859,0.2624085171609042,0.20662397554680997,0.5309675072922859,0.2624085171609042,0.20662397554680997,0.5309675072922859,0.2624085171609042,0.20662397554680997,0.5309675072922859,0.2624085171609042,0.20662397554680997,False
2122,2022-01-15,FC Koln,Bayern Munich,0,False,0,0.7794109690326214,0.14248150023614384,0.07810753073123486,0.7794109690326214,0.14248150023614384,0.07810753073123486,0.7794109690326214,0.14248150023614384,0.07810753073123486,0.7794109690326214,0.14248150023614384,0.07810753073123486,False
2122,2022-01-15,M'gladbach,Leverkusen,0,False,0,0.32392902613111585,0.2683213066153621,0.407749667253522,0.32392902613111585,0.2683213066153621,0.407749667253522,0.32392902613111585,0.2683213066153621,0.407749667253522,0.32392902613111585,0.2683213066153621,0.407749667253522,False
2122,2022-01-15,Wolfsburg,Hertha,1,False,0,0.19714664893255968,0.26423673832929784,0.5386166127381425,0.19714664893255968,0.26423673832929784,0.5386166127381425,0.19714664893255968,0.26423673832929784,0.5386166127381425,0.19714664893255968,0.26423673832929784,0.5386166127381425,False
2122,2022-01-15,Mainz,Bochum,2,True,19,0.3,0.26,0.44,0.3,0.26,0.44,0.3,0.26,0.44,0.2820742046394562,0.2884843800130919,0.42944141534745195,False
2122,2022-01-16,Bielefeld,Greuther Furth,1,True,19,0.3,0.26,0.44,0.3,0.26,0.44,0.3,0.26,0.44,0.35053978801996294,0.3448016321619999,0.3046585798180371,False
2122,2022-01-16,Augsburg,Ein Frankfurt,1,False,0,0.4507214005284876,0.2620986819555328,0.28717991751597965,0.4507214005284876,0.2620986819555328,0.28717991751597965,0.4507214005284876,0.2620986819555328,0.28717991751597965,0.4507214005284876,0.2620986819555328,0.28717991751597965,False
2122,2022-01-21,Ein Frankfurt,Bielefeld,0,False,0,0.12719636843202886,0.24912630977967942,0.6236773217882918,0.12719636843202886,0.24912630977967942,0.6236773217882918,0.12719636843202886,0.24912630977967942,0.6236773217882918,0.12719636843202886,0.24912630977967942,0.6236773217882918,False
2122,2022-01-22,Leverkusen,Augsburg,2,False,0,0.15021390174157015,0.2319980008841465,0.6177880973742834,0.15021390174157015,0.2319980008841465,0.6177880973742834,0.15021390174157015,0.2319980008841465,0.6177880973742834,0.15021390174157015,0.2319980008841465,0.6177880973742834,False
2122,2022-01-22,M'gladbach,Union Berlin,0,False,0,0.22973056141079545,0.264066432769161,0.5062030058200435,0.22973056141079545,0.264066432769161,0.5062030058200435,0.22973056141079545,0.264066432769161,0.5062030058200435,0.22973056141079545,0.264066432769161,0.5062030058200435,False
2122,2022-01-22,Hoffenheim,Dortmund,0,False,0,0.4620101305116089,0.23853796370561328,0.29945190578277786,0.4620101305116089,0.23853796370561328,0.29945190578277786,0.4620101305116089,0.23853796370561328,0.29945190578277786,0.4620101305116089,0.23853796370561328,0.29945190578277786,False
2122,2022-01-22,Bochum,FC Koln,1,True,20,0.3,0.26,0.44,0.3,0.26,0.44,0.3,0.26,0.44,0.2797505363820307,0.27749901745551714,0.44275044616245224,False
2122,2022-01-22,Freiburg,Stuttgart,2,False,0,0.28666325466065756,0.2798464831646771,0.4334902621746653,0.28666325466065756,0.2798464831646771,0.4334902621746653,0.28666325466065756,0.2798464831646771,0.4334902621746653,0.28666325466065756,0.2798464831646771,0.4334902621746653,False
2122,2022-01-22,Greuther Furth,Mainz,2,True,20,0.3,0.26,0.44,0.3,0.26,0.44,0.3,0.26,0.44,0.30787302502957975,0.2918729340320381,0.400254040938382,False
2122,2022-01-23,Hertha,Bayern Munich,0,False,0,0.7018993831998483,0.1827466645445721,0.11535395225557957,0.7018993831998483,0.1827466645445721,0.11535395225557957,0.7018993831998483,0.1827466645445721,0.11535395225557957,0.7018993831998483,0.1827466645445721,0.11535395225557957,False
2122,2022-01-23,RB Leipzig,Wolfsburg,2,False,0,0.19616247906870052,0.2650649280409646,0.5387725928903349,0.19616247906870052,0.2650649280409646,0.5387725928903349,0.19616247906870052,0.2650649280409646,0.5387725928903349,0.19616247906870052,0.2650649280409646,0.5387725928903349,False
2122,2022-02-04,Hertha,Bochum,1,True,21,0.3,0.26,0.44,0.3,0.26,0.44,0.3,0.26,0.44,0.2513981517047364,0.27971370677489893,0.4688881415203647,False
2122,2022-02-05,Mainz,Hoffenheim,2,False,0,0.43203043006998004,0.27198060050359785,0.29598896942642217,0.43203043006998004,0.27198060050359785,0.29598896942642217,0.43203043006998004,0.27198060050359785,0.29598896942642217,0.43203043006998004,0.27198060050359785,0.29598896942642217,False
2122,2022-02-05,Augsburg,Union Berlin,2,False,0,0.3741921377895741,0.30024556945150965,0.3255622927589162,0.3741921377895741,0.30024556945150965,0.3255622927589162,0.3741921377895741,0.30024556945150965,0.3255622927589162,0.3741921377895741,0.30024556945150965,0.3255622927589162,False
2122,2022-02-05,Bayern Munich,RB Leipzig,2,False,0,0.1939244986392133,0.23057483856499883,0.5755006627957879,0.1939244986392133,0.23057483856499883,0.5755006627957879,0.1939244986392133,0.23057483856499883,0.5755006627957879,0.1939244986392133,0.23057483856499883,0.5755006627957879,False
2122,2022-02-05,Bielefeld,M'gladbach,1,False,0,0.5193409655973331,0.2958540611767671,0.18480497322589984,0.5193409655973331,0.2958540611767671,0.18480497322589984,0.5193409655973331,0.2958540611767671,0.18480497322589984,0.5193409655973331,0.2958540611767671,0.18480497322589984,False
2122,2022-02-05,FC Koln,Freiburg,2,False,0,0.38773156211472903,0.28312758006269256,0.32914085782257835,0.38773156211472903,0.28312758006269256,0.32914085782257835,0.38773156211472903,0.28312758006269256,0.32914085782257835,0.38773156211472903,0.28312758006269256,0.32914085782257835,False
2122,2022-02-05,Stuttgart,Ein Frankfurt,0,False,0,0.39378190147945596,0.2616175926065943,0.34460050591394975,0.39378190147945596,0.2616175926065943,0.34460050591394975,0.39378190147945596,0.2616175926065943,0.34460050591394975,0.39378190147945596,0.2616175926065943,0.34460050591394975,False
2122,2022-02-06,Wolfsburg,Greuther Furth,2,True,21,0.3,0.26,0.44,0.3,0.26,0.44,0.3,0.26,0.44,0.16209907326357031,0.24360442883843472,0.594296497897995,False
2122,2022-02-06,Dortmund,Leverkusen,0,False,0,0.22587265894489175,0.2354597460600662,0.5386675949950421,0.22587265894489175,0.2354597460600662,0.5386675949950421,0.22587265894489175,0.2354597460600662,0.5386675949950421,0.22587265894489175,0.2354597460600662,0.5386675949950421,False
2122,2022-02-11,RB Leipzig,FC Koln,2,False,0,0.08538046514504186,0.1773013317546574,0.7373182031003008,0.08538046514504186,0.1773013317546574,0.7373182031003008,0.08538046514504186,0.1773013317546574,0.7373182031003008,0.08538046514504186,0.1773013317546574,0.7373182031003008,False
2122,2022-02-12,M'gladbach,Augsburg,2,False,0,0.1634840235565998,0.22821094698848973,0.6083050294549105,0.1634840235565998,0.22821094698848973,0.6083050294549105,0.1634840235565998,0.22821094698848973,0.6083050294549105,0.1634840235565998,0.22821094698848973,0.6083050294549105,False
2122,2022-02-12,Leverkusen,Stuttgart,2,False,0,0.18740570870695414,0.2459452077010054,0.5666490835920406,0.18740570870695414,0.2459452077010054,0.5666490835920406,0.18740570870695414,0.2459452077010054,0.5666490835920406,0.18740570870695414,0.2459452077010054,0.5666490835920406,False
2122,2022-02-12,Greuther Furth,Hertha,2,True,22,0.3,0.26,0.44,0.3,0.26,0.44,0.3,0.26,0.44,0.3429166653609228,0.2916471122620734,0.3654362223770038,False
2122,2022-02-12,Bochum,Bayern Munich,2,True,22,0.3,0.26,0.44,0.3,0.26,0.44,0.3,0.26,0.44,0.754706125289272,0.15685560947959404,0.08843826523113402,False
2122,2022-02-12,Ein Frankfurt,Wolfsburg,0,False,0,0.3278025505192919,0.2671470478740473,0.4050504016066609,0.3278025505192919,0.2671470478740473,0.4050504016066609,0.3278025505192919,0.2671470478740473,0.4050504016066609,0.3278025505192919,0.2671470478740473,0.4050504016066609,False
2122,2022-02-12,Freiburg,Mainz,1,False,0,0.24551715020249443,0.2805537270872954,0.4739291227102102,0.24551715020249443,0.2805537270872954,0.4739291227102102,0.24551715020249443,0.2805537270872954,0.4739291227102102,0.24551715020249443,0.2805537270872954,0.4739291227102102,False
2122,2022-02-13,Hoffenheim,Bielefeld,2,False,0,0.12866410825915128,0.2565930634934448,0.6147428282474039,0.12866410825915128,0.2565930634934448,0.6147428282474039,0.12866410825915128,0.2565930634934448,0.6147428282474039,0.12866410825915128,0.2565930634934448,0.6147428282474039,False
2122,2022-02-13,Union Berlin,Dortmund,0,False,0,0.4990753667156884,0.2549032007930172,0.24602143249129446,0.4990753667156884,0.2549032007930172,0.24602143249129446,0.4990753667156884,0.2549032007930172,0.24602143249129446,0.4990753667156884,0.2549032007930172,0.24602143249129446,False
2122,2022-02-18,Mainz,Leverkusen,2,False,0,0.47360183105947906,0.2773644199388069,0.2490337490017141,0.47360183105947906,0.2773644199388069,0.2490337490017141,0.47360183105947906,0.2773644199388069,0.2490337490017141,0.47360183105947906,0.2773644199388069,0.2490337490017141,False
2122,2022-02-19,Wolfsburg,Hoffenheim,0,False,0,0.275629050084986,0.266318318722056,0.4580526311929581,0.275629050084986,0.266318318722056,0.4580526311929581,0.275629050084986,0.266318318722056,0.4580526311929581,0.275629050084986,0.266318318722056,0.4580526311929581,False
2122,2022-02-19,FC Koln,Ein Frankfurt,2,False,0,0.4839683012776924,0.2503172064279594,0.26571449229434824,0.4839683012776924,0.2503172064279594,0.26571449229434824,0.4839683012776924,0.2503172064279594,0.26571449229434824,0.4839683012776924,0.2503172064279594,0.26571449229434824,False
2122,2022-02-19,Stuttgart,Bochum,1,True,23,0.3,0.26,0.44,0.3,0.26,0.44,0.3,0.26,0.44,0.2448154452701764,0.27103055874825754,0.48415399598156605,False
2122,2022-02-19,Augsburg,Freiburg,0,False,0,0.3592222945293657,0.2914505471415034,0.3493271583291309,0.3592222945293657,0.2914505471415034,0.3493271583291309,0.3592222945293657,0.2914505471415034,0.3493271583291309,0.3592222945293657,0.2914505471415034,0.3493271583291309,False
2122,2022-02-19,Bielefeld,Union Berlin,2,False,0,0.42312315550462787,0.343635322257874,0.2332415222374981,0.42312315550462787,0.343635322257874,0.2332415222374981,0.42312315550462787,0.343635322257874,0.2332415222374981,0.42312315550462787,0.343635322257874,0.2332415222374981,False
2122,2022-02-20,Bayern Munich,Greuther Furth,2,True,23,0.3,0.26,0.44,0.3,0.26,0.44,0.3,0.26,0.44,0.042400995450585954,0.10109272971321323,0.8565062748362008,False
2122,2022-02-20,Dortmund,M'gladbach,2,False,0,0.20678190134965044,0.21732108469947486,0.5758970139508747,0.20678190134965044,0.21732108469947486,0.5758970139508747,0.20678190134965044,0.21732108469947486,0.5758970139508747,0.20678190134965044,0.21732108469947486,0.5758970139508747,False
2122,2022-02-20,Hertha,RB Leipzig,0,False,0,0.5338020931371927,0.2665365181839864,0.19966138867882088,0.5338020931371927,0.2665365181839864,0.19966138867882088,0.5338020931371927,0.2665365181839864,0.19966138867882088,0.5338020931371927,0.2665365181839864,0.19966138867882088,False
2122,2022-02-25,Hoffenheim,Stuttgart,2,False,0,0.2264275952263321,0.24691297078779142,0.5266594339858766,0.2264275952263321,0.24691297078779142,0.5266594339858766,0.2264275952263321,0.24691297078779142,0.5266594339858766,0.2264275952263321,0.24691297078779142,0.5266594339858766,False
2122,2022-02-26,Union Berlin,Mainz,2,False,0,0.22777954683616045,0.2854463811661925,0.4867740719976471,0.22777954683616045,0.2854463811661925,0.4867740719976471,0.22777954683616045,0.2854463811661925,0.4867740719976471,0.22777954683616045,0.2854463811661925,0.4867740719976471,False
2122,2022-02-26,M'gladbach,Wolfsburg,1,False,0,0.3000117893711164,0.27254261517410794,0.4274455954547757,0.3000117893711164,0.27254261517410794,0.4274455954547757,0.3000117893711164,0.27254261517410794,0.4274455954547757,0.3000117893711164,0.27254261517410794,0.4274455954547757,False
2122,2022-02-26,Leverkusen,Bielefeld,2,False,0,0.106954258900161,0.2514130129918084,0.6416327281080306,0.106954258900161,0.2514130129918084,0.6416327281080306,0.106954258900161,0.2514130129918084,0.6416327281080306,0.106954258900161,0.2514130129918084,0.6416327281080306,False
2122,2022-02-26,Freiburg,Hertha,2,False,0,0.27685076637051964,0.28508270216992676,0.4380665314595537,0.27685076637051964,0.28508270216992676,0.4380665314595537,0.27685076637051964,0.28508270216992676,0.4380665314595537,0.27685076637051964,0.28508270216992676,0.4380665314595537,False
2122,2022-02-26,Ein Frankfurt,Bayern Munich,0,False,0,0.6304336546081251,0.1953153706590153,0.17425097473285972,0.6304336546081251,0.1953153706590153,0.17425097473285972,0.6304336546081251,0.1953153706590153,0.17425097473285972,0.6304336546081251,0.1953153706590153,0.17425097473285972,False
2122,2022-02-26,Greuther Furth,FC Koln,1,True,24,0.3,0.26,0.44,0.3,0.26,0.44,0.3,0.26,0.44,0.2797505363820307,0.27749901745551714,0.44275044616245224,False
2122,2022-02-27,Augsburg,Dortmund,1,False,0,0.6043443309387321,0.22091335721974426,0.1747423118415236,0.6043443309387321,0.22091335721974426,0.1747423118415236,0.6043443309387321,0.22091335721974426,0.1747423118415236,0.6043443309387321,0.22091335721974426,0.1747423118415236,False
2122,2022-02-27,Bochum,RB Leipzig,0,True,24,0.3,0.26,0.44,0.3,0.26,0.44,0.3,0.26,0.44,0.589379839153971,0.24616074736780275,0.16445941347822626,False
2122,2022-03-04,Bielefeld,Augsburg,0,False,0,0.3527202274974937,0.34717968185194514,0.3001000906505611,0.3527202274974937,0.34717968185194514,0.3001000906505611,0.3527202274974937,0.34717968185194514,0.3001000906505611,0.3527202274974937,0.34717968185194514,0.3001000906505611,False
2122,2022-03-05,Bayern Munich,Leverkusen,1,False,0,0.12426682134423632,0.1836588463209476,0.6920743323348161,0.12426682134423632,0.1836588463209476,0.6920743323348161,0.12426682134423632,0.1836588463209476,0.6920743323348161,0.12426682134423632,0.1836588463209476,0.6920743323348161,False
2122,2022-03-05,Bochum,Greuther Furth,2,True,25,0.3,0.26,0.44,0.3,0.26,0.44,0.3,0.26,0.44,0.29638456504241545,0.2853942365217987,0.41822119843578576,False
2122,2022-03-05,Hertha,Ein Frankfurt,0,False,0,0.3998735927521983,0.2674430663464117,0.33268334090139,0.3998735927521983,0.2674430663464117,0.33268334090139,0.3998735927521983,0.2674430663464117,0.33268334090139,0.3998735927521983,0.2674430663464117,0.33268334090139,False
2122,2022-03-05,RB Leipzig,Freiburg,1,False,0,0.1320882716098351,0.2246926950881067,0.6432190333020583,0.1320882716098351,0.2246926950881067,0.6432190333020583,0.1320882716098351,0.2246926950881067,0.6432190333020583,0.1320882716098351,0.2246926950881067,0.6432190333020583,False
2122,2022-03-05,Stuttgart,M'gladbach,2,False,0,0.41687358260396096,0.267601307125406,0.3155251102706331,0.41687358260396096,0.267601307125406,0.3155251102706331,0.41687358260396096,0.267601307125406,0.3155251102706331,0.41687358260396096,0.267601307125406,0.3155251102706331,False
2122,2022-03-05,Wolfsburg,Union Berlin,2,False,0,0.2280219587970039,0.2830782845681867,0.48889975663480933,0.2280219587970039,0.2830782845681867,0.48889975663480933,0.2280219587970039,0.2830782845681867,0.48889975663480933,0.2280219587970039,0.2830782845681867,0.48889975663480933,False
2122,2022-03-06,FC Koln,Hoffenheim,0,False,0,0.47740097589129066,0.2563671023683019,0.26623192174040733,0.47740097589129066,0.2563671023683019,0.26623192174040733,0.47740097589129066,0.2563671023683019,0.26623192174040733,0.47740097589129066,0.2563671023683019,0.26623192174040733,False
2122,2022-03-12,Union Berlin,Stuttgart,1,False,0,0.2661587627062832,0.28601331023149806,0.4478279270622187,0.2661587627062832,0.28601331023149806,0.4478279270622187,0.2661587627062832,0.28601331023149806,0.4478279270622187,0.2661587627062832,0.28601331023149806,0.4478279270622187,False
2122,2022-03-12,M'gladbach,Hertha,2,False,0,0.19701591912566715,0.24496958537988156,0.5580144954944514,0.19701591912566715,0.24496958537988156,0.5580144954944514,0.19701591912566715,0.24496958537988156,0.5580144954944514,0.19701591912566715,0.24496958537988156,0.5580144954944514,False
2122,2022-03-12,Hoffenheim,Bayern Munich,1,False,0,0.6258068287171509,0.2004251726792517,0.17376799860359748,0.6258068287171509,0.2004251726792517,0.17376799860359748,0.6258068287171509,0.2004251726792517,0.17376799860359748,0.6258068287171509,0.2004251726792517,0.17376799860359748,False
2122,2022-03-12,Freiburg,Wolfsburg,2,False,0,0.3901918930001358,0.29046175212266157,0.31934635487720264,0.3901918930001358,0.29046175212266157,0.31934635487720264,0.3901918930001358,0.29046175212266157,0.31934635487720264,0.3901918930001358,0.29046175212266157,0.31934635487720264,False
2122,2022-03-13,Leverkusen,FC Koln,0,False,0,0.134339227775938,0.21370523357015736,0.6519555386539045,0.134339227775938,0.21370523357015736,0.6519555386539045,0.134339227775938,0.21370523357015736,0.6519555386539045,0.134339227775938,0.21370523357015736,0.6519555386539045,False
2122,2022-03-13,Greuther Furth,RB Leipzig,0,True,26,0.3,0.26,0.44,0.3,0.26,0.44,0.3,0.26,0.44,0.589379839153971,0.24616074736780275,0.16445941347822626,False
2122,2022-03-13,Dortmund,Bielefeld,2,False,0,0.06927526892930368,0.18108275697368006,0.7496419740970163,0.06927526892930368,0.18108275697368006,0.7496419740970163,0.06927526892930368,0.18108275697368006,0.7496419740970163,0.06927526892930368,0.18108275697368006,0.7496419740970163,False
2122,2022-03-13,Ein Frankfurt,Bochum,2,True,26,0.3,0.26,0.44,0.3,0.26,0.44,0.3,0.26,0.44,0.1777171747307762,0.22518071181060326,0.5971021134586205,False
2122,2022-03-16,Mainz,Dortmund,0,False,0,0.59049114444256,0.22712889991683408,0.18237995564060594,0.59049114444256,0.22712889991683408,0.18237995564060594,0.59049114444256,0.22712889991683408,0.18237995564060594,0.59049114444256,0.22712889991683408,0.18237995564060594,False
2122,2022-03-18,Bochum,M'gladbach,0,True,27,0.3,0.26,0.44,0.3,0.26,0.44,0.3,0.26,0.44,0.4794288248076101,0.26221349404313044,0.2583576811492594,False
2122,2022-03-19,Bayern Munich,Union Berlin,2,False,0,0.07634309025547334,0.1515849785312258,0.772071931213301,0.07634309025547334,0.1515849785312258,0.772071931213301,0.07634309025547334,0.1515849785312258,0.772071931213301,0.07634309025547334,0.1515849785312258,0.772071931213301,False
2122,2022-03-19,Greuther Furth,Freiburg,1,True,27,0.3,0.26,0.44,0.3,0.26,0.44,0.3,0.26,0.44,0.36480305104863,0.2889632909905109,0.34623365796085925,False
2122,2022-03-19,Hertha,Hoffenheim,2,False,0,0.3947466894619423,0.27322797312435293,0.3320253374137048,0.3947466894619423,0.27322797312435293,0.3320253374137048,0.3947466894619423,0.27322797312435293,0.3320253374137048,0.3947466894619423,0.27322797312435293,0.3320253374137048,False
2122,2022-03-19,Mainz,Bielefeld,2,False,0,0.203360338153875,0.3281346530045387,0.4685050088415864,0.203360338153875,0.3281346530045387,0.4685050088415864,0.203360338153875,0.3281346530045387,0.4685050088415864,0.203360338153875,0.3281346530045387,0.4685050088415864,False
2122,2022-03-19,Stuttgart,Augsburg,2,False,0,0.2481324175502846,0.27449609301298267,0.4773714894367328,0.2481324175502846,0.27449609301298267,0.4773714894367328,0.2481324175502846,0.27449609301298267,0.4773714894367328,0.2481324175502846,0.27449609301298267,0.4773714894367328,False
2122,2022-03-20,FC Koln,Dortmund,1,False,0,0.6398311178375458,0.20380691529362688,0.15636196686882733,0.6398311178375458,0.20380691529362688,0.15636196686882733,0.6398311178375458,0.20380691529362688,0.15636196686882733,0.6398311178375458,0.20380691529362688,0.15636196686882733,False
2122,2022-03-20,RB Leipzig,Ein Frankfurt,1,False,0,0.17695113767493223,0.2286283593027209,0.594420503022347,0.17695113767493223,0.2286283593027209,0.594420503022347,0.17695113767493223,0.2286283593027209,0.594420503022347,0.17695113767493223,0.2286283593027209,0.594420503022347,False
2122,2022-03-20,Wolfsburg,Leverkusen,0,False,0,0.31752681019459095,0.2863603393902921,0.3961128504151169,0.31752681019459095,0.2863603393902921,0.3961128504151169,0.31752681019459095,0.2863603393902921,0.3961128504151169,0.31752681019459095,0.2863603393902921,0.3961128504151169,False
2122,2022-04-01,Union Berlin,FC Koln,2,False,0,0.2026272288158532,0.2652988042026282,0.5320739669815187,0.2026272288158532,0.2652988042026282,0.5320739669815187,0.2026272288158532,0.2652988042026282,0.5320739669815187,0.2026272288158532,0.2652988042026282,0.5320739669815187,False
2122,2022-04-02,Freiburg,Bayern Munich,0,False,0,0.6836861219017265,0.1891753551696656,0.12713852292860794,0.6836861219017265,0.1891753551696656,0.12713852292860794,0.6836861219017265,0.1891753551696656,0.12713852292860794,0.6836861219017265,0.1891753551696656,0.12713852292860794,False
2122,2022-04-02,Leverkusen,Hertha,2,False,0,0.18109459732075886,0.2497346640690905,0.5691707386101507,0.18109459732075886,0.2497346640690905,0.5691707386101507,0.18109459732075886,0.2497346640690905,0.5691707386101507,0.18109459732075886,0.2497346640690905,0.5691707386101507,False
2122,2022-04-02,Hoffenheim,Bochum,0,True,28,0.3,0.26,0.44,0.3,0.26,0.44,0.3,0.26,0.44,0.1792926149441208,0.23179548101884426,0.588911904037035,False
2122,2022-04-02,Ein Frankfurt,Greuther Furth,1,True,28,0.3,0.26,0.44,0.3,0.26,0.44,0.3,0.26,0.44,0.1777171747307762,0.22518071181060326,0.5971021134586205,False
2122,2022-04-02,Dortmund,RB Leipzig,0,False,0,0.3175689489493411,0.2621487949551098,0.4202822560955492,0.3175689489493411,0.2621487949551098,0.4202822560955492,0.3175689489493411,0.2621487949551098,0.4202822560955492,0.3175689489493411,0.2621487949551098,0.4202822560955492,False
2122,2022-04-02,Bielefeld,Stuttgart,1,False,0,0.4051972548374588,0.3348072572878946,0.25999548787464666,0.4051972548374588,0.3348072572878946,0.25999548787464666,0.4051972548374588,0.3348072572878946,0.25999548787464666,0.4051972548374588,0.3348072572878946,0.25999548787464666,False
2122,2022-04-03,Augsburg,Wolfsburg,2,False,0,0.45724713170270437,0.2840965412310208,0.25865632706627484,0.45724713170270437,0.2840965412310208,0.25865632706627484,0.45724713170270437,0.2840965412310208,0.25865632706627484,0.45724713170270437,0.2840965412310208,0.25865632706627484,False
2122,2022-04-03,M'gladbach,Mainz,1,False,0,0.17059296225209802,0.23465269880890768,0.5947543389389944,0.17059296225209802,0.23465269880890768,0.5947543389389944,0.17059296225209802,0.23465269880890768,0.5947543389389944,0.17059296225209802,0.23465269880890768,0.5947543389389944,False
2122,2022-04-06,Augsburg,Mainz,2,False,0,0.30304195685227064,0.2939093645235386,0.40304867862419075,0.30304195685227064,0.2939093645235386,0.40304867862419075,0.30304195685227064,0.2939093645235386,0.40304867862419075,0.30304195685227064,0.2939093645235386,0.40304867862419075,False
2122,2022-04-08,Stuttgart,Dortmund,0,False,0,0.5483651714323495,0.23304974076548102,0.21858508780216954,0.5483651714323495,0.23304974076548102,0.21858508780216954,0.5483651714323495,0.23304974076548102,0.21858508780216954,0.5483651714323495,0.23304974076548102,0.21858508780216954,False
2122,2022-04-09,Bayern Munich,Augsburg,2,False,0,0.04416387896186813,0.1051872965142034,0.8506488245239283,0.04416387896186813,0.1051872965142034,0.8506488245239283,0.04416387896186813,0.1051872965142034,0.8506488245239283,0.04416387896186813,0.1051872965142034,0.8506488245239283,False
2122,2022-04-09,FC Koln,Mainz,2,False,0,0.3284380060386515,0.2881990119147853,0.38336298204656327,0.3284380060386515,0.2881990119147853,0.38336298204656327,0.3284380060386515,0.2881990119147853,0.38336298204656327,0.3284380060386515,0.2881990119147853,0.38336298204656327,False
2122,2022-04-09,Greuther Furth,M'gladbach,0,True,29,0.3,0.26,0.44,0.3,0.26,0.44,0.3,0.26,0.44,0.4794288248076101,0.26221349404313044,0.2583576811492594,False
2122,2022-04-09,Hertha,Union Berlin,0,False,0,0.33020754826063853,0.3006936947304961,0.3690987570088654,0.33020754826063853,0.3006936947304961,0.3690987570088654,0.33020754826063853,0.3006936947304961,0.3690987570088654,0.33020754826063853,0.3006936947304961,0.3690987570088654,False
2122,2022-04-09,Wolfsburg,Bielefeld,2,False,0,0.11774327077084104,0.2694862670588686,0.6127704621702904,0.11774327077084104,0.2694862670588686,0.6127704621702904,0.11774327077084104,0.2694862670588686,0.6127704621702904,0.11774327077084104,0.2694862670588686,0.6127704621702904,False
2122,2022-04-10,Bochum,Leverkusen,1,True,29,0.3,0.26,0.44,0.3,0.26,0.44,0.3,0.26,0.44,0.4932139682291295,0.26900839299349916,0.2377776387773713,False
2122,2022-04-10,Ein Frankfurt,Freiburg,0,False,0,0.23544225472187996,0.24766634930333334,0.5168913959747868,0.23544225472187996,0.24766634930333334,0.5168913959747868,0.23544225472187996,0.24766634930333334,0.5168913959747868,0.23544225472187996,0.24766634930333334,0.5168913959747868,False
2122,2022-04-10,RB Leipzig,Hoffenheim,2,False,0,0.1762122029231462,0.2341383820035579,0.5896494150732959,0.1762122029231462,0.2341383820035579,0.5896494150732959,0.1762122029231462,0.2341383820035579,0.5896494150732959,0.1762122029231462,0.2341383820035579,0.5896494150732959,False
2122,2022-04-16,Mainz,Stuttgart,1,False,0,0.3385557715627914,0.2899021139338775,0.3715421145033311,0.3385557715627914,0.2899021139338775,0.3715421145033311,0.3385557715627914,0.2899021139338775,0.3715421145033311,0.3385557715627914,0.2899021139338775,0.3715421145033311,False
2122,2022-04-16,M'gladbach,FC Koln,0,False,0,0.14637198079483718,0.21053734253675851,0.6430906766684044,0.14637198079483718,0.21053734253675851,0.6430906766684044,0.14637198079483718,0.21053734253675851,0.6430906766684044,0.14637198079483718,0.21053734253675851,0.6430906766684044,False
2122,2022-04-16,Freiburg,Bochum,2,True,30,0.3,0.26,0.44,0.3,0.26,0.44,0.3,0.26,0.44,0.23445554897529522,0.2721086908019483,0.49343576022275654,False
2122,2022-04-16,Dortmund,Wolfsburg,2,False,0,0.20697153569398338,0.2354207956611957,0.557607668644821,0.20697153569398338,0.2354207956611957,0.557607668644821,0.20697153569398338,0.2354207956611957,0.557607668644821,0.20697153569398338,0.2354207956611957,0.557607668644821,False
2122,2022-04-16,Augsburg,Hertha,0,False,0,0.33761862428315237,0.293965333213684,0.36841604250316357,0.33761862428315237,0.293965333213684,0.36841604250316357,0.33761862428315237,0.293965333213684,0.36841604250316357,0.33761862428315237,0.293965333213684,0.36841604250316357,False
2122,2022-04-17,Bielefeld,Bayern Munich,0,False,0,0.7611007781239159,0.17409463724037638,0.06480458463570773,0.7611007781239159,0.17409463724037638,0.06480458463570773,0.7611007781239159,0.17409463724037638,0.06480458463570773,0.7611007781239159,0.17409463724037638,0.06480458463570773,False
2122,2022-04-17,Hoffenheim,Greuther Furth,1,True,30,0.3,0.26,0.44,0.3,0.26,0.44,0.3,0.26,0.44,0.1792926149441208,0.23179548101884426,0.588911904037035,False
2122,2022-04-17,Leverkusen,RB Leipzig,0,False,0,0.39186573224510785,0.2877498445518422,0.3203844232030499,0.39186573224510785,0.2877498445518422,0.3203844232030499,0.39186573224510785,0.2877498445518422,0.3203844232030499,0.39186573224510785,0.2877498445518422,0.3203844232030499,False
2122,2022-04-17,Union Berlin,Ein Frankfurt,2,False,0,0.35268078558966315,0.2748526296173738,0.3724665847929631,0.35268078558966315,0.2748526296173738,0.3724665847929631,0.35268078558966315,0.2748526296173738,0.3724665847929631,0.35268078558966315,0.2748526296173738,0.3724665847929631,False
2122,2022-04-22,Wolfsburg,Mainz,2,False,0,0.17186984941492292,0.25432584028344635,0.5738043103016308,0.17186984941492292,0.25432584028344635,0.5738043103016308,0.17186984941492292,0.25432584028344635,0.5738043103016308,0.17186984941492292,0.25432584028344635,0.5738043103016308,False
2122,2022-04-23,RB Leipzig,Union Berlin,0,False,0,0.1452262510685672,0.24374256190628052,0.6110311870251522,0.1452262510685672,0.24374256190628052,0.6110311870251522,0.1452262510685672,0.24374256190628052,0.6110311870251522,0.1452262510685672,0.24374256190628052,0.6110311870251522,False
2122,2022-04-23,Greuther Furth,Leverkusen,0,True,31,0.3,0.26,0.44,0.3,0.26,0.44,0.3,0.26,0.44,0.4932139682291295,0.26900839299349916,0.2377776387773713,False
2122,2022-04-23,Freiburg,M'gladbach,1,False,0,0.40163814520092667,0.27235286834204697,0.3260089864570265,0.40163814520092667,0.27235286834204697,0.3260089864570265,0.40163814520092667,0.27235286834204697,0.3260089864570265,0.40163814520092667,0.27235286834204697,0.3260089864570265,False
2122,2022-04-23,FC Koln,Bielefeld,2,False,0,0.22788899490596998,0.3252480339982594,0.44686297109577067,0.22788899490596998,0.3252480339982594,0.44686297109577067,0.22788899490596998,0.3252480339982594,0.44686297109577067,0.22788899490596998,0.3252480339982594,0.44686297109577067,False
2122,2022-04-23,Ein Frankfurt,Hoffenheim,1,False,0,0.30659894227079343,0.2446359472397952,0.44876511048941126,0.30659894227079343,0.2446359472397952,0.44876511048941126,0.30659894227079343,0.2446359472397952,0.44876511048941126,0.30659894227079343,0.2446359472397952,0.44876511048941126,False
2122,2022-04-23,Bayern Munich,Dortmund,2,False,0,0.1800633356178774,0.1932540145618953,0.6266826498202274,0.1800633356178774,0.1932540145618953,0.6266826498202274,0.1800633356178774,0.1932540145618953,0.6266826498202274,0.1800633356178774,0.1932540145618953,0.6266826498202274,False
2122,2022-04-24,Bochum,Augsburg,0,True,31,0.3,0.26,0.44,0.3,0.26,0.44,0.3,0.26,0.44,0.2996038757894135,0.2883418446083597,0.4120542796022268,False
2122,2022-04-24,Hertha,Stuttgart,2,False,0,0.3051292412814607,0.28516292123426273,0.4097078374842765,0.3051292412814607,0.28516292123426273,0.4097078374842765,0.3051292412814607,0.28516292123426273,0.4097078374842765,0.3051292412814607,0.28516292123426273,0.4097078374842765,False
2122,2022-04-29,Union Berlin,Greuther Furth,1,True,32,0.3,0.26,0.44,0.3,0.26,0.44,0.3,0.26,0.44,0.21729026487394093,0.27648440771383975,0.5062253274122194,False
2122,2022-04-30,Stuttgart,Wolfsburg,1,False,0,0.40473330358467025,0.2856746182589507,0.3095920781563792,0.40473330358467025,0.2856746182589507,0.3095920781563792,0.40473330358467025,0.2856746182589507,0.3095920781563792,0.40473330358467025,0.2856746182589507,0.3095920781563792,False
2122,2022-04-30,Mainz,Bayern Munich,2,False,0,0.7348107533840381,0.16862863284203108,0.09656061377393091,0.7348107533840381,0.16862863284203108,0.09656061377393091,0.7348107533840381,0.16862863284203108,0.09656061377393091,0.7348107533840381,0.16862863284203108,0.09656061377393091,False
2122,2022-04-30,Hoffenheim,Freiburg,0,False,0,0.23631675855237205,0.25392483847839314,0.5097584029692348,0.23631675855237205,0.25392483847839314,0.5097584029692348,0.23631675855237205,0.25392483847839314,0.5097584029692348,0.23631675855237205,0.25392483847839314,0.5097584029692348,False
2122,2022-04-30,Augsburg,FC Koln,0,False,0,0.2752490227424167,0.2792408462672385,0.4455101309903449,0.2752490227424167,0.2792408462672385,0.4455101309903449,0.2752490227424167,0.2792408462672385,0.4455101309903449,0.2752490227424167,0.2792408462672385,0.4455101309903449,False
2122,2022-04-30,Bielefeld,Hertha,1,False,0,0.39217731599164474,0.3431303738582715,0.2646923101500838,0.39217731599164474,0.3431303738582715,0.2646923101500838,0.39217731599164474,0.3431303738582715,0.2646923101500838,0.39217731599164474,0.3431303738582715,0.2646923101500838,False
2122,2022-04-30,Dortmund,Bochum,0,True,32,0.3,0.26,0.44,0.3,0.26,0.44,0.3,0.26,0.44,0.09483098142039399,0.1634621929884871,0.7417068255911189,False
2122,2022-05-02,Leverkusen,Ein Frankfurt,2,False,0,0.25871544932441864,0.2499411293718998,0.4913434213036816,0.25871544932441864,0.2499411293718998,0.4913434213036816,0.25871544932441864,0.2499411293718998,0.4913434213036816,0.25871544932441864,0.2499411293718998,0.4913434213036816,False
2122,2022-05-02,M'gladbach,RB Leipzig,2,False,0,0.42235264466015165,0.27414528555824147,0.303502069781607,0.42235264466015165,0.27414528555824147,0.303502069781607,0.42235264466015165,0.27414528555824147,0.303502069781607,0.42235264466015165,0.27414528555824147,0.303502069781607,False
2122,2022-05-06,Bochum,Bielefeld,2,True,33,0.3,0.26,0.44,0.3,0.26,0.44,0.3,0.26,0.44,0.21343215883956348,0.32625767258731203,0.46031016857312457,False
2122,2022-05-07,FC Koln,Wolfsburg,0,False,0,0.4892697750396741,0.27113343381665184,0.23959679114367394,0.4892697750396741,0.27113343381665184,0.23959679114367394,0.4892697750396741,0.27113343381665184,0.23959679114367394,0.4892697750396741,0.27113343381665184,0.23959679114367394,False
2122,2022-05-07,Freiburg,Union Berlin,0,False,0,0.3120425430213615,0.2967009172958304,0.3912565396828082,0.3120425430213615,0.2967009172958304,0.3912565396828082,0.3120425430213615,0.2967009172958304,0.3912565396828082,0.3120425430213615,0.2967009172958304,0.3912565396828082,False
2122,2022-05-07,Greuther Furth,Dortmund,0,True,33,0.3,0.26,0.44,0.3,0.26,0.44,0.3,0.26,0.44,0.6119306074598548,0.21677808165301432,0.1712913108871308,False
2122,2022-05-07,Hertha,Mainz,0,False,0,0.2625087543703904,0.28759689761382534,0.4498943480157843,0.2625087543703904,0.28759689761382534,0.4498943480157843,0.2625087543703904,0.28759689761382534,0.4498943480157843,0.2625087543703904,0.28759689761382534,0.4498943480157843,False
2122,2022-05-07,Hoffenheim,Leverkusen,0,False,0,0.35260127171008243,0.2675784402044012,0.37982028808551643,0.35260127171008243,0.2675784402044012,0.37982028808551643,0.35260127171008243,0.2675784402044012,0.37982028808551643,0.35260127171008243,0.2675784402044012,0.37982028808551643,False
2122,2022-05-08,Ein Frankfurt,M'gladbach,1,False,0,0.33459353118655244,0.2496413026939919,0.41576516611945574,0.33459353118655244,0.2496413026939919,0.41576516611945574,0.33459353118655244,0.2496413026939919,0.41576516611945574,0.33459353118655244,0.2496413026939919,0.41576516611945574,False
2122,2022-05-08,Bayern Munich,Stuttgart,1,False,0,0.06046160235967591,0.12334923543559971,0.8161891622047244,0.06046160235967591,0.12334923543559971,0.8161891622047244,0.06046160235967591,0.12334923543559971,0.8161891622047244,0.06046160235967591,0.12334923543559971,0.8161891622047244,False
2122,2022-05-08,RB Leipzig,Augsburg,2,False,0,0.09776703677928678,0.19715587625656802,0.7050770869641453,0.09776703677928678,0.19715587625656802,0.7050770869641453,0.09776703677928678,0.19715587625656802,0.7050770869641453,0.09776703677928678,0.19715587625656802,0.7050770869641453,False
2122,2022-05-14,Mainz,Ein Frankfurt,1,False,0,0.4378838291419605,0.2660233489400045,0.296092821918035,0.4378838291419605,0.2660233489400045,0.296092821918035,0.4378838291419605,0.2660233489400045,0.296092821918035,0.4378838291419605,0.2660233489400045,0.296092821918035,False
2122,2022-05-14,Stuttgart,FC Koln,2,False,0,0.22883972814192022,0.26090234834925663,0.5102579235088233,0.22883972814192022,0.26090234834925663,0.5102579235088233,0.22883972814192022,0.26090234834925663,0.5102579235088233,0.22883972814192022,0.26090234834925663,0.5102579235088233,False
2122,2022-05-14,M'gladbach,Hoffenheim,2,False,0,0.27904591800077677,0.2483472505929582,0.4726068314062651,0.27904591800077677,0.2483472505929582,0.4726068314062651,0.27904591800077677,0.2483472505929582,0.4726068314062651,0.27904591800077677,0.2483472505929582,0.4726068314062651,False
2122,2022-05-14,Union Berlin,Bochum,2,True,34,0.3,0.26,0.44,0.3,0.26,0.44,0.3,0.26,0.44,0.21729026487394093,0.27648440771383975,0.5062253274122194,False
2122,2022-05-14,Dortmund,Hertha,2,False,0,0.1229068415882218,0.18914961620046808,0.6879435422113102,0.1229068415882218,0.18914961620046808,0.6879435422113102,0.1229068415882218,0.18914961620046808,0.6879435422113102,0.1229068415882218,0.18914961620046808,0.6879435422113102,False
2122,2022-05-14,Bielefeld,RB Leipzig,1,False,0,0.6081473372222989,0.2723934408548271,0.11945922192287407,0.6081473372222989,0.2723934408548271,0.11945922192287407,0.6081473372222989,0.2723934408548271,0.11945922192287407,0.6081473372222989,0.2723934408548271,0.11945922192287407,False
2122,2022-05-14,Augsburg,Greuther Furth,2,True,34,0.3,0.26,0.44,0.3,0.26,0.44,0.3,0.26,0.44,0.2916805906743146,0.28730322117619883,0.4210161881494867,False
2122,2022-05-14,Leverkusen,Freiburg,2,False,0,0.19627042527278465,0.25392723499802905,0.5498023397291862,0.19627042527278465,0.25392723499802905,0.5498023397291862,0.19627042527278465,0.25392723499802905,0.5498023397291862,0.19627042527278465,0.25392723499802905,0.5498023397291862,False
2122,2022-05-14,Wolfsburg,Bayern Munich,1,False,0,0.5727841240245831,0.2305876331675408,0.19662824280787614,0.5727841240245831,0.2305876331675408,0.19662824280787614,0.5727841240245831,0.2305876331675408,0.19662824280787614,0.5727841240245831,0.2305876331675408,0.19662824280787614,False
2223,2022-08-05,Ein Frankfurt,Bayern Munich,0,False,0,0.6244945678173955,0.20468174776716597,0.17082368441543858,0.6244945678173955,0.20468174776716597,0.17082368441543858,0.6244945678173955,0.20468174776716597,0.17082368441543858,0.6244945678173955,0.20468174776716597,0.17082368441543858,False
2223,2022-08-06,Augsburg,Freiburg,0,False,0,0.3910770320975094,0.2894258190009062,0.3194971489015845,0.3910770320975094,0.2894258190009062,0.3194971489015845,0.3910770320975094,0.2894258190009062,0.3194971489015845,0.3910770320975094,0.2894258190009062,0.3194971489015845,False
2223,2022-08-06,Bochum,Mainz,0,False,0,0.31991990143136473,0.3140746640747298,0.36600543449390555,0.31991990143136473,0.3140746640747298,0.36600543449390555,0.31991990143136473,0.3140746640747298,0.36600543449390555,0.31991990143136473,0.3140746640747298,0.36600543449390555,False
2223,2022-08-06,Dortmund,Leverkusen,2,False,0,0.2577669237596937,0.2238766907349252,0.5183563855053812,0.2577669237596937,0.2238766907349252,0.5183563855053812,0.2577669237596937,0.2238766907349252,0.5183563855053812,0.2577669237596937,0.2238766907349252,0.5183563855053812,False
2223,2022-08-06,M'gladbach,Hoffenheim,2,False,0,0.28763976016515386,0.24086441485814752,0.4714958249766986,0.28763976016515386,0.24086441485814752,0.4714958249766986,0.28763976016515386,0.24086441485814752,0.4714958249766986,0.28763976016515386,0.24086441485814752,0.4714958249766986,False
2223,2022-08-06,Union Berlin,Hertha,2,False,0,0.18998951146439647,0.2662894494078901,0.5437210391277134,0.18998951146439647,0.2662894494078901,0.5437210391277134,0.18998951146439647,0.2662894494078901,0.5437210391277134,0.18998951146439647,0.2662894494078901,0.5437210391277134,False
2223,2022-08-06,Wolfsburg,Werder Bremen,1,True,1,0.20260645298522828,0.2674960137249222,0.5298975332898496,0.18571447178943157,0.08200302519419662,0.7322825030163718,0.18571447178943157,0.08200302519419662,0.7322825030163718,0.17463803286735485,0.2506767343697809,0.5746852327628642,True
2223,2022-08-07,FC Koln,Schalke 04,2,True,1,0.18387948110936864,0.2599230923594412,0.5561974265311901,0.12828585485562383,0.05403394962718151,0.8176801955171946,0.12828585485562383,0.05403394962718151,0.8176801955171946,0.2368849080024014,0.2694288940474943,0.49368619795010427,True
2223,2022-08-07,Stuttgart,RB Leipzig,1,False,0,0.5641249448628898,0.2527033188685046,0.1831717362686056,0.5641249448628898,0.2527033188685046,0.1831717362686056,0.5641249448628898,0.2527033188685046,0.1831717362686056,0.5641249448628898,0.2527033188685046,0.1831717362686056,False
2223,2022-08-12,Freiburg,Dortmund,0,False,0,0.47802301912505885,0.24023541869135945,0.2817415621835818,0.47802301912505885,0.24023541869135945,0.2817415621835818,0.47802301912505885,0.24023541869135945,0.2817415621835818,0.47802301912505885,0.24023541869135945,0.2817415621835818,False
2223,2022-08-13,Werder Bremen,Stuttgart,1,True,2,0.2961338814373787,0.28781675574158805,0.4160493628210332,0.3408788071977964,0.2142536228541367,0.44486756994806687,0.33640431462175463,0.22160993614288185,0.4419857492353635,0.3342144370153052,0.28754363398143884,0.3782419290032559,True
2223,2022-08-13,Schalke 04,M'gladbach,1,True,2,0.5207999388124838,0.25744781103948894,0.2217522501480274,0.6353208920354786,0.11850209841064895,0.24617700955387242,0.6238687967131792,0.13239666967353295,0.24373453361328792,0.4536781043698923,0.26239086509714604,0.28393103053296176,True
2223,2022-08-13,RB Leipzig,FC Koln,1,False,0,0.10631182588721079,0.19807652598028688,0.6956116481325024,0.10631182588721079,0.19807652598028688,0.6956116481325024,0.10631182588721079,0.19807652598028688,0.6956116481325024,0.10631182588721079,0.19807652598028688,0.6956116481325024,False
2223,2022-08-13,Hertha,Ein Frankfurt,1,False,0,0.41756114884048695,0.2750346943996735,0.30740415675983956,0.41756114884048695,0.2750346943996735,0.30740415675983956,0.41756114884048695,0.2750346943996735,0.30740415675983956,0.41756114884048695,0.2750346943996735,0.30740415675983956,False
2223,2022-08-13,Hoffenheim,Bochum,2,False,0,0.20102023652774992,0.25666619034978316,0.542313573122467,0.20102023652774992,0.25666619034978316,0.542313573122467,0.20102023652774992,0.25666619034978316,0.542313573122467,0.20102023652774992,0.25666619034978316,0.542313573122467,False
2223,2022-08-13,Leverkusen,Augsburg,0,False,0,0.12433329913760058,0.2053050435365492,0.6703616573258503,0.12433329913760058,0.2053050435365492,0.6703616573258503,0.12433329913760058,0.2053050435365492,0.6703616573258503,0.12433329913760058,0.2053050435365492,0.6703616573258503,False
2223,2022-08-14,Bayern Munich,Wolfsburg,2,False,0,0.08938791287033666,0.1599670383900346,0.7506450487396288,0.08938791287033666,0.1599670383900346,0.7506450487396288,0.08938791287033666,0.1599670383900346,0.7506450487396288,0.08938791287033666,0.1599670383900346,0.7506450487396288,False
2223,2022-08-14,Mainz,Union Berlin,1,False,0,0.3385978201213954,0.30565907921325,0.35574310066535464,0.3385978201213954,0.30565907921325,0.35574310066535464,0.3385978201213954,0.30565907921325,0.35574310066535464,0.3385978201213954,0.30565907921325,0.35574310066535464,False
2223,2022-08-19,M'gladbach,Hertha,2,False,0,0.1794393723158604,0.22961497257158495,0.5909456551125547,0.1794393723158604,0.22961497257158495,0.5909456551125547,0.1794393723158604,0.22961497257158495,0.5909456551125547,0.1794393723158604,0.22961497257158495,0.5909456551125547,False
2223,2022-08-20,Union Berlin,RB Leipzig,2,False,0,0.4591985916723659,0.28934369709861263,0.25145771122902144,0.4591985916723659,0.28934369709861263,0.25145771122902144,0.4591985916723659,0.28934369709861263,0.25145771122902144,0.4591985916723659,0.28934369709861263,0.25145771122902144,False
2223,2022-08-20,Wolfsburg,Schalke 04,1,True,3,0.1327586832526605,0.2347038162000195,0.63253750054732,0.13018579510166478,0.054889040453036296,0.8149251644452988,0.1307003727318639,0.09085199560243293,0.7784476316657031,0.17463803286735485,0.2506767343697809,0.5746852327628642,True
2223,2022-08-20,Stuttgart,Freiburg,0,False,0,0.3680852832456391,0.28418507936798043,0.3477296373863806,0.3680852832456391,0.28418507936798043,0.3477296373863806,0.3680852832456391,0.28418507936798043,0.3477296373863806,0.3680852832456391,0.28418507936798043,0.3477296373863806,False
2223,2022-08-20,Augsburg,Mainz,0,False,0,0.33611975040688613,0.3009407332058237,0.36293951638729016,0.33611975040688613,0.3009407332058237,0.36293951638729016,0.33611975040688613,0.3009407332058237,0.36293951638729016,0.33611975040688613,0.3009407332058237,0.36293951638729016,False
2223,2022-08-20,Dortmund,Werder Bremen,0,True,3,0.10501413262106488,0.16753691632483625,0.7274489510540989,0.07808949725280993,0.05,0.8719105027471901,0.08347442432646092,0.07350738326496725,0.8430181924085719,0.0843234555307304,0.1460708382046296,0.76960570626464,True
2223,2022-08-20,Leverkusen,Hoffenheim,0,False,0,0.20313638666167833,0.22107413718956587,0.5757894761487559,0.20313638666167833,0.22107413718956587,0.5757894761487559,0.20313638666167833,0.22107413718956587,0.5757894761487559,0.20313638666167833,0.22107413718956587,0.5757894761487559,False
2223,2022-08-21,Bochum,Bayern Munich,0,False,0,0.7021038730422398,0.1904806149531276,0.10741551200463269,0.7021038730422398,0.1904806149531276,0.10741551200463269,0.7021038730422398,0.1904806149531276,0.10741551200463269,0.7021038730422398,0.1904806149531276,0.10741551200463269,False
2223,2022-08-21,Ein Frankfurt,FC Koln,1,False,0,0.22245965477463353,0.2543682150676559,0.5231721301577106,0.22245965477463353,0.2543682150676559,0.5231721301577106,0.22245965477463353,0.2543682150676559,0.5231721301577106,0.22245965477463353,0.2543682150676559,0.5231721301577106,False
2223,2022-08-26,Freiburg,Bochum,2,False,0,0.20852286445084173,0.2793194187252123,0.512157716823946,0.20852286445084173,0.2793194187252123,0.512157716823946,0.20852286445084173,0.2793194187252123,0.512157716823946,0.20852286445084173,0.2793194187252123,0.512157716823946,False
2223,2022-08-27,Schalke 04,Union Berlin,0,True,4,0.47823872726087263,0.29252322236477296,0.22923805037435446,0.6883805211843922,0.097795434412688,0.21382404440291977,0.6253379830073363,0.1562137707983135,0.21844824619435016,0.4172426159196374,0.2946937123227942,0.28806367175756853,True
2223,2022-08-27,RB Leipzig,Wolfsburg,2,False,0,0.1536839013908783,0.24030971280528338,0.6060063858038384,0.1536839013908783,0.24030971280528338,0.6060063858038384,0.1536839013908783,0.24030971280528338,0.6060063858038384,0.1536839013908783,0.24030971280528338,0.6060063858038384,False
2223,2022-08-27,Mainz,Leverkusen,0,False,0,0.46108532174191225,0.2698499875819319,0.2690646906761558,0.46108532174191225,0.2698499875819319,0.2690646906761558,0.46108532174191225,0.2698499875819319,0.2690646906761558,0.46108532174191225,0.2698499875819319,0.2690646906761558,False
2223,2022-08-27,Hertha,Dortmund,0,False,0,0.6046057014526227,0.21329373729919546,0.1821005612481818,0.6046057014526227,0.21329373729919546,0.1821005612481818,0.6046057014526227,0.21329373729919546,0.1821005612481818,0.6046057014526227,0.21329373729919546,0.1821005612481818,False
2223,2022-08-27,Bayern Munich,M'gladbach,1,False,0,0.08766443641864008,0.14041118029442745,0.7719243832869324,0.08766443641864008,0.14041118029442745,0.7719243832869324,0.08766443641864008,0.14041118029442745,0.7719243832869324,0.08766443641864008,0.14041118029442745,0.7719243832869324,False
2223,2022-08-27,Hoffenheim,Augsburg,2,False,0,0.19239988810932734,0.2390978238216178,0.5685022880690549,0.19239988810932734,0.2390978238216178,0.5685022880690549,0.19239988810932734,0.2390978238216178,0.5685022880690549,0.19239988810932734,0.2390978238216178,0.5685022880690549,False
2223,2022-08-28,FC Koln,Stuttgart,1,False,0,0.2778672944931139,0.27968945475097473,0.44244325075591134,0.2778672944931139,0.27968945475097473,0.44244325075591134,0.2778672944931139,0.27968945475097473,0.44244325075591134,0.2778672944931139,0.27968945475097473,0.44244325075591134,False
2223,2022-08-28,Werder Bremen,Ein Frankfurt,0,True,4,0.3917827518585857,0.2800408203076207,0.3281764278337937,0.3780987923337294,0.2599535433203879,0.3619476643458826,0.3822039801911863,0.26597972641655776,0.35181629339225595,0.4356226060175861,0.27265709835520946,0.29172029562720436,True
2223,2022-09-02,Dortmund,Hoffenheim,2,False,0,0.16542660006031268,0.18470100516035717,0.6498723947793302,0.16542660006031268,0.18470100516035717,0.6498723947793302,0.16542660006031268,0.18470100516035717,0.6498723947793302,0.16542660006031268,0.18470100516035717,0.6498723947793302,False
2223,2022-09-03,Union Berlin,Bayern Munich,1,False,0,0.6033150346697719,0.22570061887653353,0.17098434645369462,0.6033150346697719,0.22570061887653353,0.17098434645369462,0.6033150346697719,0.22570061887653353,0.17098434645369462,0.6033150346697719,0.22570061887653353,0.17098434645369462,False
2223,2022-09-03,Wolfsburg,FC Koln,0,False,0,0.21950335100009172,0.268543036585236,0.5119536124146723,0.21950335100009172,0.268543036585236,0.5119536124146723,0.21950335100009172,0.268543036585236,0.5119536124146723,0.21950335100009172,0.268543036585236,0.5119536124146723,False
2223,2022-09-03,Stuttgart,Schalke 04,1,True,5,0.19331637663491363,0.2667081900563852,0.5399754333087012,0.17865166761376935,0.07828745007004291,0.7430608823161877,0.18451755122222707,0.15365574606457982,0.6618267027131931,0.2477438591204172,0.27477224797522,0.4774838929043629,True
2223,2022-09-03,Bochum,Werder Bremen,0,True,5,0.288264010827064,0.30775781121202805,0.4039781779609079,0.2643822582262472,0.13176572454907678,0.6038520172246761,0.27393495926657396,0.2021625592142573,0.5239024815191688,0.2565516350385992,0.29825697822486974,0.4451913867365312,True
2223,2022-09-03,Ein Frankfurt,RB Leipzig,2,False,0,0.47439213109288575,0.26790316097280265,0.25770470793431166,0.47439213109288575,0.26790316097280265,0.25770470793431166,0.47439213109288575,0.26790316097280265,0.25770470793431166,0.47439213109288575,0.26790316097280265,0.25770470793431166,False
2223,2022-09-03,Leverkusen,Freiburg,0,False,0,0.1947955011511563,0.23585759678737325,0.5693469020614705,0.1947955011511563,0.23585759678737325,0.5693469020614705,0.1947955011511563,0.23585759678737325,0.5693469020614705,0.1947955011511563,0.23585759678737325,0.5693469020614705,False
2223,2022-09-04,Augsburg,Hertha,0,False,0,0.28340346004925937,0.2895005740659099,0.42709596588483073,0.28340346004925937,0.2895005740659099,0.42709596588483073,0.28340346004925937,0.2895005740659099,0.42709596588483073,0.28340346004925937,0.2895005740659099,0.42709596588483073,False
2223,2022-09-04,M'gladbach,Mainz,0,False,0,0.22701584547614834,0.25531434032773204,0.5176698141961196,0.22701584547614834,0.25531434032773204,0.5176698141961196,0.22701584547614834,0.25531434032773204,0.5176698141961196,0.22701584547614834,0.25531434032773204,0.5176698141961196,False
2223,2022-09-09,Werder Bremen,Augsburg,0,True,6,0.2710287645211293,0.29064779760917264,0.4383234378696981,0.2710287645211293,0.29064779760917264,0.4383234378696981,0.27816135360415106,0.2198122208625825,0.5020264255332665,0.3068642779386156,0.29221610231811695,0.40091961974326734,False
2223,2022-09-10,Bayern Munich,Stuttgart,1,False,0,0.05081664052579712,0.11257629761708983,0.8366070618571131,0.05081664052579712,0.11257629761708983,0.8366070618571131,0.05081664052579712,0.11257629761708983,0.8366070618571131,0.05081664052579712,0.11257629761708983,0.8366070618571131,False
2223,2022-09-10,Ein Frankfurt,Wolfsburg,0,False,0,0.2934988313375701,0.2775192817958657,0.4289818868665642,0.2934988313375701,0.2775192817958657,0.4289818868665642,0.2934988313375701,0.2775192817958657,0.4289818868665642,0.2934988313375701,0.2775192817958657,0.4289818868665642,False
2223,2022-09-10,Hertha,Leverkusen,1,False,0,0.5332037367436162,0.24905820379071028,0.21773805946567365,0.5332037367436162,0.24905820379071028,0.21773805946567365,0.5332037367436162,0.24905820379071028,0.21773805946567365,0.5332037367436162,0.24905820379071028,0.21773805946567365,False
2223,2022-09-10,Hoffenheim,Mainz,2,False,0,0.23775971908295232,0.25518021113038,0.5070600697866676,0.23775971908295232,0.25518021113038,0.5070600697866676,0.23775971908295232,0.25518021113038,0.5070600697866676,0.23775971908295232,0.25518021113038,0.5070600697866676,False
2223,2022-09-10,RB Leipzig,Dortmund,2,False,0,0.2667673526897477,0.24266725596706745,0.4905653913431849,0.2667673526897477,0.24266725596706745,0.4905653913431849,0.2667673526897477,0.24266725596706745,0.4905653913431849,0.2667673526897477,0.24266725596706745,0.4905653913431849,False
2223,2022-09-10,Schalke 04,Bochum,2,True,6,0.36943253773710116,0.31758086832044113,0.3129865939424577,0.36943253773710116,0.31758086832044113,0.3129865939424577,0.38527701228554245,0.2803981560503479,0.3343248316641096,0.3120130208596284,0.3066258210514685,0.38136115808890314,False
2223,2022-09-11,FC Koln,Union Berlin,0,False,0,0.35789883206702616,0.2974055436073459,0.34469562432562784,0.35789883206702616,0.2974055436073459,0.34469562432562784,0.35789883206702616,0.2974055436073459,0.34469562432562784,0.35789883206702616,0.2974055436073459,0.34469562432562784,False
2223,2022-09-11,Freiburg,M'gladbach,1,False,0,0.31906603109609466,0.26319016933796785,0.4177437995659376,0.31906603109609466,0.26319016933796785,0.4177437995659376,0.31906603109609466,0.26319016933796785,0.4177437995659376,0.31906603109609466,0.26319016933796785,0.4177437995659376,False
2223,2022-09-16,Mainz,Hertha,1,False,0,0.2362852416293594,0.27837832516355343,0.48533643320708725,0.2362852416293594,0.27837832516355343,0.48533643320708725,0.2362852416293594,0.27837832516355343,0.48533643320708725,0.2362852416293594,0.27837832516355343,0.48533643320708725,False
2223,2022-09-17,Stuttgart,Ein Frankfurt,0,False,0,0.3846710712610956,0.27765831316086176,0.33767061557804273,0.3846710712610956,0.27765831316086176,0.33767061557804273,0.3846710712610956,0.27765831316086176,0.33767061557804273,0.3846710712610956,0.27765831316086176,0.33767061557804273,False
2223,2022-09-17,M'gladbach,RB Leipzig,2,False,0,0.4699638685964708,0.2612450555114788,0.2687910758920503,0.4699638685964708,0.2612450555114788,0.2687910758920503,0.4699638685964708,0.2612450555114788,0.2687910758920503,0.4699638685964708,0.2612450555114788,0.2687910758920503,False
2223,2022-09-17,Leverkusen,Werder Bremen,1,True,7,0.13429792016126768,0.2092353242401265,0.6564667555986058,0.13429792016126768,0.2092353242401265,0.6564667555986058,0.13601813478373487,0.14903099572780718,0.714950869488458,0.11120499275743025,0.1881534479749103,0.7006415592676595,False
2223,2022-09-17,Augsburg,Bayern Munich,2,False,0,0.7300953757126991,0.17105049162871874,0.09885413265858216,0.7300953757126991,0.17105049162871874,0.09885413265858216,0.7300953757126991,0.17105049162871874,0.09885413265858216,0.7300953757126991,0.17105049162871874,0.09885413265858216,False
2223,2022-09-17,Dortmund,Schalke 04,2,True,7,0.05871355293374308,0.12490987355307662,0.8163765735131804,0.05871355293374308,0.12490987355307662,0.8163765735131804,0.05943118072488472,0.09494592413184597,0.8456228951432694,0.0843234555307304,0.1460708382046296,0.76960570626464,False
2223,2022-09-18,Bochum,FC Koln,1,False,0,0.30905214781971146,0.3046948301765666,0.38625302200372186,0.30905214781971146,0.3046948301765666,0.38625302200372186,0.30905214781971146,0.3046948301765666,0.38625302200372186,0.30905214781971146,0.3046948301765666,0.38625302200372186,False
2223,2022-09-18,Hoffenheim,Freiburg,1,False,0,0.28578702988811777,0.2554813918276163,0.458731578284266,0.28578702988811777,0.2554813918276163,0.458731578284266,0.28578702988811777,0.2554813918276163,0.458731578284266,0.28578702988811777,0.2554813918276163,0.458731578284266,False
2223,2022-09-18,Union Berlin,Wolfsburg,2,False,0,0.28951971301121104,0.29962028999855983,0.4108599969902291,0.28951971301121104,0.29962028999855983,0.4108599969902291,0.28951971301121104,0.29962028999855983,0.4108599969902291,0.28951971301121104,0.29962028999855983,0.4108599969902291,False
2223,2022-09-30,Bayern Munich,Leverkusen,2,False,0,0.1421619746951585,0.1838177975086021,0.6740202277962394,0.1421619746951585,0.1838177975086021,0.6740202277962394,0.1421619746951585,0.1838177975086021,0.6740202277962394,0.1421619746951585,0.1838177975086021,0.6740202277962394,False
2223,2022-10-01,Wolfsburg,Stuttgart,2,False,0,0.20905157597046242,0.2670000710160883,0.5239483530134493,0.20905157597046242,0.2670000710160883,0.5239483530134493,0.20905157597046242,0.2670000710160883,0.5239483530134493,0.20905157597046242,0.2670000710160883,0.5239483530134493,False
2223,2022-10-01,Werder Bremen,M'gladbach,2,True,8,0.40833969981440427,0.2706362806693245,0.32102401951627113,0.40833969981440427,0.2706362806693245,0.32102401951627113,0.4250698923425219,0.25020966440656867,0.3247204432509094,0.4536781043698923,0.26239086509714604,0.28393103053296176,False
2223,2022-10-01,RB Leipzig,Bochum,2,False,0,0.09689729273234386,0.20965517860441257,0.6934475286632437,0.09689729273234386,0.20965517860441257,0.6934475286632437,0.09689729273234386,0.20965517860441257,0.6934475286632437,0.09689729273234386,0.20965517860441257,0.6934475286632437,False
2223,2022-10-01,Freiburg,Mainz,2,False,0,0.24487223499824512,0.2764208651681756,0.4787068998335793,0.24487223499824512,0.2764208651681756,0.4787068998335793,0.24487223499824512,0.2764208651681756,0.4787068998335793,0.24487223499824512,0.2764208651681756,0.4787068998335793,False
2223,2022-10-01,Ein Frankfurt,Union Berlin,2,False,0,0.2866694327280526,0.2839851278322938,0.42934543943965364,0.2866694327280526,0.2839851278322938,0.42934543943965364,0.2866694327280526,0.2839851278322938,0.42934543943965364,0.2866694327280526,0.2839851278322938,0.42934543943965364,False
2223,2022-10-01,FC Koln,Dortmund,2,False,0,0.5550640475829343,0.2261126859952596,0.21882326642180627,0.5550640475829343,0.2261126859952596,0.21882326642180627,0.5550640475829343,0.2261126859952596,0.21882326642180627,0.5550640475829343,0.2261126859952596,0.21882326642180627,False
2223,2022-10-02,Hertha,Hoffenheim,1,False,0,0.4236490082990103,0.26336304387968795,0.3129879478213018,0.4236490082990103,0.26336304387968795,0.3129879478213018,0.4236490082990103,0.26336304387968795,0.3129879478213018,0.4236490082990103,0.26336304387968795,0.3129879478213018,False
2223,2022-10-02,Schalke 04,Augsburg,0,True,8,0.3667028072653333,0.30450616043667844,0.3287910322979883,0.3667028072653333,0.30450616043667844,0.3287910322979883,0.3743835100325294,0.2880021531447623,0.3376143368227083,0.3068642779386156,0.29221610231811695,0.40091961974326734,False
2223,2022-10-07,Hoffenheim,Werder Bremen,0,True,9,0.20640591700083477,0.2412415202854196,0.5523525627137457,0.20640591700083477,0.2412415202854196,0.5523525627137457,0.20876859940325837,0.2130793555414906,0.5781520450552511,0.17601778715988742,0.22427508960609113,0.5997071232340215,False
2223,2022-10-08,Mainz,RB Leipzig,1,False,0,0.5268325458329219,0.2686819568456569,0.20448549732142124,0.5268325458329219,0.2686819568456569,0.20448549732142124,0.5268325458329219,0.2686819568456569,0.20448549732142124,0.5268325458329219,0.2686819568456569,0.20448549732142124,False
2223,2022-10-08,Leverkusen,Schalke 04,2,True,9,0.08049441092131498,0.1672164098530281,0.752289179225657,0.08049441092131498,0.1672164098530281,0.752289179225657,0.08232772432013293,0.1437731278824225,0.7738991477974446,0.11120499275743025,0.1881534479749103,0.7006415592676595,False
2223,2022-10-08,Bochum,Ein Frankfurt,2,False,0,0.3882891149491069,0.29648882844772123,0.31522205660317193,0.3882891149491069,0.29648882844772123,0.31522205660317193,0.3882891149491069,0.29648882844772123,0.31522205660317193,0.3882891149491069,0.29648882844772123,0.31522205660317193,False
2223,2022-10-08,Dortmund,Bayern Munich,1,False,0,0.4727294407867399,0.219645669581269,0.30762488963199114,0.4727294407867399,0.219645669581269,0.30762488963199114,0.4727294407867399,0.219645669581269,0.30762488963199114,0.4727294407867399,0.219645669581269,0.30762488963199114,False
2223,2022-10-08,Augsburg,Wolfsburg,1,False,0,0.40123504927209097,0.29639214500267413,0.30237280572523495,0.40123504927209097,0.29639214500267413,0.30237280572523495,0.40123504927209097,0.29639214500267413,0.30237280572523495,0.40123504927209097,0.29639214500267413,0.30237280572523495,False
2223,2022-10-09,Hertha,Freiburg,1,False,0,0.4000252499629415,0.28237198246474093,0.3176027675723177,0.4000252499629415,0.28237198246474093,0.3176027675723177,0.4000252499629415,0.28237198246474093,0.3176027675723177,0.4000252499629415,0.28237198246474093,0.3176027675723177,False
2223,2022-10-09,M'gladbach,FC Koln,2,False,0,0.21410444317661761,0.24236840953328675,0.5435271472900955,0.21410444317661761,0.24236840953328675,0.5435271472900955,0.21410444317661761,0.24236840953328675,0.5435271472900955,0.21410444317661761,0.24236840953328675,0.5435271472900955,False
2223,2022-10-09,Stuttgart,Union Berlin,0,False,0,0.3696606920901164,0.2992527766425585,0.331086531267325,0.3696606920901164,0.2992527766425585,0.331086531267325,0.3696606920901164,0.2992527766425585,0.331086531267325,0.3696606920901164,0.2992527766425585,0.331086531267325,False
2223,2022-10-14,Schalke 04,Hoffenheim,0,True,10,0.5103785950503696,0.257390450666071,0.23223095428355928,0.5103785950503696,0.257390450666071,0.23223095428355928,0.5154209932095022,0.24678153953917012,0.23779746725132764,0.44235073707402395,0.2609977271203265,0.2966515358056496,False
2223,2022-10-15,Wolfsburg,M'gladbach,1,False,0,0.3013855274449077,0.2695527550323254,0.42906171752276684,0.3013855274449077,0.2695527550323254,0.42906171752276684,0.3013855274449077,0.2695527550323254,0.42906171752276684,0.3013855274449077,0.2695527550323254,0.42906171752276684,False
2223,2022-10-15,Werder Bremen,Mainz,0,True,10,0.32098422368240886,0.29652747172289506,0.3824883045946962,0.32098422368240886,0.29652747172289506,0.3824883045946962,0.32317500927772486,0.2886402595395379,0.3881847311827374,0.3599384011249951,0.2940000098337451,0.34606158904125994,False
2223,2022-10-15,Stuttgart,Bochum,2,False,0,0.2707251313346269,0.30182660206648687,0.42744826659888635,0.2707251313346269,0.30182660206648687,0.42744826659888635,0.2707251313346269,0.30182660206648687,0.42744826659888635,0.2707251313346269,0.30182660206648687,0.42744826659888635,False
2223,2022-10-15,RB Leipzig,Hertha,2,False,0,0.08598407810797551,0.17940343336489437,0.7346124885271301,0.08598407810797551,0.17940343336489437,0.7346124885271301,0.08598407810797551,0.17940343336489437,0.7346124885271301,0.08598407810797551,0.17940343336489437,0.7346124885271301,False
2223,2022-10-15,Ein Frankfurt,Leverkusen,2,False,0,0.40298235247415004,0.26159722136128544,0.3354204261645645,0.40298235247415004,0.26159722136128544,0.3354204261645645,0.40298235247415004,0.26159722136128544,0.3354204261645645,0.40298235247415004,0.26159722136128544,0.3354204261645645,False
2223,2022-10-16,Bayern Munich,Freiburg,2,False,0,0.08032231410209031,0.144473661431602,0.7752040244663078,0.08032231410209031,0.144473661431602,0.7752040244663078,0.08032231410209031,0.144473661431602,0.7752040244663078,0.08032231410209031,0.144473661431602,0.7752040244663078,False
2223,2022-10-16,FC Koln,Augsburg,2,False,0,0.2535918802457974,0.2814440146061417,0.4649641051480611,0.2535918802457974,0.2814440146061417,0.4649641051480611,0.2535918802457974,0.2814440146061417,0.4649641051480611,0.2535918802457974,0.2814440146061417,0.4649641051480611,False
2223,2022-10-16,Union Berlin,Dortmund,2,False,0,0.45467673868416114,0.25679378359696536,0.2885294777188735,0.45467673868416114,0.25679378359696536,0.2885294777188735,0.45467673868416114,0.25679378359696536,0.2885294777188735,0.45467673868416114,0.25679378359696536,0.2885294777188735,False
2223,2022-10-21,Mainz,FC Koln,2,False,0,0.2740105684101718,0.2853580794791255,0.4406313521107028,0.2740105684101718,0.2853580794791255,0.4406313521107028,0.2740105684101718,0.2853580794791255,0.4406313521107028,0.2740105684101718,0.2853580794791255,0.4406313521107028,False
2223,2022-10-22,M'gladbach,Ein Frankfurt,0,False,0,0.2869037585278016,0.2527801404215341,0.4603161010506643,0.2869037585278016,0.2527801404215341,0.4603161010506643,0.2869037585278016,0.2527801404215341,0.4603161010506643,0.2869037585278016,0.2527801404215341,0.4603161010506643,False
2223,2022-10-22,Leverkusen,Wolfsburg,1,False,0,0.20684926647471685,0.2492641058730151,0.5438866276522681,0.20684926647471685,0.2492641058730151,0.5438866276522681,0.20684926647471685,0.2492641058730151,0.5438866276522681,0.20684926647471685,0.2492641058730151,0.5438866276522681,False
2223,2022-10-22,Hoffenheim,Bayern Munich,0,False,0,0.6401047458777279,0.19205647051321734,0.16783878360905471,0.6401047458777279,0.19205647051321734,0.16783878360905471,0.6401047458777279,0.19205647051321734,0.16783878360905471,0.6401047458777279,0.19205647051321734,0.16783878360905471,False
2223,2022-10-22,Freiburg,Werder Bremen,2,True,11,0.21464284535827863,0.2634293232311483,0.5219278314105731,0.21464284535827863,0.2634293232311483,0.5219278314105731,0.21464284535827863,0.2634293232311483,0.5219278314105731,0.18512936042645176,0.24734243162172623,0.5675282079518219,False
2223,2022-10-22,Dortmund,Stuttgart,2,False,0,0.10902375521224678,0.1684107169357861,0.7225655278519671,0.10902375521224678,0.1684107169357861,0.7225655278519671,0.10902375521224678,0.1684107169357861,0.7225655278519671,0.10902375521224678,0.1684107169357861,0.7225655278519671,False
2223,2022-10-22,Augsburg,RB Leipzig,1,False,0,0.5843751411343484,0.25013903832881745,0.16548582053683425,0.5843751411343484,0.25013903832881745,0.16548582053683425,0.5843751411343484,0.25013903832881745,0.16548582053683425,0.5843751411343484,0.25013903832881745,0.16548582053683425,False
2223,2022-10-23,Bochum,Union Berlin,2,False,0,0.37225985671684975,0.3186587368457014,0.30908140643744886,0.37225985671684975,0.3186587368457014,0.30908140643744886,0.37225985671684975,0.3186587368457014,0.30908140643744886,0.37225985671684975,0.3186587368457014,0.30908140643744886,False
2223,2022-10-23,Hertha,Schalke 04,2,True,11,0.21623553524556405,0.27578055250023914,0.5079839122541969,0.21623553524556405,0.27578055250023914,0.5079839122541969,0.21623553524556405,0.27578055250023914,0.5079839122541969,0.2746279490281191,0.2805290965219396,0.44484295444994126,False
2223,2022-10-28,Werder Bremen,Hertha,2,True,12,0.2685906249903712,0.2830095193276565,0.4483998556819724,0.2685906249903712,0.2830095193276565,0.4483998556819724,0.2685906249903712,0.2830095193276565,0.4483998556819724,0.30486881744654454,0.28501449611642393,0.41011668643703164,False
2223,2022-10-29,Wolfsburg,Bochum,2,False,0,0.1970943445449625,0.28357225336232345,0.5193334020927141,0.1970943445449625,0.28357225336232345,0.5193334020927141,0.1970943445449625,0.28357225336232345,0.5193334020927141,0.1970943445449625,0.28357225336232345,0.5193334020927141,False
2223,2022-10-29,RB Leipzig,Leverkusen,2,False,0,0.22540798174878512,0.253078538873271,0.5215134793779439,0.22540798174878512,0.253078538873271,0.5215134793779439,0.22540798174878512,0.253078538873271,0.5215134793779439,0.22540798174878512,0.253078538873271,0.5215134793779439,False
2223,2022-10-29,Stuttgart,Augsburg,2,False,0,0.26448094438130043,0.2862517012192333,0.4492673543994663,0.26448094438130043,0.2862517012192333,0.4492673543994663,0.26448094438130043,0.2862517012192333,0.4492673543994663,0.26448094438130043,0.2862517012192333,0.4492673543994663,False
2223,2022-10-29,Bayern Munich,Mainz,2,False,0,0.062267445921531966,0.1316454518832108,0.8060871021952571,0.062267445921531966,0.1316454518832108,0.8060871021952571,0.062267445921531966,0.1316454518832108,0.8060871021952571,0.062267445921531966,0.1316454518832108,0.8060871021952571,False
2223,2022-10-29,Ein Frankfurt,Dortmund,0,False,0,0.4673259594051531,0.23658253395935122,0.29609150663549577,0.4673259594051531,0.23658253395935122,0.29609150663549577,0.4673259594051531,0.23658253395935122,0.29609150663549577,0.4673259594051531,0.23658253395935122,0.29609150663549577,False
2223,2022-10-30,FC Koln,Hoffenheim,1,False,0,0.3763090355842215,0.2642237757051112,0.35946718871066735,0.3763090355842215,0.2642237757051112,0.35946718871066735,0.3763090355842215,0.2642237757051112,0.35946718871066735,0.3763090355842215,0.2642237757051112,0.35946718871066735,False
2223,2022-10-30,Schalke 04,Freiburg,0,True,12,0.4818252760051748,0.27885839655503425,0.23931632743979114,0.4818252760051748,0.27885839655503425,0.23931632743979114,0.4818252760051748,0.27885839655503425,0.23931632743979114,0.41760370392914953,0.28043027276938126,0.3019660233014693,False
2223,2022-10-30,Union Berlin,M'gladbach,2,False,0,0.30422147873887107,0.27725622269672984,0.41852229856439915,0.30422147873887107,0.27725622269672984,0.41852229856439915,0.30422147873887107,0.27725622269672984,0.41852229856439915,0.30422147873887107,0.27725622269672984,0.41852229856439915,False
2223,2022-11-04,M'gladbach,Stuttgart,2,False,0,0.2032673799440895,0.2404506993656465,0.556281920690264,0.2032673799440895,0.2404506993656465,0.556281920690264,0.2032673799440895,0.2404506993656465,0.556281920690264,0.2032673799440895,0.2404506993656465,0.556281920690264,False
2223,2022-11-05,Mainz,Wolfsburg,0,False,0,0.34700355725622795,0.29849312259621874,0.35450332014755326,0.34700355725622795,0.29849312259621874,0.35450332014755326,0.34700355725622795,0.29849312259621874,0.35450332014755326,0.34700355725622795,0.29849312259621874,0.35450332014755326,False
2223,2022-11-05,Werder Bremen,Schalke 04,2,True,13,0.19929979484036,0.2724544075978217,0.5282457975618184,0.19929979484036,0.2724544075978217,0.5282457975618184,0.19929979484036,0.2724544075978217,0.5282457975618184,0.2896608387559848,0.2827006213278186,0.42763853991619666,False
2223,2022-11-05,Hoffenheim,RB Leipzig,0,False,0,0.4865336192932114,0.2554331092655954,0.2580332714411933,0.4865336192932114,0.2554331092655954,0.2580332714411933,0.4865336192932114,0.2554331092655954,0.2580332714411933,0.4865336192932114,0.2554331092655954,0.2580332714411933,False
2223,2022-11-05,Hertha,Bayern Munich,0,False,0,0.7431238623328508,0.16189854689842773,0.09497759076872153,0.7431238623328508,0.16189854689842773,0.09497759076872153,0.7431238623328508,0.16189854689842773,0.09497759076872153,0.7431238623328508,0.16189854689842773,0.09497759076872153,False
2223,2022-11-05,Dortmund,Bochum,2,False,0,0.10512623786756459,0.1822237005568731,0.7126500615755623,0.10512623786756459,0.1822237005568731,0.7126500615755623,0.10512623786756459,0.1822237005568731,0.7126500615755623,0.10512623786756459,0.1822237005568731,0.7126500615755623,False
2223,2022-11-05,Augsburg,Ein Frankfurt,0,False,0,0.40820785493478534,0.2821809937697323,0.30961115129548233,0.40820785493478534,0.2821809937697323,0.30961115129548233,0.40820785493478534,0.2821809937697323,0.30961115129548233,0.40820785493478534,0.2821809937697323,0.30961115129548233,False
2223,2022-11-06,Freiburg,FC Koln,2,False,0,0.23257803425774087,0.26413714374977915,0.5032848219924799,0.23257803425774087,0.26413714374977915,0.5032848219924799,0.23257803425774087,0.26413714374977915,0.5032848219924799,0.23257803425774087,0.26413714374977915,0.5032848219924799,False
2223,2022-11-06,Leverkusen,Union Berlin,2,False,0,0.20265221563919295,0.25507144699200407,0.542276337368803,0.20265221563919295,0.25507144699200407,0.542276337368803,0.20265221563919295,0.25507144699200407,0.542276337368803,0.20265221563919295,0.25507144699200407,0.542276337368803,False
2223,2022-11-08,Bayern Munich,Werder Bremen,2,True,14,0.04885488852456176,0.111632970999765,0.8395121404756732,0.04885488852456176,0.111632970999765,0.8395121404756732,0.04885488852456176,0.111632970999765,0.8395121404756732,0.03719353488144392,0.09199289999446142,0.8708135651240947,False
2223,2022-11-08,Bochum,M'gladbach,2,False,0,0.4045488069690028,0.2868031066461808,0.30864808638481633,0.4045488069690028,0.2868031066461808,0.30864808638481633,0.4045488069690028,0.2868031066461808,0.30864808638481633,0.4045488069690028,0.2868031066461808,0.30864808638481633,False
2223,2022-11-08,Stuttgart,Hertha,2,False,0,0.26188520101317897,0.2785375604997999,0.45957723848702114,0.26188520101317897,0.2785375604997999,0.45957723848702114,0.26188520101317897,0.2785375604997999,0.45957723848702114,0.26188520101317897,0.2785375604997999,0.45957723848702114,False
2223,2022-11-08,Wolfsburg,Dortmund,2,False,0,0.4539503072334686,0.25065509509427475,0.2953945976722566,0.4539503072334686,0.25065509509427475,0.2953945976722566,0.4539503072334686,0.25065509509427475,0.2953945976722566,0.4539503072334686,0.25065509509427475,0.2953945976722566,False
2223,2022-11-09,Ein Frankfurt,Hoffenheim,2,False,0,0.2963965451303816,0.25094063957241003,0.4526628152972085,0.2963965451303816,0.25094063957241003,0.4526628152972085,0.2963965451303816,0.25094063957241003,0.4526628152972085,0.2963965451303816,0.25094063957241003,0.4526628152972085,False
2223,2022-11-09,FC Koln,Leverkusen,0,False,0,0.4855197666595061,0.25840755768056134,0.2560726756599327,0.4855197666595061,0.25840755768056134,0.2560726756599327,0.4855197666595061,0.25840755768056134,0.2560726756599327,0.4855197666595061,0.25840755768056134,0.2560726756599327,False
2223,2022-11-09,RB Leipzig,Freiburg,2,False,0,0.14323486599519653,0.2251147730357445,0.631650360969059,0.14323486599519653,0.2251147730357445,0.631650360969059,0.14323486599519653,0.2251147730357445,0.631650360969059,0.14323486599519653,0.2251147730357445,0.631650360969059,False
2223,2022-11-09,Schalke 04,Mainz,2,True,14,0.4214962815278088,0.2990442397370644,0.2794594787351269,0.4214962815278088,0.2990442397370644,0.2794594787351269,0.4214962815278088,0.2990442397370644,0.2794594787351269,0.3599384011249951,0.2940000098337451,0.34606158904125994,False
2223,2022-11-09,Union Berlin,Augsburg,1,False,0,0.19314777743578648,0.27503266655249137,0.5318195560117221,0.19314777743578648,0.27503266655249137,0.5318195560117221,0.19314777743578648,0.27503266655249137,0.5318195560117221,0.19314777743578648,0.27503266655249137,0.5318195560117221,False
2223,2022-11-11,M'gladbach,Dortmund,2,False,0,0.4606822858998539,0.23003245964822902,0.3092852544519171,0.4606822858998539,0.23003245964822902,0.3092852544519171,0.4606822858998539,0.23003245964822902,0.3092852544519171,0.4606822858998539,0.23003245964822902,0.3092852544519171,False
2223,2022-11-12,Werder Bremen,RB Leipzig,0,True,15,0.5698169023980497,0.25281862476367395,0.1773644728382763,0.5698169023980497,0.25281862476367395,0.1773644728382763,0.5698169023980497,0.25281862476367395,0.1773644728382763,0.6146223410876194,0.23416763123588683,0.15121002767649386,False
2223,2022-11-12,Schalke 04,Bayern Munich,0,True,15,0.8064312067352483,0.1326142050701991,0.06095458819455266,0.8064312067352483,0.1326142050701991,0.06095458819455266,0.8064312067352483,0.1326142050701991,0.06095458819455266,0.7593062468959337,0.15388372393377248,0.08681002917029382,False
2223,2022-11-12,Leverkusen,Stuttgart,2,False,0,0.13904696275354952,0.2097512665880783,0.6512017706583721,0.13904696275354952,0.2097512665880783,0.6512017706583721,0.13904696275354952,0.2097512665880783,0.6512017706583721,0.13904696275354952,0.2097512665880783,0.6512017706583721,False
2223,2022-11-12,Hertha,FC Koln,2,False,0,0.3318367619767508,0.28554925731203934,0.3826139807112099,0.3318367619767508,0.28554925731203934,0.3826139807112099,0.3318367619767508,0.28554925731203934,0.3826139807112099,0.3318367619767508,0.28554925731203934,0.3826139807112099,False
2223,2022-11-12,Augsburg,Bochum,0,False,0,0.2909130341340162,0.31196649456042896,0.39712047130555495,0.2909130341340162,0.31196649456042896,0.39712047130555495,0.2909130341340162,0.31196649456042896,0.39712047130555495,0.2909130341340162,0.31196649456042896,0.39712047130555495,False
2223,2022-11-12,Hoffenheim,Wolfsburg,0,False,0,0.29859188768873324,0.26579088125262457,0.43561723105864225,0.29859188768873324,0.26579088125262457,0.43561723105864225,0.29859188768873324,0.26579088125262457,0.43561723105864225,0.29859188768873324,0.26579088125262457,0.43561723105864225,False
2223,2022-11-13,Freiburg,Union Berlin,2,False,0,0.2964097640008223,0.2918491003014572,0.4117411356977205,0.2964097640008223,0.2918491003014572,0.4117411356977205,0.2964097640008223,0.2918491003014572,0.4117411356977205,0.2964097640008223,0.2918491003014572,0.4117411356977205,False
2223,2022-11-13,Mainz,Ein Frankfurt,1,False,0,0.35155251067178106,0.28410377722278773,0.3643437121054313,0.35155251067178106,0.28410377722278773,0.3643437121054313,0.35155251067178106,0.28410377722278773,0.3643437121054313,0.35155251067178106,0.28410377722278773,0.3643437121054313,False
2223,2023-01-20,RB Leipzig,Bayern Munich,1,False,0,0.40922258488671465,0.25880792511161244,0.331969490001673,0.40922258488671465,0.25880792511161244,0.331969490001673,0.40922258488671465,0.25880792511161244,0.331969490001673,0.40922258488671465,0.25880792511161244,0.331969490001673,False
2223,2023-01-21,FC Koln,Werder Bremen,2,True,16,0.26971975753631705,0.2811854024003053,0.44909484006337763,0.26971975753631705,0.2811854024003053,0.44909484006337763,0.26971975753631705,0.2811854024003053,0.44909484006337763,0.2368849080024014,0.2694288940474943,0.49368619795010427,False
2223,2023-01-21,Bochum,Hertha,2,False,0,0.2701539102702397,0.3014536510514108,0.4283924386783496,0.2701539102702397,0.3014536510514108,0.4283924386783496,0.2701539102702397,0.3014536510514108,0.4283924386783496,0.2701539102702397,0.3014536510514108,0.4283924386783496,False
2223,2023-01-21,Ein Frankfurt,Schalke 04,2,True,16,0.13220381191081443,0.21977362680241966,0.6480225612867659,0.13220381191081443,0.21977362680241966,0.6480225612867659,0.13220381191081443,0.21977362680241966,0.6480225612867659,0.17559083347984808,0.23624139366725908,0.5881677728528928,False
2223,2023-01-21,Stuttgart,Mainz,1,False,0,0.3142981083252512,0.2930459630316159,0.39265592864313287,0.3142981083252512,0.2930459630316159,0.39265592864313287,0.3142981083252512,0.2930459630316159,0.39265592864313287,0.3142981083252512,0.2930459630316159,0.39265592864313287,False
2223,2023-01-21,Union Berlin,Hoffenheim,2,False,0,0.2935174852959568,0.2724300667858065,0.43405244791823666,0.2935174852959568,0.2724300667858065,0.43405244791823666,0.2935174852959568,0.2724300667858065,0.43405244791823666,0.2935174852959568,0.2724300667858065,0.43405244791823666,False
2223,2023-01-21,Wolfsburg,Freiburg,2,False,0,0.2757014061913866,0.28109246644180386,0.44320612736680953,0.2757014061913866,0.28109246644180386,0.44320612736680953,0.2757014061913866,0.28109246644180386,0.44320612736680953,0.2757014061913866,0.28109246644180386,0.44320612736680953,False
2223,2023-01-22,Dortmund,Augsburg,2,False,0,0.09641956616223372,0.16303707482187135,0.740543359015895,0.09641956616223372,0.16303707482187135,0.740543359015895,0.09641956616223372,0.16303707482187135,0.740543359015895,0.09641956616223372,0.16303707482187135,0.740543359015895,False
2223,2023-01-22,M'gladbach,Leverkusen,0,False,0,0.3961736751691221,0.2537818377058453,0.3500444871250326,0.3961736751691221,0.2537818377058453,0.3500444871250326,0.3961736751691221,0.2537818377058453,0.3500444871250326,0.3961736751691221,0.2537818377058453,0.3500444871250326,False
2223,2023-01-24,Hertha,Wolfsburg,0,False,0,0.4104500153321961,0.28913004227083616,0.3004199423969678,0.4104500153321961,0.28913004227083616,0.3004199423969678,0.4104500153321961,0.28913004227083616,0.3004199423969678,0.4104500153321961,0.28913004227083616,0.3004199423969678,False
2223,2023-01-24,Hoffenheim,Stuttgart,1,False,0,0.21330050822570193,0.24090943444164617,0.5457900573326518,0.21330050822570193,0.24090943444164617,0.5457900573326518,0.21330050822570193,0.24090943444164617,0.5457900573326518,0.21330050822570193,0.24090943444164617,0.5457900573326518,False
2223,2023-01-24,Bayern Munich,FC Koln,1,False,0,0.054675852892703936,0.11636878920706925,0.8289553579002267,0.054675852892703936,0.11636878920706925,0.8289553579002267,0.054675852892703936,0.11636878920706925,0.8289553579002267,0.054675852892703936,0.11636878920706925,0.8289553579002267,False
2223,2023-01-24,Schalke 04,RB Leipzig,0,True,17,0.6705404525463605,0.21598638636841277,0.11347316108522668,0.6705404525463605,0.21598638636841277,0.11347316108522668,0.6705404525463605,0.21598638636841277,0.11347316108522668,0.6146223410876194,0.23416763123588683,0.15121002767649386,False
2223,2023-01-25,Mainz,Dortmund,0,False,0,0.5284851502929816,0.238798671325867,0.23271617838115147,0.5284851502929816,0.238798671325867,0.23271617838115147,0.5284851502929816,0.238798671325867,0.23271617838115147,0.5284851502929816,0.238798671325867,0.23271617838115147,False
2223,2023-01-25,Leverkusen,Bochum,2,False,0,0.13283831717122668,0.22480937618569613,0.6423523066430772,0.13283831717122668,0.22480937618569613,0.6423523066430772,0.13283831717122668,0.22480937618569613,0.6423523066430772,0.13283831717122668,0.22480937618569613,0.6423523066430772,False
2223,2023-01-25,Werder Bremen,Union Berlin,0,True,17,0.37617934952067084,0.30176760414977544,0.3220530463295538,0.37617934952067084,0.30176760414977544,0.3220530463295538,0.37617934952067084,0.30176760414977544,0.3220530463295538,0.4172426159196374,0.2946937123227942,0.28806367175756853,False
2223,2023-01-25,Augsburg,M'gladbach,2,False,0,0.42529492584666756,0.2723445814202649,0.3023604927330676,0.42529492584666756,0.2723445814202649,0.3023604927330676,0.42529492584666756,0.2723445814202649,0.3023604927330676,0.42529492584666756,0.2723445814202649,0.3023604927330676,False
2223,2023-01-25,Freiburg,Ein Frankfurt,1,False,0,0.3058009008201014,0.2706559848980676,0.42354311428183106,0.3058009008201014,0.2706559848980676,0.42354311428183106,0.3058009008201014,0.2706559848980676,0.42354311428183106,0.3058009008201014,0.2706559848980676,0.42354311428183106,False
2223,2023-01-27,RB Leipzig,Stuttgart,2,False,0,0.10016844419253017,0.19429615418143378,0.7055354016260361,0.10016844419253017,0.19429615418143378,0.7055354016260361,0.10016844419253017,0.19429615418143378,0.7055354016260361,0.10016844419253017,0.19429615418143378,0.7055354016260361,False
2223,2023-01-28,Bayern Munich,Ein Frankfurt,1,False,0,0.08474053110504193,0.14419492498507908,0.7710645439098789,0.08474053110504193,0.14419492498507908,0.7710645439098789,0.08474053110504193,0.14419492498507908,0.7710645439098789,0.08474053110504193,0.14419492498507908,0.7710645439098789,False
2223,2023-01-28,Freiburg,Augsburg,2,False,0,0.20080711128153578,0.2618066430971166,0.5373862456213477,0.20080711128153578,0.2618066430971166,0.5373862456213477,0.20080711128153578,0.2618066430971166,0.5373862456213477,0.20080711128153578,0.2618066430971166,0.5373862456213477,False
2223,2023-01-28,Hertha,Union Berlin,0,False,0,0.40035059508745213,0.2968984844391258,0.30275092047342217,0.40035059508745213,0.2968984844391258,0.30275092047342217,0.40035059508745213,0.2968984844391258,0.30275092047342217,0.40035059508745213,0.2968984844391258,0.30275092047342217,False
2223,2023-01-28,Hoffenheim,M'gladbach,0,False,0,0.31318291085320704,0.24448305780141363,0.4423340313453794,0.31318291085320704,0.24448305780141363,0.4423340313453794,0.31318291085320704,0.24448305780141363,0.4423340313453794,0.31318291085320704,0.24448305780141363,0.4423340313453794,False
2223,2023-01-28,Mainz,Bochum,2,False,0,0.24560337887824404,0.3028155243477373,0.45158109677401864,0.24560337887824404,0.3028155243477373,0.45158109677401864,0.24560337887824404,0.3028155243477373,0.45158109677401864,0.24560337887824404,0.3028155243477373,0.45158109677401864,False
2223,2023-01-28,Werder Bremen,Wolfsburg,2,True,18,0.3856386717041234,0.2942325473510952,0.3201287809447814,0.3856386717041234,0.2942325473510952,0.3201287809447814,0.3856386717041234,0.2942325473510952,0.3201287809447814,0.42777427610282026,0.2867330880363321,0.2854926358608476,False
2223,2023-01-29,Leverkusen,Dortmund,0,False,0,0.3510340309322658,0.23682987372654354,0.41213609534119067,0.3510340309322658,0.23682987372654354,0.41213609534119067,0.3510340309322658,0.23682987372654354,0.41213609534119067,0.3510340309322658,0.23682987372654354,0.41213609534119067,False
2223,2023-01-29,Schalke 04,FC Koln,1,True,18,0.41124880815232695,0.2927334232704298,0.29601776857724327,0.41124880815232695,0.2927334232704298,0.29601776857724327,0.41124880815232695,0.2927334232704298,0.29601776857724327,0.3482434641401476,0.28578525737015503,0.36597127848969735,False
2223,2023-02-03,Augsburg,Leverkusen,2,False,0,0.5215313274829405,0.2572709874809618,0.22119768503609785,0.5215313274829405,0.2572709874809618,0.22119768503609785,0.5215313274829405,0.2572709874809618,0.22119768503609785,0.5215313274829405,0.2572709874809618,0.22119768503609785,False
2223,2023-02-04,Bochum,Hoffenheim,2,False,0,0.39394560728681016,0.28451568458015236,0.3215387081330375,0.39394560728681016,0.28451568458015236,0.3215387081330375,0.39394560728681016,0.28451568458015236,0.3215387081330375,0.39394560728681016,0.28451568458015236,0.3215387081330375,False
2223,2023-02-04,Dortmund,Freiburg,2,False,0,0.15986706951359717,0.19826722681270798,0.6418657036736949,0.15986706951359717,0.19826722681270798,0.6418657036736949,0.15986706951359717,0.19826722681270798,0.6418657036736949,0.15986706951359717,0.19826722681270798,0.6418657036736949,False
2223,2023-02-04,Ein Frankfurt,Hertha,2,False,0,0.18771320401835148,0.24248802841974387,0.5697987675619046,0.18771320401835148,0.24248802841974387,0.5697987675619046,0.18771320401835148,0.24248802841974387,0.5697987675619046,0.18771320401835148,0.24248802841974387,0.5697987675619046,False
2223,2023-02-04,FC Koln,RB Leipzig,1,False,0,0.552304953837357,0.2549138377220609,0.19278120844058214,0.552304953837357,0.2549138377220609,0.19278120844058214,0.552304953837357,0.2549138377220609,0.19278120844058214,0.552304953837357,0.2549138377220609,0.19278120844058214,False
2223,2023-02-04,M'gladbach,Schalke 04,1,True,19,0.1247203483353891,0.20559130464366782,0.669688347020943,0.1247203483353891,0.20559130464366782,0.669688347020943,0.1247203483353891,0.20559130464366782,0.669688347020943,0.16736060433166225,0.22308771500988978,0.609551680658448,False
2223,2023-02-04,Union Berlin,Mainz,2,False,0,0.23446683729384338,0.2900596605354942,0.4754735021706624,0.23446683729384338,0.2900596605354942,0.4754735021706624,0.23446683729384338,0.2900596605354942,0.4754735021706624,0.23446683729384338,0.2900596605354942,0.4754735021706624,False
2223,2023-02-05,Wolfsburg,Bayern Munich,0,False,0,0.6055800430711985,0.22023790209490857,0.17418205483389296,0.6055800430711985,0.22023790209490857,0.17418205483389296,0.6055800430711985,0.22023790209490857,0.17418205483389296,0.6055800430711985,0.22023790209490857,0.17418205483389296,False
2223,2023-02-05,Stuttgart,Werder Bremen,0,True,19,0.28097090960076254,0.28555854780892087,0.43347054259031664,0.28097090960076254,0.28555854780892087,0.43347054259031664,0.28097090960076254,0.28555854780892087,0.43347054259031664,0.2477438591204172,0.27477224797522,0.4774838929043629,False
2223,2023-02-10,Schalke 04,Wolfsburg,1,True,20,0.49021189058568587,0.28367445609832925,0.22611365331598493,0.49021189058568587,0.28367445609832925,0.22611365331598493,0.49021189058568587,0.28367445609832925,0.22611365331598493,0.42777427610282026,0.2867330880363321,0.2854926358608476,False
2223,2023-02-11,Bayern Munich,Bochum,2,False,0,0.05064491151267824,0.12529113797958832,0.8240639505077334,0.05064491151267824,0.12529113797958832,0.8240639505077334,0.05064491151267824,0.12529113797958832,0.8240639505077334,0.05064491151267824,0.12529113797958832,0.8240639505077334,False
2223,2023-02-11,Freiburg,Stuttgart,2,False,0,0.2215037376615006,0.2628239869346646,0.5156722754038349,0.2215037376615006,0.2628239869346646,0.5156722754038349,0.2215037376615006,0.2628239869346646,0.5156722754038349,0.2215037376615006,0.2628239869346646,0.5156722754038349,False
2223,2023-02-11,Hoffenheim,Leverkusen,0,False,0,0.4120870457328073,0.24992688031134935,0.3379860739558433,0.4120870457328073,0.24992688031134935,0.3379860739558433,0.4120870457328073,0.24992688031134935,0.3379860739558433,0.4120870457328073,0.24992688031134935,0.3379860739558433,False
2223,2023-02-11,Mainz,Augsburg,2,False,0,0.23906773498321732,0.28644698862701035,0.47448527638977234,0.23906773498321732,0.28644698862701035,0.47448527638977234,0.23906773498321732,0.28644698862701035,0.47448527638977234,0.23906773498321732,0.28644698862701035,0.47448527638977234,False
2223,2023-02-11,RB Leipzig,Union Berlin,0,False,0,0.15107653563929688,0.24610084097177928,0.6028226233889239,0.15107653563929688,0.24610084097177928,0.6028226233889239,0.15107653563929688,0.24610084097177928,0.6028226233889239,0.15107653563929688,0.24610084097177928,0.6028226233889239,False
2223,2023-02-11,Werder Bremen,Dortmund,0,True,20,0.5753151240208101,0.22425781899090746,0.2004270569882824,0.5753151240208101,0.22425781899090746,0.2004270569882824,0.5753151240208101,0.22425781899090746,0.2004270569882824,0.6239059742237991,0.20677206798764086,0.16932195778855996,False
2223,2023-02-12,Hertha,M'gladbach,2,False,0,0.43503469238271186,0.26514584649362455,0.29981946112366364,0.43503469238271186,0.26514584649362455,0.29981946112366364,0.43503469238271186,0.26514584649362455,0.29981946112366364,0.43503469238271186,0.26514584649362455,0.29981946112366364,False
2223,2023-02-12,FC Koln,Ein Frankfurt,2,False,0,0.37195790542658896,0.27595371721928336,0.3520883773541276,0.37195790542658896,0.27595371721928336,0.3520883773541276,0.37195790542658896,0.27595371721928336,0.3520883773541276,0.37195790542658896,0.27595371721928336,0.3520883773541276,False
2223,2023-02-17,Augsburg,Hoffenheim,2,False,0,0.41417300380076644,0.2704042192516019,0.3154227769476316,0.41417300380076644,0.2704042192516019,0.3154227769476316,0.41417300380076644,0.2704042192516019,0.3154227769476316,0.41417300380076644,0.2704042192516019,0.3154227769476316,False
2223,2023-02-18,Bochum,Freiburg,0,False,0,0.3720064869872139,0.3035063499809853,0.3244871630318007,0.3720064869872139,0.3035063499809853,0.3244871630318007,0.3720064869872139,0.3035063499809853,0.3244871630318007,0.3720064869872139,0.3035063499809853,0.3244871630318007,False
2223,2023-02-18,Ein Frankfurt,Werder Bremen,2,True,21,0.204868279123248,0.2531475788218148,0.5419841420549372,0.204868279123248,0.2531475788218148,0.5419841420549372,0.204868279123248,0.2531475788218148,0.5419841420549372,0.17559083347984808,0.23624139366725908,0.5881677728528928,False
2223,2023-02-18,M'gladbach,Bayern Munich,2,False,0,0.6220115660258164,0.19997409878798245,0.17801433518620122,0.6220115660258164,0.19997409878798245,0.17801433518620122,0.6220115660258164,0.19997409878798245,0.17801433518620122,0.6220115660258164,0.19997409878798245,0.17801433518620122,False
2223,2023-02-18,Stuttgart,FC Koln,2,False,0,0.3022756069626924,0.283305649151726,0.41441874388558153,0.3022756069626924,0.283305649151726,0.41441874388558153,0.3022756069626924,0.283305649151726,0.41441874388558153,0.3022756069626924,0.283305649151726,0.41441874388558153,False
2223,2023-02-18,Wolfsburg,RB Leipzig,0,False,0,0.45976593523834086,0.2830258824055046,0.2572081823561546,0.45976593523834086,0.2830258824055046,0.2572081823561546,0.45976593523834086,0.2830258824055046,0.2572081823561546,0.45976593523834086,0.2830258824055046,0.2572081823561546,False
2223,2023-02-19,Leverkusen,Mainz,0,False,0,0.15885162298131375,0.22821298886705665,0.6129353881516296,0.15885162298131375,0.22821298886705665,0.6129353881516296,0.15885162298131375,0.22821298886705665,0.6129353881516296,0.15885162298131375,0.22821298886705665,0.6129353881516296,False
2223,2023-02-19,Dortmund,Hertha,2,False,0,0.09247896993426043,0.154031010546161,0.7534900195195786,0.09247896993426043,0.154031010546161,0.7534900195195786,0.09247896993426043,0.154031010546161,0.7534900195195786,0.09247896993426043,0.154031010546161,0.7534900195195786,False
2223,2023-02-19,Union Berlin,Schalke 04,1,True,21,0.13655273772038046,0.24501283661575166,0.6184344256638679,0.13655273772038046,0.24501283661575166,0.6184344256638679,0.13655273772038046,0.24501283661575166,0.6184344256638679,0.17846591076302015,0.2602782859273105,0.5612558033096694,False
2223,2023-02-24,Mainz,M'gladbach,2,False,0,0.36657710644126373,0.2754934464575767,0.35792944710115954,0.36657710644126373,0.2754934464575767,0.35792944710115954,0.36657710644126373,0.2754934464575767,0.35792944710115954,0.36657710644126373,0.2754934464575767,0.35792944710115954,False
2223,2023-02-25,FC Koln,Wolfsburg,0,False,0,0.3668414273345566,0.29013956982825917,0.3430190028371843,0.3668414273345566,0.29013956982825917,0.3430190028371843,0.3668414273345566,0.29013956982825917,0.3430190028371843,0.3668414273345566,0.29013956982825917,0.3430190028371843,False
2223,2023-02-25,Hertha,Augsburg,2,False,0,0.29169053678419243,0.2907388607110524,0.4175706025047551,0.29169053678419243,0.2907388607110524,0.4175706025047551,0.29169053678419243,0.2907388607110524,0.4175706025047551,0.29169053678419243,0.2907388607110524,0.4175706025047551,False
2223,2023-02-25,Hoffenheim,Dortmund,0,False,0,0.4783212509449942,0.2251123223289422,0.2965664267260636,0.4783212509449942,0.2251123223289422,0.2965664267260636,0.4783212509449942,0.2251123223289422,0.2965664267260636,0.4783212509449942,0.2251123223289422,0.2965664267260636,False
2223,2023-02-25,RB Leipzig,Ein Frankfurt,2,False,0,0.15059073589591607,0.22372532701275205,0.6256839370913319,0.15059073589591607,0.22372532701275205,0.6256839370913319,0.15059073589591607,0.22372532701275205,0.6256839370913319,0.15059073589591607,0.22372532701275205,0.6256839370913319,False
2223,2023-02-25,Schalke 04,Stuttgart,2,True,22,0.39637270365847954,0.2962901576776853,0.3073371386638353,0.39637270365847954,0.2962901576776853,0.3073371386638353,0.39637270365847954,0.2962901576776853,0.3073371386638353,0.3342144370153052,0.28754363398143884,0.3782419290032559,False
2223,2023-02-25,Werder Bremen,Bochum,2,True,22,0.27696341715987816,0.3060440281338897,0.4169925547062322,0.27696341715987816,0.3060440281338897,0.4169925547062322,0.27696341715987816,0.3060440281338897,0.4169925547062322,0.3120130208596284,0.3066258210514685,0.38136115808890314,False
2223,2023-02-26,Bayern Munich,Union Berlin,2,False,0,0.0885650283504769,0.1650357596528639,0.7463992119966593,0.0885650283504769,0.1650357596528639,0.7463992119966593,0.0885650283504769,0.1650357596528639,0.7463992119966593,0.0885650283504769,0.1650357596528639,0.7463992119966593,False
2223,2023-02-26,Freiburg,Leverkusen,1,False,0,0.4133196104581422,0.26659496054170984,0.320085429000148,0.4133196104581422,0.26659496054170984,0.320085429000148,0.4133196104581422,0.26659496054170984,0.320085429000148,0.4133196104581422,0.26659496054170984,0.320085429000148,False
2223,2023-03-03,Dortmund,RB Leipzig,2,False,0,0.33263609926857035,0.2520430336493723,0.4153208670820574,0.33263609926857035,0.2520430336493723,0.4153208670820574,0.33263609926857035,0.2520430336493723,0.4153208670820574,0.33263609926857035,0.2520430336493723,0.4153208670820574,False
2223,2023-03-04,Union Berlin,FC Koln,1,False,0,0.22297992885018647,0.27744590129096985,0.49957416985884384,0.22297992885018647,0.27744590129096985,0.49957416985884384,0.22297992885018647,0.27744590129096985,0.49957416985884384,0.22297992885018647,0.27744590129096985,0.49957416985884384,False
2223,2023-03-04,Stuttgart,Bayern Munich,0,False,0,0.7121761670305532,0.17632109084190484,0.11150274212754198,0.7121761670305532,0.17632109084190484,0.11150274212754198,0.7121761670305532,0.17632109084190484,0.11150274212754198,0.7121761670305532,0.17632109084190484,0.11150274212754198,False
2223,2023-03-04,Mainz,Hoffenheim,2,False,0,0.3554065977580114,0.27219591227992285,0.3723974899620658,0.3554065977580114,0.27219591227992285,0.3723974899620658,0.3554065977580114,0.27219591227992285,0.3723974899620658,0.3554065977580114,0.27219591227992285,0.3723974899620658,False
2223,2023-03-04,Augsburg,Werder Bremen,2,True,23,0.3026049097307363,0.29537688748307506,0.4020182027861887,0.3026049097307363,0.29537688748307506,0.4020182027861887,0.3026049097307363,0.29537688748307506,0.4020182027861887,0.2689704345257062,0.2865608853139575,0.4444686801603362,False
2223,2023-03-04,Bochum,Schalke 04,0,True,23,0.2031109311695566,0.2926911719228058,0.5041978969076377,0.2031109311695566,0.2926911719228058,0.5041978969076377,0.2031109311695566,0.2926911719228058,0.5041978969076377,0.2565516350385992,0.29825697822486974,0.4451913867365312,False
2223,2023-03-04,M'gladbach,Freiburg,1,False,0,0.27328865715089506,0.2565682434720578,0.4701430993770471,0.27328865715089506,0.2565682434720578,0.4701430993770471,0.27328865715089506,0.2565682434720578,0.4701430993770471,0.27328865715089506,0.2565682434720578,0.4701430993770471,False
2223,2023-03-05,Leverkusen,Hertha,2,False,0,0.12048554847807158,0.19599202214377862,0.6835224293781499,0.12048554847807158,0.19599202214377862,0.6835224293781499,0.12048554847807158,0.19599202214377862,0.6835224293781499,0.12048554847807158,0.19599202214377862,0.6835224293781499,False
2223,2023-03-05,Wolfsburg,Ein Frankfurt,1,False,0,0.2889318173084652,0.2768454529271177,0.4342227297644171,0.2889318173084652,0.2768454529271177,0.4342227297644171,0.2889318173084652,0.2768454529271177,0.4342227297644171,0.2889318173084652,0.2768454529271177,0.4342227297644171,False
2223,2023-03-10,FC Koln,Bochum,0,False,0,0.2602031245561933,0.2973307120190259,0.44246616342478073,0.2602031245561933,0.2973307120190259,0.44246616342478073,0.2602031245561933,0.2973307120190259,0.44246616342478073,0.2602031245561933,0.2973307120190259,0.44246616342478073,False
2223,2023-03-11,Schalke 04,Dortmund,1,True,24,0.6864828156148753,0.18890723220145914,0.12460995218366555,0.6864828156148753,0.18890723220145914,0.12460995218366555,0.6864828156148753,0.18890723220145914,0.12460995218366555,0.6239059742237991,0.20677206798764086,0.16932195778855996,False
2223,2023-03-11,RB Leipzig,M'gladbach,2,False,0,0.1565599485998498,0.21866665641173003,0.6247733949884202,0.1565599485998498,0.21866665641173003,0.6247733949884202,0.1565599485998498,0.21866665641173003,0.6247733949884202,0.1565599485998498,0.21866665641173003,0.6247733949884202,False
2223,2023-03-11,Ein Frankfurt,Stuttgart,1,False,0,0.21155866660648898,0.252738356086873,0.535702977306638,0.21155866660648898,0.252738356086873,0.535702977306638,0.21155866660648898,0.252738356086873,0.535702977306638,0.21155866660648898,0.252738356086873,0.535702977306638,False
2223,2023-03-11,Bayern Munich,Augsburg,2,False,0,0.044397580153151005,0.10728776213506273,0.8483146577117863,0.044397580153151005,0.10728776213506273,0.8483146577117863,0.044397580153151005,0.10728776213506273,0.8483146577117863,0.044397580153151005,0.10728776213506273,0.8483146577117863,False
2223,2023-03-11,Hertha,Mainz,1,False,0,0.3436663323351865,0.29429169121517684,0.36204197644963665,0.3436663323351865,0.29429169121517684,0.36204197644963665,0.3436663323351865,0.29429169121517684,0.36204197644963665,0.3436663323351865,0.29429169121517684,0.36204197644963665,False
2223,2023-03-12,Freiburg,Hoffenheim,2,False,0,0.30765902308923965,0.2586366920385069,0.4337042848722536,0.30765902308923965,0.2586366920385069,0.4337042848722536,0.30765902308923965,0.2586366920385069,0.4337042848722536,0.30765902308923965,0.2586366920385069,0.4337042848722536,False
2223,2023-03-12,Werder Bremen,Leverkusen,0,True,24,0.5052299466791509,0.2583780701050796,0.23639198321576962,0.5052299466791509,0.2583780701050796,0.23639198321576962,0.5052299466791509,0.2583780701050796,0.23639198321576962,0.5519842295066417,0.24367403402874788,0.20434173646461046,False
2223,2023-03-12,Wolfsburg,Union Berlin,1,False,0,0.2804340779937807,0.2982517786838423,0.4213141433223771,0.2804340779937807,0.2982517786838423,0.4213141433223771,0.2804340779937807,0.2982517786838423,0.4213141433223771,0.2804340779937807,0.2982517786838423,0.4213141433223771,False
2223,2023-03-17,M'gladbach,Werder Bremen,1,True,25,0.1966790256206349,0.2406728387057095,0.5626481356736556,0.1966790256206349,0.2406728387057095,0.5626481356736556,0.1966790256206349,0.2406728387057095,0.5626481356736556,0.16736060433166225,0.22308771500988978,0.609551680658448,False
2223,2023-03-18,Dortmund,FC Koln,2,False,0,0.11623470247671605,0.17218225146301291,0.711583046060271,0.11623470247671605,0.17218225146301291,0.711583046060271,0.11623470247671605,0.17218225146301291,0.711583046060271,0.11623470247671605,0.17218225146301291,0.711583046060271,False
2223,2023-03-18,Augsburg,Schalke 04,1,True,25,0.2122045730347793,0.28158702038508077,0.50620840658014,0.2122045730347793,0.28158702038508077,0.50620840658014,0.2122045730347793,0.28158702038508077,0.50620840658014,0.2689704345257062,0.2865608853139575,0.4444686801603362,False
2223,2023-03-18,Bochum,RB Leipzig,2,False,0,0.5577855457202976,0.26884262263929065,0.17337183164041178,0.5577855457202976,0.26884262263929065,0.17337183164041178,0.5577855457202976,0.26884262263929065,0.17337183164041178,0.5577855457202976,0.26884262263929065,0.17337183164041178,False
2223,2023-03-18,Hoffenheim,Hertha,2,False,0,0.18857113399209022,0.2305670393051665,0.5808618267027433,0.18857113399209022,0.2305670393051665,0.5808618267027433,0.18857113399209022,0.2305670393051665,0.5808618267027433,0.18857113399209022,0.2305670393051665,0.5808618267027433,False
2223,2023-03-18,Stuttgart,Wolfsburg,0,False,0,0.37893530756258137,0.2918293103869393,0.32923538205047936,0.37893530756258137,0.2918293103869393,0.32923538205047936,0.37893530756258137,0.2918293103869393,0.32923538205047936,0.37893530756258137,0.2918293103869393,0.32923538205047936,False
2223,2023-03-19,Leverkusen,Bayern Munich,2,False,0,0.510363729978806,0.23083332860254413,0.25880294141865,0.510363729978806,0.23083332860254413,0.25880294141865,0.510363729978806,0.23083332860254413,0.25880294141865,0.510363729978806,0.23083332860254413,0.25880294141865,False
2223,2023-03-19,Mainz,Freiburg,1,False,0,0.3361416956508318,0.28992308635917874,0.37393521798998947,0.3361416956508318,0.28992308635917874,0.37393521798998947,0.3361416956508318,0.28992308635917874,0.37393521798998947,0.3361416956508318,0.28992308635917874,0.37393521798998947,False
2223,2023-03-19,Union Berlin,Ein Frankfurt,2,False,0,0.2917159142893948,0.2847350678067425,0.4235490179038627,0.2917159142893948,0.2847350678067425,0.4235490179038627,0.2917159142893948,0.2847350678067425,0.4235490179038627,0.2917159142893948,0.2847350678067425,0.4235490179038627,False
2223,2023-03-31,Ein Frankfurt,Bochum,1,False,0,0.19941502917465764,0.268876301037806,0.5317086697875363,0.19941502917465764,0.268876301037806,0.5317086697875363,0.19941502917465764,0.268876301037806,0.5317086697875363,0.19941502917465764,0.268876301037806,0.5317086697875363,False
2223,2023-04-01,Schalke 04,Leverkusen,0,True,26,0.6150039024876108,0.22978958100426736,0.15520651650812195,0.6150039024876108,0.22978958100426736,0.15520651650812195,0.6150039024876108,0.22978958100426736,0.15520651650812195,0.5519842295066417,0.24367403402874788,0.20434173646461046,False
2223,2023-04-01,Union Berlin,Stuttgart,2,False,0,0.21258641380776544,0.2760734615479593,0.5113401246442751,0.21258641380776544,0.2760734615479593,0.5113401246442751,0.21258641380776544,0.2760734615479593,0.5113401246442751,0.21258641380776544,0.2760734615479593,0.5113401246442751,False
2223,2023-04-01,Wolfsburg,Augsburg,1,False,0,0.18957466299114314,0.2656185964357515,0.5448067405731055,0.18957466299114314,0.2656185964357515,0.5448067405731055,0.18957466299114314,0.2656185964357515,0.5448067405731055,0.18957466299114314,0.2656185964357515,0.5448067405731055,False
2223,2023-04-01,RB Leipzig,Mainz,0,False,0,0.1159948774269053,0.2145554641754564,0.6694496583976384,0.1159948774269053,0.2145554641754564,0.6694496583976384,0.1159948774269053,0.2145554641754564,0.6694496583976384,0.1159948774269053,0.2145554641754564,0.6694496583976384,False
2223,2023-04-01,Bayern Munich,Dortmund,2,False,0,0.17117443192903867,0.1808952479349788,0.6479303201359826,0.17117443192903867,0.1808952479349788,0.6479303201359826,0.17117443192903867,0.1808952479349788,0.6479303201359826,0.17117443192903867,0.1808952479349788,0.6479303201359826,False
2223,2023-04-01,Freiburg,Hertha,1,False,0,0.19740984948479118,0.25325515007946187,0.549335000435747,0.19740984948479118,0.25325515007946187,0.549335000435747,0.19740984948479118,0.25325515007946187,0.549335000435747,0.19740984948479118,0.25325515007946187,0.549335000435747,False
2223,2023-04-02,FC Koln,M'gladbach,1,False,0,0.3878496361445391,0.2670809246827018,0.3450694391727591,0.3878496361445391,0.2670809246827018,0.3450694391727591,0.3878496361445391,0.2670809246827018,0.3450694391727591,0.3878496361445391,0.2670809246827018,0.3450694391727591,False
2223,2023-04-02,Werder Bremen,Hoffenheim,0,True,26,0.3970283149473923,0.2682901803186207,0.33468150473398706,0.3970283149473923,0.2682901803186207,0.33468150473398706,0.3970283149473923,0.2682901803186207,0.33468150473398706,0.44235073707402395,0.2609977271203265,0.2966515358056496,False
2223,2023-04-08,Augsburg,FC Koln,0,False,0,0.32461984355965223,0.29200188861935417,0.3833782678209936,0.32461984355965223,0.29200188861935417,0.3833782678209936,0.32461984355965223,0.29200188861935417,0.3833782678209936,0.32461984355965223,0.29200188861935417,0.3833782678209936,False
2223,2023-04-08,Dortmund,Union Berlin,2,False,0,0.1691062599178609,0.2178550643079202,0.6130386757742189,0.1691062599178609,0.2178550643079202,0.6130386757742189,0.1691062599178609,0.2178550643079202,0.6130386757742189,0.1691062599178609,0.2178550643079202,0.6130386757742189,False
2223,2023-04-08,Freiburg,Bayern Munich,0,False,0,0.6319831658325005,0.20595678933557293,0.1620600448319266,0.6319831658325005,0.20595678933557293,0.1620600448319266,0.6319831658325005,0.20595678933557293,0.1620600448319266,0.6319831658325005,0.20595678933557293,0.1620600448319266,False
2223,2023-04-08,Hertha,RB Leipzig,0,False,0,0.5969696477276061,0.24107323603235453,0.16195711624003933,0.5969696477276061,0.24107323603235453,0.16195711624003933,0.5969696477276061,0.24107323603235453,0.16195711624003933,0.5969696477276061,0.24107323603235453,0.16195711624003933,False
2223,2023-04-08,Leverkusen,Ein Frankfurt,2,False,0,0.20491030088248424,0.2337630469147249,0.5613266522027909,0.20491030088248424,0.2337630469147249,0.5613266522027909,0.20491030088248424,0.2337630469147249,0.5613266522027909,0.20491030088248424,0.2337630469147249,0.5613266522027909,False
2223,2023-04-08,Mainz,Werder Bremen,1,True,27,0.254301641673843,0.28656811643583935,0.45913024189031776,0.254301641673843,0.28656811643583935,0.45913024189031776,0.254301641673843,0.28656811643583935,0.45913024189031776,0.2230904608214109,0.27382668462258997,0.503082854555999,False
2223,2023-04-09,Bochum,Stuttgart,0,False,0,0.2964938446684762,0.3057233495353047,0.39778280579621905,0.2964938446684762,0.3057233495353047,0.39778280579621905,0.2964938446684762,0.3057233495353047,0.39778280579621905,0.2964938446684762,0.3057233495353047,0.39778280579621905,False
2223,2023-04-09,Hoffenheim,Schalke 04,2,True,27,0.13139691752999086,0.2074091974797527,0.6611938849902564,0.13139691752999086,0.2074091974797527,0.6611938849902564,0.13139691752999086,0.2074091974797527,0.6611938849902564,0.17601778715988742,0.22427508960609113,0.5997071232340215,False
2223,2023-04-09,M'gladbach,Wolfsburg,2,False,0,0.2859276101835594,0.2672933654590984,0.4467790243573423,0.2859276101835594,0.2672933654590984,0.4467790243573423,0.2859276101835594,0.2672933654590984,0.4467790243573423,0.2859276101835594,0.2672933654590984,0.4467790243573423,False
2223,2023-04-14,Schalke 04,Hertha,2,True,28,0.3659712241579848,0.2978807419866546,0.3361480338553607,0.3659712241579848,0.2978807419866546,0.3361480338553607,0.3659712241579848,0.2978807419866546,0.3361480338553607,0.30486881744654454,0.28501449611642393,0.41011668643703164,False
2223,2023-04-15,Stuttgart,Dortmund,1,False,0,0.5685103005042967,0.22412853420219844,0.2073611652935048,0.5685103005042967,0.22412853420219844,0.2073611652935048,0.5685103005042967,0.22412853420219844,0.2073611652935048,0.5685103005042967,0.22412853420219844,0.2073611652935048,False
2223,2023-04-15,RB Leipzig,Augsburg,2,False,0,0.0893910792649244,0.18912076866882527,0.7214881520662503,0.0893910792649244,0.18912076866882527,0.7214881520662503,0.0893910792649244,0.18912076866882527,0.7214881520662503,0.0893910792649244,0.18912076866882527,0.7214881520662503,False
2223,2023-04-15,FC Koln,Mainz,1,False,0,0.30276799487223094,0.2896431929132923,0.40758881221447685,0.30276799487223094,0.2896431929132923,0.40758881221447685,0.30276799487223094,0.2896431929132923,0.40758881221447685,0.30276799487223094,0.2896431929132923,0.40758881221447685,False
2223,2023-04-15,Ein Frankfurt,M'gladbach,1,False,0,0.30797564809286077,0.25580994533859547,0.4362144065685439,0.30797564809286077,0.25580994533859547,0.4362144065685439,0.30797564809286077,0.25580994533859547,0.4362144065685439,0.30797564809286077,0.25580994533859547,0.4362144065685439,False
2223,2023-04-15,Bayern Munich,Hoffenheim,1,False,0,0.08079163053837263,0.13164727826456882,0.7875610911970585,0.08079163053837263,0.13164727826456882,0.7875610911970585,0.08079163053837263,0.13164727826456882,0.7875610911970585,0.08079163053837263,0.13164727826456882,0.7875610911970585,False
2223,2023-04-16,Union Berlin,Bochum,1,False,0,0.20031292850464086,0.29293480340431005,0.5067522680910492,0.20031292850464086,0.29293480340431005,0.5067522680910492,0.20031292850464086,0.29293480340431005,0.5067522680910492,0.20031292850464086,0.29293480340431005,0.5067522680910492,False
2223,2023-04-16,Werder Bremen,Freiburg,0,True,28,0.37504698666009495,0.286802899803372,0.3381501135365332,0.37504698666009495,0.286802899803372,0.3381501135365332,0.37504698666009495,0.286802899803372,0.3381501135365332,0.41760370392914953,0.28043027276938126,0.3019660233014693,False
2223,2023-04-16,Wolfsburg,Leverkusen,1,False,0,0.39187825606839816,0.2757753024177653,0.3323464415138366,0.39187825606839816,0.2757753024177653,0.3323464415138366,0.39187825606839816,0.2757753024177653,0.3323464415138366,0.39187825606839816,0.2757753024177653,0.3323464415138366,False
2223,2023-04-21,Augsburg,Stuttgart,1,False,0,0.3113235797906209,0.29324261424229536,0.3954338059670838,0.3113235797906209,0.29324261424229536,0.3954338059670838,0.3113235797906209,0.29324261424229536,0.3954338059670838,0.3113235797906209,0.29324261424229536,0.3954338059670838,False
2223,2023-04-22,Mainz,Bayern Munich,2,False,0,0.6743918226015866,0.1956877428782138,0.12992043452019963,0.6743918226015866,0.1956877428782138,0.12992043452019963,0.6743918226015866,0.1956877428782138,0.12992043452019963,0.6743918226015866,0.1956877428782138,0.12992043452019963,False
2223,2023-04-22,Hoffenheim,FC Koln,0,False,0,0.2245807170680576,0.24261626908616546,0.532803013845777,0.2245807170680576,0.24261626908616546,0.532803013845777,0.2245807170680576,0.24261626908616546,0.532803013845777,0.2245807170680576,0.24261626908616546,0.532803013845777,False
2223,2023-04-22,Hertha,Werder Bremen,0,True,29,0.3092225943967356,0.28905352377210103,0.40172388183116337,0.3092225943967356,0.28905352377210103,0.40172388183116337,0.3092225943967356,0.28905352377210103,0.40172388183116337,0.2746279490281191,0.2805290965219396,0.44484295444994126,False
2223,2023-04-22,Dortmund,Ein Frankfurt,2,False,0,0.16863030803596585,0.19713273033091788,0.6342369616331164,0.16863030803596585,0.19713273033091788,0.6342369616331164,0.16863030803596585,0.19713273033091788,0.6342369616331164,0.16863030803596585,0.19713273033091788,0.6342369616331164,False
2223,2023-04-22,Bochum,Wolfsburg,0,False,0,0.38165829624162956,0.3109317535401428,0.3074099502182277,0.38165829624162956,0.3109317535401428,0.3074099502182277,0.38165829624162956,0.3109317535401428,0.3074099502182277,0.38165829624162956,0.3109317535401428,0.3074099502182277,False
2223,2023-04-23,Freiburg,Schalke 04,2,True,29,0.1405875787615809,0.23204106893193482,0.6273713523064842,0.1405875787615809,0.23204106893193482,0.6273713523064842,0.1405875787615809,0.23204106893193482,0.6273713523064842,0.18512936042645176,0.24734243162172623,0.5675282079518219,False
2223,2023-04-23,Leverkusen,RB Leipzig,2,False,0,0.36955216934792834,0.27386496495566676,0.356582865696405,0.36955216934792834,0.27386496495566676,0.356582865696405,0.36955216934792834,0.27386496495566676,0.356582865696405,0.36955216934792834,0.27386496495566676,0.356582865696405,False
2223,2023-04-23,M'gladbach,Union Berlin,0,False,0,0.27933121412749573,0.2735913865114473,0.447077399361057,0.27933121412749573,0.2735913865114473,0.447077399361057,0.27933121412749573,0.2735913865114473,0.447077399361057,0.27933121412749573,0.2735913865114473,0.447077399361057,False
2223,2023-04-28,Bochum,Dortmund,1,False,0,0.5651577396420607,0.23925664644980327,0.1955856139081361,0.5651577396420607,0.23925664644980327,0.1955856139081361,0.5651577396420607,0.23925664644980327,0.1955856139081361,0.5651577396420607,0.23925664644980327,0.1955856139081361,False
2223,2023-04-29,Stuttgart,M'gladbach,2,False,0,0.4010052755612863,0.26846810122976034,0.33052662320895343,0.4010052755612863,0.26846810122976034,0.33052662320895343,0.4010052755612863,0.26846810122976034,0.33052662320895343,0.4010052755612863,0.26846810122976034,0.33052662320895343,False
2223,2023-04-29,Schalke 04,Werder Bremen,2,True,30,0.3862070472987325,0.29987765468569844,0.31391529801556906,0.3862070472987325,0.29987765468569844,0.31391529801556906,0.3862070472987325,0.29987765468569844,0.31391529801556906,0.2896608387559848,0.2827006213278186,0.42763853991619666,False
2223,2023-04-29,Union Berlin,Leverkusen,1,False,0,0.3930914891334614,0.2825212249632396,0.324387285903299,0.3930914891334614,0.2825212249632396,0.324387285903299,0.3930914891334614,0.2825212249632396,0.324387285903299,0.3930914891334614,0.2825212249632396,0.324387285903299,False
2223,2023-04-29,FC Koln,Freiburg,0,False,0,0.35571616686449514,0.2821206551011507,0.3621631780343542,0.35571616686449514,0.2821206551011507,0.3621631780343542,0.35571616686449514,0.2821206551011507,0.3621631780343542,0.35571616686449514,0.2821206551011507,0.3621631780343542,False
2223,2023-04-29,Ein Frankfurt,Augsburg,1,False,0,0.19130652554423724,0.25112711685391914,0.5575663576018436,0.19130652554423724,0.25112711685391914,0.5575663576018436,0.19130652554423724,0.25112711685391914,0.5575663576018436,0.19130652554423724,0.25112711685391914,0.5575663576018436,False
2223,2023-04-29,RB Leipzig,Hoffenheim,2,False,0,0.1478626357215968,0.2101639506752581,0.6419734136031451,0.1478626357215968,0.2101639506752581,0.6419734136031451,0.1478626357215968,0.2101639506752581,0.6419734136031451,0.1478626357215968,0.2101639506752581,0.6419734136031451,False
2223,2023-04-30,Bayern Munich,Hertha,2,False,0,0.04161245531712898,0.09909967525475293,0.8592878694281181,0.04161245531712898,0.09909967525475293,0.8592878694281181,0.04161245531712898,0.09909967525475293,0.8592878694281181,0.04161245531712898,0.09909967525475293,0.8592878694281181,False
2223,2023-04-30,Wolfsburg,Mainz,2,False,0,0.23131745145938862,0.2813048100115273,0.4873777385290842,0.23131745145938862,0.2813048100115273,0.4873777385290842,0.23131745145938862,0.2813048100115273,0.4873777385290842,0.23131745145938862,0.2813048100115273,0.4873777385290842,False
2223,2023-05-05,Leverkusen,FC Koln,0,False,0,0.14726372504129384,0.21301781452987617,0.63971846042883,0.14726372504129384,0.21301781452987617,0.63971846042883,0.14726372504129384,0.21301781452987617,0.63971846042883,0.14726372504129384,0.21301781452987617,0.63971846042883,False
2223,2023-05-05,Mainz,Schalke 04,0,True,31,0.17317938873610872,0.26320362100132977,0.5636169902625616,0.17317938873610872,0.26320362100132977,0.5636169902625616,0.17317938873610872,0.26320362100132977,0.5636169902625616,0.2230904608214109,0.27382668462258997,0.503082854555999,False
2223,2023-05-06,Werder Bremen,Bayern Munich,0,True,31,0.7170293075224334,0.17549813715388937,0.1074725553236772,0.7170293075224334,0.17549813715388937,0.1074725553236772,0.7170293075224334,0.17549813715388937,0.1074725553236772,0.7593062468959337,0.15388372393377248,0.08681002917029382,False
2223,2023-05-06,M'gladbach,Bochum,2,False,0,0.19182071878374563,0.2561698002597695,0.552009480956485,0.19182071878374563,0.2561698002597695,0.552009480956485,0.19182071878374563,0.2561698002597695,0.552009480956485,0.19182071878374563,0.2561698002597695,0.552009480956485,False
2223,2023-05-06,Hoffenheim,Ein Frankfurt,2,False,0,0.2999741867489707,0.2514531711057053,0.448572642145324,0.2999741867489707,0.2514531711057053,0.448572642145324,0.2999741867489707,0.2514531711057053,0.448572642145324,0.2999741867489707,0.2514531711057053,0.448572642145324,False
2223,2023-05-06,Freiburg,RB Leipzig,0,False,0,0.48297630466179237,0.2713783686400926,0.24564532669811506,0.48297630466179237,0.2713783686400926,0.24564532669811506,0.48297630466179237,0.2713783686400926,0.24564532669811506,0.48297630466179237,0.2713783686400926,0.24564532669811506,False
2223,2023-05-06,Augsburg,Union Berlin,2,False,0,0.39135842002448423,0.30415074366680533,0.3044908363087105,0.39135842002448423,0.30415074366680533,0.3044908363087105,0.39135842002448423,0.30415074366680533,0.3044908363087105,0.39135842002448423,0.30415074366680533,0.3044908363087105,False
2223,2023-05-06,Hertha,Stuttgart,2,False,0,0.31817848112748454,0.2868790556358229,0.39494246323669246,0.31817848112748454,0.2868790556358229,0.39494246323669246,0.31817848112748454,0.2868790556358229,0.39494246323669246,0.31817848112748454,0.2868790556358229,0.39494246323669246,False
2223,2023-05-07,Dortmund,Wolfsburg,2,False,0,0.17224029551918238,0.21250144771380997,0.6152582567670077,0.17224029551918238,0.21250144771380997,0.6152582567670077,0.17224029551918238,0.21250144771380997,0.6152582567670077,0.17224029551918238,0.21250144771380997,0.6152582567670077,False
2223,2023-05-12,FC Koln,Hertha,2,False,0,0.25080337177728323,0.2735954544890523,0.4756011737336645,0.25080337177728323,0.2735954544890523,0.4756011737336645,0.25080337177728323,0.2735954544890523,0.4756011737336645,0.25080337177728323,0.2735954544890523,0.4756011737336645,False
2223,2023-05-13,Union Berlin,Freiburg,2,False,0,0.2785163010408095,0.28917468441347316,0.43230901454571735,0.2785163010408095,0.28917468441347316,0.43230901454571735,0.2785163010408095,0.28917468441347316,0.43230901454571735,0.2785163010408095,0.28917468441347316,0.43230901454571735,False
2223,2023-05-13,Ein Frankfurt,Mainz,2,False,0,0.235003363560414,0.2670287269438539,0.49796790949573216,0.235003363560414,0.2670287269438539,0.49796790949573216,0.235003363560414,0.2670287269438539,0.49796790949573216,0.235003363560414,0.2670287269438539,0.49796790949573216,False
2223,2023-05-13,Wolfsburg,Hoffenheim,2,False,0,0.2904273861623401,0.26460171519101,0.44497089864665,0.2904273861623401,0.26460171519101,0.44497089864665,0.2904273861623401,0.26460171519101,0.44497089864665,0.2904273861623401,0.26460171519101,0.44497089864665,False
2223,2023-05-13,Bochum,Augsburg,2,False,0,0.2721723600037447,0.3091160819396323,0.41871155805662297,0.2721723600037447,0.3091160819396323,0.41871155805662297,0.2721723600037447,0.3091160819396323,0.41871155805662297,0.2721723600037447,0.3091160819396323,0.41871155805662297,False
2223,2023-05-13,Bayern Munich,Schalke 04,2,True,32,0.02462898829907789,0.07443359499943758,0.9009374167014845,0.02462898829907789,0.07443359499943758,0.9009374167014845,0.02462898829907789,0.07443359499943758,0.9009374167014845,0.03719353488144392,0.09199289999446142,0.8708135651240947,False
2223,2023-05-13,Dortmund,M'gladbach,2,False,0,0.1757606514705796,0.1926062201697379,0.6316331283596825,0.1757606514705796,0.1926062201697379,0.6316331283596825,0.1757606514705796,0.1926062201697379,0.6316331283596825,0.1757606514705796,0.1926062201697379,0.6316331283596825,False
2223,2023-05-14,RB Leipzig,Werder Bremen,2,True,32,0.09674919415709454,0.1935574586137887,0.7096933472291167,0.09674919415709454,0.1935574586137887,0.7096933472291167,0.09674919415709454,0.1935574586137887,0.7096933472291167,0.07894524307654223,0.17112902959139115,0.7499257273320666,False
2223,2023-05-14,Stuttgart,Leverkusen,1,False,0,0.4984947893654916,0.25754384534267166,0.24396136529183685,0.4984947893654916,0.25754384534267166,0.24396136529183685,0.4984947893654916,0.25754384534267166,0.24396136529183685,0.4984947893654916,0.25754384534267166,0.24396136529183685,False
2223,2023-05-19,Freiburg,Wolfsburg,2,False,0,0.3035433644167966,0.2852238550555563,0.4112327805276471,0.3035433644167966,0.2852238550555563,0.4112327805276471,0.3035433644167966,0.2852238550555563,0.4112327805276471,0.3035433644167966,0.2852238550555563,0.4112327805276471,False
2223,2023-05-20,Bayern Munich,RB Leipzig,0,False,0,0.2014116474231933,0.2297740910582854,0.5688142615185213,0.2014116474231933,0.2297740910582854,0.5688142615185213,0.2014116474231933,0.2297740910582854,0.5688142615185213,0.2014116474231933,0.2297740910582854,0.5688142615185213,False
2223,2023-05-20,Hertha,Bochum,1,False,0,0.29724404071665095,0.305549146690725,0.39720681259262397,0.29724404071665095,0.305549146690725,0.39720681259262397,0.29724404071665095,0.305549146690725,0.39720681259262397,0.29724404071665095,0.305549146690725,0.39720681259262397,False
2223,2023-05-20,Hoffenheim,Union Berlin,2,False,0,0.29162139660910336,0.2721517400621746,0.4362268633287222,0.29162139660910336,0.2721517400621746,0.4362268633287222,0.29162139660910336,0.2721517400621746,0.4362268633287222,0.29162139660910336,0.2721517400621746,0.4362268633287222,False
2223,2023-05-20,Schalke 04,Ein Frankfurt,1,True,33,0.5010639209455011,0.2693139670843127,0.22962211197018625,0.5010639209455011,0.2693139670843127,0.22962211197018625,0.5010639209455011,0.2693139670843127,0.22962211197018625,0.4356226060175861,0.27265709835520946,0.29172029562720436,False
2223,2023-05-20,Werder Bremen,FC Koln,1,True,33,0.3091654650951207,0.28704228464311293,0.40379225026176646,0.3091654650951207,0.28704228464311293,0.40379225026176646,0.3091654650951207,0.28704228464311293,0.40379225026176646,0.3482434641401476,0.28578525737015503,0.36597127848969735,False
2223,2023-05-21,Mainz,Stuttgart,0,False,0,0.2619805342230505,0.28524409175139626,0.45277537402555335,0.2619805342230505,0.28524409175139626,0.45277537402555335,0.2619805342230505,0.28524409175139626,0.45277537402555335,0.2619805342230505,0.28524409175139626,0.45277537402555335,False
2223,2023-05-21,Augsburg,Dortmund,0,False,0,0.5919875358775285,0.22174808734738152,0.18626437677508997,0.5919875358775285,0.22174808734738152,0.18626437677508997,0.5919875358775285,0.22174808734738152,0.18626437677508997,0.5919875358775285,0.22174808734738152,0.18626437677508997,False
2223,2023-05-21,Leverkusen,M'gladbach,1,False,0,0.2136656403788186,0.22829306765108806,0.5580412919700933,0.2136656403788186,0.22829306765108806,0.5580412919700933,0.2136656403788186,0.22829306765108806,0.5580412919700933,0.2136656403788186,0.22829306765108806,0.5580412919700933,False
2223,2023-05-27,Union Berlin,Werder Bremen,2,True,34,0.20614001584782848,0.2766841724120128,0.5171758117401588,0.20614001584782848,0.2766841724120128,0.5171758117401588,0.20614001584782848,0.2766841724120128,0.5171758117401588,0.17846591076302015,0.2602782859273105,0.5612558033096694,False
2223,2023-05-27,Bochum,Leverkusen,2,False,0,0.49682936438294933,0.27404888991394377,0.22912174570310698,0.49682936438294933,0.27404888991394377,0.22912174570310698,0.49682936438294933,0.27404888991394377,0.22912174570310698,0.49682936438294933,0.27404888991394377,0.22912174570310698,False
2223,2023-05-27,Dortmund,Mainz,1,False,0,0.12759518185375443,0.18770063827328198,0.6847041798729636,0.12759518185375443,0.18770063827328198,0.6847041798729636,0.12759518185375443,0.18770063827328198,0.6847041798729636,0.12759518185375443,0.18770063827328198,0.6847041798729636,False
2223,2023-05-27,Ein Frankfurt,Freiburg,2,False,0,0.28135566561652053,0.2670817233571671,0.4515626110263124,0.28135566561652053,0.2670817233571671,0.4515626110263124,0.28135566561652053,0.2670817233571671,0.4515626110263124,0.28135566561652053,0.2670817233571671,0.4515626110263124,False
2223,2023-05-27,FC Koln,Bayern Munich,0,False,0,0.701235323134545,0.18005102187613517,0.11871365498931984,0.701235323134545,0.18005102187613517,0.11871365498931984,0.701235323134545,0.18005102187613517,0.11871365498931984,0.701235323134545,0.18005102187613517,0.11871365498931984,False
2223,2023-05-27,M'gladbach,Augsburg,2,False,0,0.18325533998562107,0.2382866314062092,0.5784580286081697,0.18325533998562107,0.2382866314062092,0.5784580286081697,0.18325533998562107,0.2382866314062092,0.5784580286081697,0.18325533998562107,0.2382866314062092,0.5784580286081697,False
2223,2023-05-27,RB Leipzig,Schalke 04,2,True,34,0.056584140926886795,0.1497007470502834,0.7937151120228298,0.056584140926886795,0.1497007470502834,0.7937151120228298,0.056584140926886795,0.1497007470502834,0.7937151120228298,0.07894524307654223,0.17112902959139115,0.7499257273320666,False
2223,2023-05-27,Stuttgart,Hoffenheim,1,False,0,0.38956172318780485,0.26593230398220224,0.34450597282999296,0.38956172318780485,0.26593230398220224,0.34450597282999296,0.38956172318780485,0.26593230398220224,0.34450597282999296,0.38956172318780485,0.26593230398220224,0.34450597282999296,False
2223,2023-05-27,Wolfsburg,Hertha,0,False,0,0.18624874652364362,0.2568638734415381,0.5568873800348183,0.18624874652364362,0.2568638734415381,0.5568873800348183,0.18624874652364362,0.2568638734415381,0.5568873800348183,0.18624874652364362,0.2568638734415381,0.5568873800348183,False
2324,2023-08-18,Werder Bremen,Bayern Munich,0,False,0,0.688627623160234,0.1825766010526406,0.12879577578712548,0.688627623160234,0.1825766010526406,0.12879577578712548,0.688627623160234,0.1825766010526406,0.12879577578712548,0.688627623160234,0.1825766010526406,0.12879577578712548,False
2324,2023-08-19,Augsburg,M'gladbach,1,False,0,0.39289535039305384,0.27668494316253955,0.33041970644440655,0.39289535039305384,0.27668494316253955,0.33041970644440655,0.39289535039305384,0.27668494316253955,0.33041970644440655,0.39289535039305384,0.27668494316253955,0.33041970644440655,False
2324,2023-08-19,Dortmund,FC Koln,2,False,0,0.10614960321009408,0.16483505340701426,0.7290153433828916,0.10614960321009408,0.16483505340701426,0.7290153433828916,0.10614960321009408,0.16483505340701426,0.7290153433828916,0.10614960321009408,0.16483505340701426,0.7290153433828916,False
2324,2023-08-19,Hoffenheim,Freiburg,0,False,0,0.3049785386381112,0.2714121551408064,0.4236093062210824,0.3049785386381112,0.2714121551408064,0.4236093062210824,0.3049785386381112,0.2714121551408064,0.4236093062210824,0.3049785386381112,0.2714121551408064,0.4236093062210824,False
2324,2023-08-19,Leverkusen,RB Leipzig,2,False,0,0.3570657324373348,0.2773259761112727,0.36560829145139256,0.3570657324373348,0.2773259761112727,0.36560829145139256,0.3570657324373348,0.2773259761112727,0.36560829145139256,0.3570657324373348,0.2773259761112727,0.36560829145139256,False
2324,2023-08-19,Stuttgart,Bochum,2,False,0,0.22216903107461258,0.2688634360062924,0.508967532919095,0.22216903107461258,0.2688634360062924,0.508967532919095,0.22216903107461258,0.2688634360062924,0.508967532919095,0.22216903107461258,0.2688634360062924,0.508967532919095,False
2324,2023-08-19,Wolfsburg,Heidenheim,2,True,1,0.3,0.26,0.44,0.2353066087528141,0.11118400731763743,0.6535093839295485,0.2353066087528141,0.11118400731763743,0.6535093839295485,0.15016435251575505,0.2296062566659896,0.6202293908182555,True
2324,2023-08-20,Ein Frankfurt,Darmstadt,2,True,1,0.09511584670448253,0.20759198150921196,0.6972921717863055,0.14229921777117327,0.06043838538033885,0.7972623968484879,0.14229921777117327,0.06043838538033885,0.7972623968484879,0.1570203750662232,0.22349177926177466,0.6194878456720021,True
2324,2023-08-20,Union Berlin,Mainz,2,False,0,0.21179405246777616,0.2811504230467538,0.5070555244854701,0.21179405246777616,0.2811504230467538,0.5070555244854701,0.21179405246777616,0.2811504230467538,0.5070555244854701,0.21179405246777616,0.2811504230467538,0.5070555244854701,False
2324,2023-08-25,RB Leipzig,Stuttgart,2,False,0,0.10351962686939395,0.19771814897320425,0.6987622241574017,0.10351962686939395,0.19771814897320425,0.6987622241574017,0.10351962686939395,0.19771814897320425,0.6987622241574017,0.10351962686939395,0.19771814897320425,0.6987622241574017,False
2324,2023-08-26,M'gladbach,Leverkusen,0,False,0,0.3681678830227495,0.260787285227519,0.3710448317497315,0.3681678830227495,0.260787285227519,0.3710448317497315,0.3681678830227495,0.260787285227519,0.3710448317497315,0.3681678830227495,0.260787285227519,0.3710448317497315,False
2324,2023-08-26,Heidenheim,Hoffenheim,0,True,2,0.3,0.26,0.44,0.2898792550750963,0.1531044627970919,0.5570162821278117,0.2908913295675867,0.1637940165173827,0.5453146539150306,0.40135167218257267,0.26893425914215585,0.3297140686752716,True
2324,2023-08-26,Freiburg,Werder Bremen,2,False,0,0.19765837030470826,0.25140769797250756,0.5509339317227843,0.19765837030470826,0.25140769797250756,0.5509339317227843,0.19765837030470826,0.25140769797250756,0.5509339317227843,0.19765837030470826,0.25140769797250756,0.5509339317227843,False
2324,2023-08-26,Bochum,Dortmund,1,False,0,0.6342245720186379,0.2050473922779873,0.16072803570337474,0.6342245720186379,0.2050473922779873,0.16072803570337474,0.6342245720186379,0.2050473922779873,0.16072803570337474,0.6342245720186379,0.2050473922779873,0.16072803570337474,False
2324,2023-08-26,Darmstadt,Union Berlin,0,True,2,0.5239256401714066,0.3011642254727493,0.17491013435584402,0.6503116195397531,0.11245319850514665,0.23723518195510016,0.6376730216029185,0.1313243012019069,0.23100267719517453,0.43703570820809684,0.2956171845496,0.26734710724230315,True
2324,2023-08-26,FC Koln,Wolfsburg,0,False,0,0.3517993114991095,0.2852690099615527,0.36293167853933783,0.3517993114991095,0.2852690099615527,0.36293167853933783,0.3517993114991095,0.2852690099615527,0.36293167853933783,0.3517993114991095,0.2852690099615527,0.36293167853933783,False
2324,2023-08-27,Bayern Munich,Augsburg,2,False,0,0.04292190517247614,0.10440723935377345,0.8526708554737503,0.04292190517247614,0.10440723935377345,0.8526708554737503,0.04292190517247614,0.10440723935377345,0.8526708554737503,0.04292190517247614,0.10440723935377345,0.8526708554737503,False
2324,2023-08-27,Mainz,Ein Frankfurt,1,False,0,0.32476394132855513,0.27512673780727787,0.4001093208641672,0.32476394132855513,0.27512673780727787,0.4001093208641672,0.32476394132855513,0.27512673780727787,0.4001093208641672,0.32476394132855513,0.27512673780727787,0.4001093208641672,False
2324,2023-09-01,Dortmund,Heidenheim,1,True,3,0.3,0.26,0.44,0.10413611521977903,0.05,0.8458638847802209,0.1433088921758232,0.092,0.7646911078241767,0.06681462443235484,0.12699948276143813,0.8061858928062071,True
2324,2023-09-02,Stuttgart,Freiburg,2,False,0,0.3588418391922698,0.2905640690680261,0.350594091739704,0.3588418391922698,0.2905640690680261,0.350594091739704,0.3588418391922698,0.2905640690680261,0.350594091739704,0.3588418391922698,0.2905640690680261,0.350594091739704,False
2324,2023-09-02,Werder Bremen,Mainz,2,False,0,0.32288307031754315,0.2774197630556626,0.3996971666267943,0.32288307031754315,0.2774197630556626,0.3996971666267943,0.32288307031754315,0.2774197630556626,0.3996971666267943,0.32288307031754315,0.2774197630556626,0.3996971666267943,False
2324,2023-09-02,M'gladbach,Bayern Munich,0,False,0,0.6008473642415717,0.20924519804619895,0.18990743771222934,0.6008473642415717,0.20924519804619895,0.18990743771222934,0.6008473642415717,0.20924519804619895,0.18990743771222934,0.6008473642415717,0.20924519804619895,0.18990743771222934,False
2324,2023-09-02,Augsburg,Bochum,1,False,0,0.2501383790011418,0.28211622608959086,0.46774539490926736,0.2501383790011418,0.28211622608959086,0.46774539490926736,0.2501383790011418,0.28211622608959086,0.46774539490926736,0.2501383790011418,0.28211622608959086,0.46774539490926736,False
2324,2023-09-02,Hoffenheim,Wolfsburg,2,False,0,0.32030496580603895,0.2706168283838087,0.4090782058101525,0.32030496580603895,0.2706168283838087,0.4090782058101525,0.32030496580603895,0.2706168283838087,0.4090782058101525,0.32030496580603895,0.2706168283838087,0.4090782058101525,False
2324,2023-09-02,Leverkusen,Darmstadt,2,True,3,0.06619288522814075,0.17024189887135568,0.7635652159005036,0.08791795358692121,0.05,0.8620820464130787,0.08357293991516511,0.07404837977427114,0.8423786803105637,0.11235534935042077,0.19010963165773287,0.6975350189918463,True
2324,2023-09-03,Ein Frankfurt,FC Koln,1,False,0,0.21878835280407616,0.25215252613646527,0.5290591210594585,0.21878835280407616,0.25215252613646527,0.5290591210594585,0.21878835280407616,0.25215252613646527,0.5290591210594585,0.21878835280407616,0.25215252613646527,0.5290591210594585,False
2324,2023-09-03,Union Berlin,RB Leipzig,0,False,0,0.3875395482609414,0.30566565727329104,0.3067947944657677,0.3875395482609414,0.30566565727329104,0.3067947944657677,0.3875395482609414,0.30566565727329104,0.3067947944657677,0.3875395482609414,0.30566565727329104,0.3067947944657677,False
2324,2023-09-15,Bayern Munich,Leverkusen,1,False,0,0.12710198566182362,0.17766227591546221,0.6952357384227141,0.12710198566182362,0.17766227591546221,0.6952357384227141,0.12710198566182362,0.17766227591546221,0.6952357384227141,0.12710198566182362,0.17766227591546221,0.6952357384227141,False
2324,2023-09-16,Wolfsburg,Union Berlin,2,False,0,0.2819421732054085,0.3007986829160429,0.4172591438785488,0.2819421732054085,0.3007986829160429,0.4172591438785488,0.2819421732054085,0.3007986829160429,0.4172591438785488,0.2819421732054085,0.3007986829160429,0.4172591438785488,False
2324,2023-09-16,RB Leipzig,Augsburg,2,False,0,0.08819854354286193,0.18632857916335435,0.7254728772937837,0.08819854354286193,0.18632857916335435,0.7254728772937837,0.08819854354286193,0.18632857916335435,0.7254728772937837,0.08819854354286193,0.18632857916335435,0.7254728772937837,False
2324,2023-09-16,Mainz,Stuttgart,0,False,0,0.2379068292199728,0.27114242804751354,0.49095074273251366,0.2379068292199728,0.27114242804751354,0.49095074273251366,0.2379068292199728,0.27114242804751354,0.49095074273251366,0.2379068292199728,0.27114242804751354,0.49095074273251366,False
2324,2023-09-16,FC Koln,Hoffenheim,0,False,0,0.31517433286884683,0.2676878430750032,0.4171378240561499,0.31517433286884683,0.2676878430750032,0.4171378240561499,0.31517433286884683,0.2676878430750032,0.4171378240561499,0.31517433286884683,0.2676878430750032,0.4171378240561499,False
2324,2023-09-16,Bochum,Ein Frankfurt,1,False,0,0.43338886200434823,0.274189284540625,0.29242185345502675,0.43338886200434823,0.274189284540625,0.29242185345502675,0.43338886200434823,0.274189284540625,0.29242185345502675,0.43338886200434823,0.274189284540625,0.29242185345502675,False
2324,2023-09-16,Freiburg,Dortmund,0,False,0,0.4571748337372458,0.2497061496375736,0.2931190166251806,0.4571748337372458,0.2497061496375736,0.2931190166251806,0.4571748337372458,0.2497061496375736,0.2931190166251806,0.4571748337372458,0.2497061496375736,0.2931190166251806,False
2324,2023-09-17,Darmstadt,M'gladbach,1,True,4,0.5233323564910856,0.2762381694822985,0.2004294740266159,0.48067611573856883,0.19291387024332798,0.3264100140181032,0.4934729879643238,0.21791116001501915,0.288615852020657,0.4224529558147615,0.26730604821809845,0.31024099596714005,True
2324,2023-09-17,Heidenheim,Werder Bremen,2,True,4,0.3,0.26,0.44,0.2672878927045101,0.13401740884368302,0.5986946984518069,0.27710152489315704,0.17181218619057811,0.5510862889162649,0.3287858398414331,0.2765003138886841,0.39471384626988265,True
2324,2023-09-22,Stuttgart,Darmstadt,2,True,5,0.14308880265224683,0.26135918624878296,0.5955520110989702,0.16308709077698755,0.0704022125284129,0.7665106966945997,0.15508777552709127,0.14678500201656092,0.6981272224563478,0.22600165289143093,0.26603524579402205,0.5079631013145471,True
2324,2023-09-23,Union Berlin,Hoffenheim,0,False,0,0.22710754382305348,0.2710103196138834,0.5018821365630631,0.22710754382305348,0.2710103196138834,0.5018821365630631,0.22710754382305348,0.2710103196138834,0.5018821365630631,0.22710754382305348,0.2710103196138834,0.5018821365630631,False
2324,2023-09-23,Werder Bremen,FC Koln,2,False,0,0.3050569372999798,0.27431646018468175,0.42062660251533845,0.3050569372999798,0.27431646018468175,0.42062660251533845,0.3050569372999798,0.27431646018468175,0.42062660251533845,0.3050569372999798,0.27431646018468175,0.42062660251533845,False
2324,2023-09-23,M'gladbach,RB Leipzig,0,False,0,0.4487793312611318,0.26774759621602057,0.2834730725228477,0.4487793312611318,0.26774759621602057,0.2834730725228477,0.4487793312611318,0.26774759621602057,0.2834730725228477,0.4487793312611318,0.26774759621602057,0.2834730725228477,False
2324,2023-09-23,Augsburg,Mainz,2,False,0,0.34709898029227537,0.29171789746448884,0.3611831222432358,0.34709898029227537,0.29171789746448884,0.3611831222432358,0.34709898029227537,0.29171789746448884,0.3611831222432358,0.34709898029227537,0.29171789746448884,0.3611831222432358,False
2324,2023-09-23,Bayern Munich,Bochum,2,False,0,0.03506719142091232,0.08973657981659196,0.8751962287624958,0.03506719142091232,0.08973657981659196,0.8751962287624958,0.03506719142091232,0.08973657981659196,0.8751962287624958,0.03506719142091232,0.08973657981659196,0.8751962287624958,False
2324,2023-09-23,Dortmund,Wolfsburg,2,False,0,0.15755083680265283,0.2019062877648573,0.6405428754324899,0.15755083680265283,0.2019062877648573,0.6405428754324899,0.15755083680265283,0.2019062877648573,0.6405428754324899,0.15755083680265283,0.2019062877648573,0.6405428754324899,False
2324,2023-09-24,Ein Frankfurt,Freiburg,1,False,0,0.2746696775755358,0.27210793234648756,0.4532223900779767,0.2746696775755358,0.27210793234648756,0.4532223900779767,0.2746696775755358,0.27210793234648756,0.4532223900779767,0.2746696775755358,0.27210793234648756,0.4532223900779767,False
2324,2023-09-24,Leverkusen,Heidenheim,2,True,5,0.3,0.26,0.44,0.16228601416671862,0.07000684221181468,0.7677071436214667,0.21737160850003118,0.14600410532708882,0.63662428617288,0.11235534935042077,0.19010963165773287,0.6975350189918463,True
2324,2023-09-29,Hoffenheim,Dortmund,0,False,0,0.5046895778348066,0.22753508962961413,0.2677753325355794,0.5046895778348066,0.22753508962961413,0.2677753325355794,0.5046895778348066,0.22753508962961413,0.2677753325355794,0.5046895778348066,0.22753508962961413,0.2677753325355794,False
2324,2023-09-30,Bochum,M'gladbach,0,False,0,0.4246215608215065,0.27061397269155846,0.304764466486935,0.4246215608215065,0.27061397269155846,0.304764466486935,0.4246215608215065,0.27061397269155846,0.304764466486935,0.4246215608215065,0.27061397269155846,0.304764466486935,False
2324,2023-09-30,FC Koln,Stuttgart,0,False,0,0.254026961194164,0.27403325214000246,0.4719397866658336,0.254026961194164,0.27403325214000246,0.4719397866658336,0.254026961194164,0.27403325214000246,0.4719397866658336,0.254026961194164,0.27403325214000246,0.4719397866658336,False
2324,2023-09-30,Heidenheim,Union Berlin,2,True,6,0.3,0.26,0.44,0.3,0.26,0.44,0.3432514324342816,0.2568562510331648,0.39989231653255364,0.43703570820809684,0.2956171845496,0.26734710724230315,False
2324,2023-09-30,Mainz,Leverkusen,0,False,0,0.40093320777674535,0.2733020482802426,0.325764743943012,0.40093320777674535,0.2733020482802426,0.325764743943012,0.40093320777674535,0.2733020482802426,0.325764743943012,0.40093320777674535,0.2733020482802426,0.325764743943012,False
2324,2023-09-30,RB Leipzig,Bayern Munich,1,False,0,0.39369461326403865,0.26047365723284227,0.3458317295031191,0.39369461326403865,0.26047365723284227,0.3458317295031191,0.39369461326403865,0.26047365723284227,0.3458317295031191,0.39369461326403865,0.26047365723284227,0.3458317295031191,False
2324,2023-09-30,Wolfsburg,Ein Frankfurt,2,False,0,0.26645199973430383,0.2680199448468063,0.46552805541889,0.26645199973430383,0.2680199448468063,0.46552805541889,0.26645199973430383,0.2680199448468063,0.46552805541889,0.26645199973430383,0.2680199448468063,0.46552805541889,False
2324,2023-10-01,Darmstadt,Werder Bremen,2,True,6,0.43002818715536656,0.30445269085134297,0.2655191219932906,0.43002818715536656,0.30445269085134297,0.2655191219932906,0.3962210880591742,0.28291803184777575,0.32086088009305,0.3287858398414331,0.2765003138886841,0.39471384626988265,False
2324,2023-10-01,Freiburg,Augsburg,2,False,0,0.17596254742211395,0.2548490554661514,0.5691883971117346,0.17596254742211395,0.2548490554661514,0.5691883971117346,0.17596254742211395,0.2548490554661514,0.5691883971117346,0.17596254742211395,0.2548490554661514,0.5691883971117346,False
2324,2023-10-06,M'gladbach,Mainz,1,False,0,0.244753313411096,0.256363329977029,0.498883356611875,0.244753313411096,0.256363329977029,0.498883356611875,0.244753313411096,0.256363329977029,0.498883356611875,0.244753313411096,0.256363329977029,0.498883356611875,False
2324,2023-10-07,Werder Bremen,Hoffenheim,0,False,0,0.34704016924343717,0.2644161560001368,0.38854367475642604,0.34704016924343717,0.2644161560001368,0.38854367475642604,0.34704016924343717,0.2644161560001368,0.38854367475642604,0.34704016924343717,0.2644161560001368,0.38854367475642604,False
2324,2023-10-07,Stuttgart,Wolfsburg,2,False,0,0.3749140334823003,0.2879011508183162,0.3371848156993835,0.3749140334823003,0.2879011508183162,0.3371848156993835,0.3749140334823003,0.2879011508183162,0.3371848156993835,0.3749140334823003,0.2879011508183162,0.3371848156993835,False
2324,2023-10-07,RB Leipzig,Bochum,1,False,0,0.07602395324143975,0.16909345720187277,0.7548825895566875,0.07602395324143975,0.16909345720187277,0.7548825895566875,0.07602395324143975,0.16909345720187277,0.7548825895566875,0.07602395324143975,0.16909345720187277,0.7548825895566875,False
2324,2023-10-07,Augsburg,Darmstadt,0,True,7,0.1637919949525808,0.28017898475099823,0.5560290202964211,0.1637919949525808,0.28017898475099823,0.5560290202964211,0.20026926512023557,0.21800652974149326,0.5817242051382712,0.25451020397981416,0.27906407293714736,0.46642572308303853,False
2324,2023-10-07,Dortmund,Union Berlin,2,False,0,0.1690898623905198,0.2256081723441259,0.6053019652653543,0.1690898623905198,0.2256081723441259,0.6053019652653543,0.1690898623905198,0.2256081723441259,0.6053019652653543,0.1690898623905198,0.2256081723441259,0.6053019652653543,False
2324,2023-10-08,Bayern Munich,Freiburg,2,False,0,0.08864826546527176,0.15823841599354435,0.7531133185411839,0.08864826546527176,0.15823841599354435,0.7531133185411839,0.08864826546527176,0.15823841599354435,0.7531133185411839,0.08864826546527176,0.15823841599354435,0.7531133185411839,False
2324,2023-10-08,Ein Frankfurt,Heidenheim,2,True,7,0.3,0.26,0.44,0.3,0.26,0.44,0.28049358779040007,0.20482036875287762,0.5146860434567224,0.1570203750662232,0.22349177926177466,0.6194878456720021,False
2324,2023-10-08,Leverkusen,FC Koln,2,False,0,0.16349759189912977,0.22531991015924013,0.6111824979416302,0.16349759189912977,0.22531991015924013,0.6111824979416302,0.16349759189912977,0.22531991015924013,0.6111824979416302,0.16349759189912977,0.22531991015924013,0.6111824979416302,False
2324,2023-10-20,Dortmund,Werder Bremen,2,False,0,0.08941808099047825,0.14603656152921043,0.7645453574803114,0.08941808099047825,0.14603656152921043,0.7645453574803114,0.08941808099047825,0.14603656152921043,0.7645453574803114,0.08941808099047825,0.14603656152921043,0.7645453574803114,False
2324,2023-10-21,Wolfsburg,Leverkusen,0,False,0,0.3367279205774684,0.27506546438371027,0.3882066150388214,0.3367279205774684,0.27506546438371027,0.3882066150388214,0.3367279205774684,0.27506546438371027,0.3882066150388214,0.3367279205774684,0.27506546438371027,0.3882066150388214,False
2324,2023-10-21,Union Berlin,Stuttgart,0,False,0,0.1809570659824577,0.2692614991217785,0.5497814348957637,0.1809570659824577,0.2692614991217785,0.5497814348957637,0.1809570659824577,0.2692614991217785,0.5497814348957637,0.1809570659824577,0.2692614991217785,0.5497814348957637,False
2324,2023-10-21,Mainz,Bayern Munich,0,False,0,0.6280497193833324,0.20954579170164223,0.16240448891502543,0.6280497193833324,0.20954579170164223,0.16240448891502543,0.6280497193833324,0.20954579170164223,0.16240448891502543,0.6280497193833324,0.20954579170164223,0.16240448891502543,False
2324,2023-10-21,Hoffenheim,Ein Frankfurt,0,False,0,0.3114056487294569,0.25937201727012044,0.42922233400042276,0.3114056487294569,0.25937201727012044,0.42922233400042276,0.3114056487294569,0.25937201727012044,0.42922233400042276,0.3114056487294569,0.25937201727012044,0.42922233400042276,False
2324,2023-10-21,Darmstadt,RB Leipzig,0,True,8,0.6657449821886483,0.2295107193093895,0.10474429850196215,0.6657449821886483,0.2295107193093895,0.10474429850196215,0.688345646224447,0.1843472045332838,0.1273071492422692,0.5876911745250277,0.24278622693481824,0.16952259854015406,False
2324,2023-10-21,Freiburg,Bochum,2,False,0,0.15748961487959062,0.24052438019620084,0.6019860049242085,0.15748961487959062,0.24052438019620084,0.6019860049242085,0.15748961487959062,0.24052438019620084,0.6019860049242085,0.15748961487959062,0.24052438019620084,0.6019860049242085,False
2324,2023-10-22,FC Koln,M'gladbach,2,False,0,0.33469470415715896,0.2693356213574189,0.39596967448542225,0.33469470415715896,0.2693356213574189,0.39596967448542225,0.33469470415715896,0.2693356213574189,0.39596967448542225,0.33469470415715896,0.2693356213574189,0.39596967448542225,False
2324,2023-10-22,Heidenheim,Augsburg,0,True,8,0.3,0.26,0.44,0.3,0.26,0.44,0.2789685227794893,0.21430565896377407,0.5067258182567367,0.29526272373678153,0.2866331120391603,0.4181041642240582,False
2324,2023-10-27,Bochum,Mainz,1,False,0,0.3762575631607323,0.2876903410696872,0.33605209576958056,0.3762575631607323,0.2876903410696872,0.33605209576958056,0.3762575631607323,0.2876903410696872,0.33605209576958056,0.3762575631607323,0.2876903410696872,0.33605209576958056,False
2324,2023-10-28,Werder Bremen,Union Berlin,2,False,0,0.3871784402965401,0.2964635980642578,0.3163579616392021,0.3871784402965401,0.2964635980642578,0.3163579616392021,0.3871784402965401,0.2964635980642578,0.3163579616392021,0.3871784402965401,0.2964635980642578,0.3163579616392021,False
2324,2023-10-28,RB Leipzig,FC Koln,2,False,0,0.11558416216476153,0.20571629443926223,0.6786995433959763,0.11558416216476153,0.20571629443926223,0.6786995433959763,0.11558416216476153,0.20571629443926223,0.6786995433959763,0.11558416216476153,0.20571629443926223,0.6786995433959763,False
2324,2023-10-28,Stuttgart,Hoffenheim,0,False,0,0.3387874312922077,0.27241797063197176,0.3887945980758206,0.3387874312922077,0.27241797063197176,0.3887945980758206,0.3387874312922077,0.27241797063197176,0.3887945980758206,0.3387874312922077,0.27241797063197176,0.3887945980758206,False
2324,2023-10-28,Bayern Munich,Darmstadt,2,True,9,0.018936304739693696,0.0715045590330879,0.9095591362272184,0.018936304739693696,0.0715045590330879,0.9095591362272184,0.022999412001240366,0.06720364722647032,0.9097969407722893,0.0353087493495652,0.08811911046846282,0.876572140181972,False
2324,2023-10-28,M'gladbach,Heidenheim,2,True,9,0.3,0.26,0.44,0.3,0.26,0.44,0.29207293755597014,0.23374351472783858,0.4741835477161913,0.1643111091882441,0.22261605365364662,0.6130728371581093,False
2324,2023-10-28,Augsburg,Wolfsburg,2,False,0,0.4077114873276393,0.29000744900624637,0.3022810636661143,0.4077114873276393,0.29000744900624637,0.3022810636661143,0.4077114873276393,0.29000744900624637,0.3022810636661143,0.4077114873276393,0.29000744900624637,0.3022810636661143,False
2324,2023-10-29,Ein Frankfurt,Dortmund,1,False,0,0.4632693396548273,0.23810119736452162,0.298629462980651,0.4632693396548273,0.23810119736452162,0.298629462980651,0.4632693396548273,0.23810119736452162,0.298629462980651,0.4632693396548273,0.23810119736452162,0.298629462980651,False
2324,2023-10-29,Leverkusen,Freiburg,2,False,0,0.21245628022721677,0.25285644228180754,0.5346872774909758,0.21245628022721677,0.25285644228180754,0.5346872774909758,0.21245628022721677,0.25285644228180754,0.5346872774909758,0.21245628022721677,0.25285644228180754,0.5346872774909758,False
2324,2023-11-03,Darmstadt,Bochum,0,True,10,0.3683369770518506,0.3205791259480986,0.31108389700005085,0.3683369770518506,0.3205791259480986,0.31108389700005085,0.36642820679909166,0.31145852796161677,0.3221132652392916,0.27151484112963653,0.2788684632981759,0.4496166955721876,False
2324,2023-11-04,Union Berlin,Ein Frankfurt,0,False,0,0.25163292250475255,0.2836095035477108,0.4647575739475367,0.25163292250475255,0.2836095035477108,0.4647575739475367,0.25163292250475255,0.2836095035477108,0.4647575739475367,0.25163292250475255,0.2836095035477108,0.4647575739475367,False
2324,2023-11-04,Mainz,RB Leipzig,2,False,0,0.4779126492262053,0.27491571235019463,0.24717163842360015,0.4779126492262053,0.27491571235019463,0.24717163842360015,0.4779126492262053,0.27491571235019463,0.24717163842360015,0.4779126492262053,0.27491571235019463,0.24717163842360015,False
2324,2023-11-04,Hoffenheim,Leverkusen,0,False,0,0.3894495069328545,0.2603418156572496,0.3502086774098959,0.3894495069328545,0.2603418156572496,0.3502086774098959,0.3894495069328545,0.2603418156572496,0.3502086774098959,0.3894495069328545,0.2603418156572496,0.3502086774098959,False
2324,2023-11-04,Freiburg,M'gladbach,1,False,0,0.27011949044906286,0.26593139658184706,0.46394911296909,0.27011949044906286,0.26593139658184706,0.46394911296909,0.27011949044906286,0.26593139658184706,0.46394911296909,0.27011949044906286,0.26593139658184706,0.46394911296909,False
2324,2023-11-04,FC Koln,Augsburg,1,False,0,0.22438275243256298,0.27037113757893927,0.5052461099884977,0.22438275243256298,0.27037113757893927,0.5052461099884977,0.22438275243256298,0.27037113757893927,0.5052461099884977,0.22438275243256298,0.27037113757893927,0.5052461099884977,False
2324,2023-11-04,Dortmund,Bayern Munich,0,False,0,0.4094434142175883,0.22630500902269085,0.36425157675972086,0.4094434142175883,0.22630500902269085,0.36425157675972086,0.4094434142175883,0.22630500902269085,0.36425157675972086,0.4094434142175883,0.22630500902269085,0.36425157675972086,False
2324,2023-11-05,Heidenheim,Stuttgart,2,True,10,0.3,0.26,0.44,0.3,0.26,0.44,0.30859261036739544,0.25941358803872305,0.43199380159388157,0.32993972700055124,0.28512356925811355,0.38493670374133526,False
2324,2023-11-05,Wolfsburg,Werder Bremen,1,False,0,0.18651860159927186,0.2439804963494343,0.5695009020512939,0.18651860159927186,0.2439804963494343,0.5695009020512939,0.18651860159927186,0.2439804963494343,0.5695009020512939,0.18651860159927186,0.2439804963494343,0.5695009020512939,False
2324,2023-11-10,M'gladbach,Wolfsburg,2,False,0,0.30119640552886,0.2686683766518434,0.43013521781929664,0.30119640552886,0.2686683766518434,0.43013521781929664,0.30119640552886,0.2686683766518434,0.43013521781929664,0.30119640552886,0.2686683766518434,0.43013521781929664,False
2324,2023-11-11,Stuttgart,Dortmund,2,False,0,0.5636960139383514,0.22650677819853857,0.20979720786311,0.5636960139383514,0.22650677819853857,0.20979720786311,0.5636960139383514,0.22650677819853857,0.20979720786311,0.5636960139383514,0.22650677819853857,0.20979720786311,False
2324,2023-11-11,Bochum,FC Koln,1,False,0,0.35804343363466856,0.2867549043066555,0.35520166205867604,0.35804343363466856,0.2867549043066555,0.35520166205867604,0.35804343363466856,0.2867549043066555,0.35520166205867604,0.35804343363466856,0.2867549043066555,0.35520166205867604,False
2324,2023-11-11,Darmstadt,Mainz,1,True,11,0.47152518225784157,0.3018397919297635,0.22663502581239492,0.47152518225784157,0.3018397919297635,0.22663502581239492,0.47152518225784157,0.3018397919297635,0.22663502581239492,0.3739599427360747,0.28400465600471536,0.34203540125920995,False
2324,2023-11-11,Augsburg,Hoffenheim,1,False,0,0.3726318148990727,0.27739011022320564,0.34997807487772176,0.3726318148990727,0.27739011022320564,0.34997807487772176,0.3726318148990727,0.27739011022320564,0.34997807487772176,0.3726318148990727,0.27739011022320564,0.34997807487772176,False
2324,2023-11-11,Bayern Munich,Heidenheim,2,True,11,0.3,0.26,0.44,0.3,0.26,0.44,0.3,0.26,0.44,0.0353087493495652,0.08811911046846282,0.876572140181972,False
2324,2023-11-12,Leverkusen,Union Berlin,2,False,0,0.23378935164490355,0.27665827721464187,0.4895523711404546,0.23378935164490355,0.27665827721464187,0.4895523711404546,0.23378935164490355,0.27665827721464187,0.4895523711404546,0.23378935164490355,0.27665827721464187,0.4895523711404546,False
2324,2023-11-12,RB Leipzig,Freiburg,2,False,0,0.15448826150168563,0.23889176260136108,0.6066199758969533,0.15448826150168563,0.23889176260136108,0.6066199758969533,0.15448826150168563,0.23889176260136108,0.6066199758969533,0.15448826150168563,0.23889176260136108,0.6066199758969533,False
2324,2023-11-12,Werder Bremen,Ein Frankfurt,1,False,0,0.37716412534975796,0.26969574816386394,0.3531401264863782,0.37716412534975796,0.26969574816386394,0.3531401264863782,0.37716412534975796,0.26969574816386394,0.3531401264863782,0.37716412534975796,0.26969574816386394,0.3531401264863782,False
2324,2023-11-24,FC Koln,Bayern Munich,0,False,0,0.6504401003155421,0.20057452827453837,0.1489853714099195,0.6504401003155421,0.20057452827453837,0.1489853714099195,0.6504401003155421,0.20057452827453837,0.1489853714099195,0.6504401003155421,0.20057452827453837,0.1489853714099195,False
2324,2023-11-25,Union Berlin,Augsburg,1,False,0,0.15850788389428047,0.26157005164269964,0.57992206446302,0.15850788389428047,0.26157005164269964,0.57992206446302,0.15850788389428047,0.26157005164269964,0.57992206446302,0.15850788389428047,0.26157005164269964,0.57992206446302,False
2324,2023-11-25,Dortmund,M'gladbach,2,False,0,0.13830300332428558,0.17677234731303276,0.6849246493626817,0.13830300332428558,0.17677234731303276,0.6849246493626817,0.13830300332428558,0.17677234731303276,0.6849246493626817,0.13830300332428558,0.17677234731303276,0.6849246493626817,False
2324,2023-11-25,Ein Frankfurt,Stuttgart,0,False,0,0.19918106746670233,0.24769315445327492,0.5531257780800227,0.19918106746670233,0.24769315445327492,0.5531257780800227,0.19918106746670233,0.24769315445327492,0.5531257780800227,0.19918106746670233,0.24769315445327492,0.5531257780800227,False
2324,2023-11-25,Freiburg,Darmstadt,1,True,12,0.09847747282245933,0.2236039382323859,0.6779185889451548,0.09847747282245933,0.2236039382323859,0.6779185889451548,0.09847747282245933,0.2236039382323859,0.6779185889451548,0.16000471723367032,0.2380417769063283,0.6019535058600014,False
2324,2023-11-25,Werder Bremen,Leverkusen,0,False,0,0.45825690572727884,0.2607611223785633,0.28098197189415786,0.45825690572727884,0.2607611223785633,0.28098197189415786,0.45825690572727884,0.2607611223785633,0.28098197189415786,0.45825690572727884,0.2607611223785633,0.28098197189415786,False
2324,2023-11-25,Wolfsburg,RB Leipzig,2,False,0,0.4126086582054822,0.28625019654412087,0.30114114525039687,0.4126086582054822,0.28625019654412087,0.30114114525039687,0.4126086582054822,0.28625019654412087,0.30114114525039687,0.4126086582054822,0.28625019654412087,0.30114114525039687,False
2324,2023-11-26,Heidenheim,Bochum,1,True,12,0.3,0.26,0.44,0.3,0.26,0.44,0.3,0.26,0.44,0.27151484112963653,0.2788684632981759,0.4496166955721876,False
2324,2023-11-26,Hoffenheim,Mainz,1,False,0,0.26214998758862623,0.2605751559737607,0.477274856437613,0.26214998758862623,0.2605751559737607,0.477274856437613,0.26214998758862623,0.2605751559737607,0.477274856437613,0.26214998758862623,0.2605751559737607,0.477274856437613,False
2324,2023-12-01,Darmstadt,FC Koln,0,True,13,0.454223205601986,0.3046771352592702,0.24109965913874387,0.454223205601986,0.3046771352592702,0.24109965913874387,0.454223205601986,0.3046771352592702,0.24109965913874387,0.35556861460744804,0.28291482581830013,0.3615165595742519,False
2324,2023-12-02,RB Leipzig,Heidenheim,2,True,13,0.3,0.26,0.44,0.3,0.26,0.44,0.3,0.26,0.44,0.07692545075231833,0.16693049733832474,0.7561440519093569,False
2324,2023-12-02,Stuttgart,Werder Bremen,2,False,0,0.2727233309281878,0.27238413994038546,0.45489252913142675,0.2727233309281878,0.27238413994038546,0.45489252913142675,0.2727233309281878,0.27238413994038546,0.45489252913142675,0.2727233309281878,0.27238413994038546,0.45489252913142675,False
2324,2023-12-02,Bochum,Wolfsburg,2,False,0,0.4387876347773407,0.2826995481779109,0.27851281704474856,0.4387876347773407,0.2826995481779109,0.27851281704474856,0.4387876347773407,0.2826995481779109,0.27851281704474856,0.4387876347773407,0.2826995481779109,0.27851281704474856,False
2324,2023-12-02,M'gladbach,Hoffenheim,2,False,0,0.2632443630392953,0.24622685407267578,0.490528782888029,0.2632443630392953,0.24622685407267578,0.490528782888029,0.2632443630392953,0.24622685407267578,0.490528782888029,0.2632443630392953,0.24622685407267578,0.490528782888029,False
2324,2023-12-03,Leverkusen,Dortmund,1,False,0,0.3782514862690499,0.24196320011451158,0.3797853136164385,0.3782514862690499,0.24196320011451158,0.3797853136164385,0.3782514862690499,0.24196320011451158,0.3797853136164385,0.3782514862690499,0.24196320011451158,0.3797853136164385,False
2324,2023-12-03,Mainz,Freiburg,0,False,0,0.31750342689437316,0.2874444106672942,0.39505216243833274,0.31750342689437316,0.2874444106672942,0.39505216243833274,0.31750342689437316,0.2874444106672942,0.39505216243833274,0.31750342689437316,0.2874444106672942,0.39505216243833274,False
2324,2023-12-03,Augsburg,Ein Frankfurt,2,False,0,0.4017630597123689,0.2808760601731378,0.31736088011449337,0.4017630597123689,0.2808760601731378,0.31736088011449337,0.4017630597123689,0.2808760601731378,0.31736088011449337,0.4017630597123689,0.2808760601731378,0.31736088011449337,False
2324,2023-12-08,Hoffenheim,Bochum,2,False,0,0.17536129474549575,0.23225388888514537,0.5923848163693589,0.17536129474549575,0.23225388888514537,0.5923848163693589,0.17536129474549575,0.23225388888514537,0.5923848163693589,0.17536129474549575,0.23225388888514537,0.5923848163693589,False
2324,2023-12-09,Dortmund,RB Leipzig,0,False,0,0.2790904634481999,0.24666153945872268,0.4742479970930775,0.2790904634481999,0.24666153945872268,0.4742479970930775,0.2790904634481999,0.24666153945872268,0.4742479970930775,0.2790904634481999,0.24666153945872268,0.4742479970930775,False
2324,2023-12-09,Ein Frankfurt,Bayern Munich,2,False,0,0.5821354898851832,0.2181681257692814,0.1996963843455354,0.5821354898851832,0.2181681257692814,0.1996963843455354,0.5821354898851832,0.2181681257692814,0.1996963843455354,0.5821354898851832,0.2181681257692814,0.1996963843455354,False
2324,2023-12-09,Heidenheim,Darmstadt,2,True,14,0.3,0.26,0.44,0.3,0.26,0.44,0.3,0.26,0.44,0.276322935312466,0.27571619463775004,0.447960870049784,False
2324,2023-12-09,Union Berlin,M'gladbach,2,False,0,0.24296721884171432,0.2759029743448678,0.4811298068134179,0.24296721884171432,0.2759029743448678,0.4811298068134179,0.24296721884171432,0.2759029743448678,0.4811298068134179,0.24296721884171432,0.2759029743448678,0.4811298068134179,False
2324,2023-12-09,Werder Bremen,Augsburg,2,False,0,0.24914463581378074,0.2718951274866625,0.4789602366995568,0.24914463581378074,0.2718951274866625,0.4789602366995568,0.24914463581378074,0.2718951274866625,0.4789602366995568,0.24914463581378074,0.2718951274866625,0.4789602366995568,False
2324,2023-12-09,Wolfsburg,Freiburg,0,False,0,0.26165295670005545,0.28026906585316397,0.45807797744678064,0.26165295670005545,0.28026906585316397,0.45807797744678064,0.26165295670005545,0.28026906585316397,0.45807797744678064,0.26165295670005545,0.28026906585316397,0.45807797744678064,False
2324,2023-12-10,Stuttgart,Leverkusen,1,False,0,0.4467553976438377,0.26986911785385953,0.2833754845023028,0.4467553976438377,0.26986911785385953,0.2833754845023028,0.4467553976438377,0.26986911785385953,0.2833754845023028,0.4467553976438377,0.26986911785385953,0.2833754845023028,False
2324,2023-12-10,FC Koln,Mainz,1,False,0,0.2932362638198069,0.27982369930712214,0.4269400368730711,0.2932362638198069,0.27982369930712214,0.4269400368730711,0.2932362638198069,0.27982369930712214,0.4269400368730711,0.2932362638198069,0.27982369930712214,0.4269400368730711,False
2324,2023-12-15,M'gladbach,Werder Bremen,1,False,0,0.20446545158287244,0.23598327561736618,0.5595512727997615,0.20446545158287244,0.23598327561736618,0.5595512727997615,0.20446545158287244,0.23598327561736618,0.5595512727997615,0.20446545158287244,0.23598327561736618,0.5595512727997615,False
2324,2023-12-16,Augsburg,Dortmund,1,False,0,0.5991458840009657,0.21922405237622972,0.18163006362280462,0.5991458840009657,0.21922405237622972,0.18163006362280462,0.5991458840009657,0.21922405237622972,0.18163006362280462,0.5991458840009657,0.21922405237622972,0.18163006362280462,False
2324,2023-12-16,Bochum,Union Berlin,2,False,0,0.4383750862579186,0.29885908479751744,0.2627658289445639,0.4383750862579186,0.29885908479751744,0.2627658289445639,0.4383750862579186,0.29885908479751744,0.2627658289445639,0.4383750862579186,0.29885908479751744,0.2627658289445639,False
2324,2023-12-16,Darmstadt,Wolfsburg,0,True,15,0.5308837320945602,0.2854277697658472,0.18368849813959262,0.5308837320945602,0.2854277697658472,0.18368849813959262,0.5308837320945602,0.2854277697658472,0.18368849813959262,0.4370783514459128,0.27947548836886293,0.2834461601852243,False
2324,2023-12-16,Mainz,Heidenheim,0,True,15,0.3,0.26,0.44,0.3,0.26,0.44,0.3,0.26,0.44,0.19234447737197652,0.25124898036722776,0.5564065422607958,False
2324,2023-12-16,RB Leipzig,Hoffenheim,2,False,0,0.13459565191608447,0.2079251094838889,0.6574792386000267,0.13459565191608447,0.2079251094838889,0.6574792386000267,0.13459565191608447,0.2079251094838889,0.6574792386000267,0.13459565191608447,0.2079251094838889,0.6574792386000267,False
2324,2023-12-17,Bayern Munich,Stuttgart,2,False,0,0.05240079878009793,0.11527423764528742,0.8323249635746146,0.05240079878009793,0.11527423764528742,0.8323249635746146,0.05240079878009793,0.11527423764528742,0.8323249635746146,0.05240079878009793,0.11527423764528742,0.8323249635746146,False
2324,2023-12-17,Freiburg,FC Koln,2,False,0,0.22013871839310906,0.2659068611460368,0.5139544204608543,0.22013871839310906,0.2659068611460368,0.5139544204608543,0.22013871839310906,0.2659068611460368,0.5139544204608543,0.22013871839310906,0.2659068611460368,0.5139544204608543,False
2324,2023-12-17,Leverkusen,Ein Frankfurt,2,False,0,0.21493545529984406,0.24074446031713012,0.5443200843830258,0.21493545529984406,0.24074446031713012,0.5443200843830258,0.21493545529984406,0.24074446031713012,0.5443200843830258,0.21493545529984406,0.24074446031713012,0.5443200843830258,False
2324,2023-12-19,Werder Bremen,RB Leipzig,1,False,0,0.5361230706243021,0.2552114548864426,0.20866547448925543,0.5361230706243021,0.2552114548864426,0.20866547448925543,0.5361230706243021,0.2552114548864426,0.20866547448925543,0.5361230706243021,0.2552114548864426,0.20866547448925543,False
2324,2023-12-19,Dortmund,Mainz,1,False,0,0.11726535674942923,0.174694826333588,0.7080398169169828,0.11726535674942923,0.174694826333588,0.7080398169169828,0.11726535674942923,0.174694826333588,0.7080398169169828,0.11726535674942923,0.174694826333588,0.7080398169169828,False
2324,2023-12-19,Hoffenheim,Darmstadt,1,True,16,0.10853269489204039,0.2160691451584744,0.6753981599494852,0.10853269489204039,0.2160691451584744,0.6753981599494852,0.10853269489204039,0.2160691451584744,0.6753981599494852,0.17828836856717167,0.22981659076320357,0.5918950406696248,False
2324,2023-12-20,Ein Frankfurt,M'gladbach,2,False,0,0.2700393234457513,0.2529404293801049,0.4770202471741437,0.2700393234457513,0.2529404293801049,0.4770202471741437,0.2700393234457513,0.2529404293801049,0.4770202471741437,0.2700393234457513,0.2529404293801049,0.4770202471741437,False
2324,2023-12-20,Heidenheim,Freiburg,2,True,16,0.3,0.26,0.44,0.3,0.26,0.44,0.3,0.26,0.44,0.4197892595138321,0.28383262127605047,0.29637811921011753,False
2324,2023-12-20,Leverkusen,Bochum,2,False,0,0.11075757698111532,0.19228802402673623,0.6969543989921484,0.11075757698111532,0.19228802402673623,0.6969543989921484,0.11075757698111532,0.19228802402673623,0.6969543989921484,0.11075757698111532,0.19228802402673623,0.6969543989921484,False
2324,2023-12-20,Stuttgart,Augsburg,2,False,0,0.24397344376664185,0.27951348156476663,0.4765130746685915,0.24397344376664185,0.27951348156476663,0.4765130746685915,0.24397344376664185,0.27951348156476663,0.4765130746685915,0.24397344376664185,0.27951348156476663,0.4765130746685915,False
2324,2023-12-20,Union Berlin,FC Koln,2,False,0,0.1981150176555764,0.2741061182350596,0.527778864109364,0.1981150176555764,0.2741061182350596,0.527778864109364,0.1981150176555764,0.2741061182350596,0.527778864109364,0.1981150176555764,0.2741061182350596,0.527778864109364,False
2324,2023-12-20,Wolfsburg,Bayern Munich,0,False,0,0.5574096078403324,0.2323860567077704,0.2102043354518971,0.5574096078403324,0.2323860567077704,0.2102043354518971,0.5574096078403324,0.2323860567077704,0.2102043354518971,0.5574096078403324,0.2323860567077704,0.2102043354518971,False
2324,2024-01-12,Bayern Munich,Hoffenheim,2,False,0,0.07149239982513647,0.1274850829751763,0.8010225171996872,0.07149239982513647,0.1274850829751763,0.8010225171996872,0.07149239982513647,0.1274850829751763,0.8010225171996872,0.07149239982513647,0.1274850829751763,0.8010225171996872,False
2324,2024-01-13,Augsburg,Leverkusen,0,False,0,0.4812454066955161,0.2678335728132538,0.2509210204912301,0.4812454066955161,0.2678335728132538,0.2509210204912301,0.4812454066955161,0.2678335728132538,0.2509210204912301,0.4812454066955161,0.2678335728132538,0.2509210204912301,False
2324,2024-01-13,Darmstadt,Dortmund,0,True,17,0.717935743640478,0.18568385832758555,0.09638039803193649,0.717935743640478,0.18568385832758555,0.09638039803193649,0.717935743640478,0.18568385832758555,0.09638039803193649,0.633749705188813,0.20284656657982683,0.1634037282313602,False
2324,2024-01-13,FC Koln,Heidenheim,1,True,17,0.3,0.26,0.44,0.3,0.26,0.44,0.3,0.26,0.44,0.20666513062174274,0.25587909494895406,0.5374557744293031,False
2324,2024-01-13,Freiburg,Union Berlin,1,False,0,0.2940255860140776,0.3049874142490297,0.4009869997368929,0.2940255860140776,0.3049874142490297,0.4009869997368929,0.2940255860140776,0.3049874142490297,0.4009869997368929,0.2940255860140776,0.3049874142490297,0.4009869997368929,False
2324,2024-01-13,Mainz,Wolfsburg,1,False,0,0.33266392866878314,0.28604732331251725,0.38128874801869955,0.33266392866878314,0.28604732331251725,0.38128874801869955,0.33266392866878314,0.28604732331251725,0.38128874801869955,0.33266392866878314,0.28604732331251725,0.38128874801869955,False
2324,2024-01-13,RB Leipzig,Ein Frankfurt,0,False,0,0.1549022125192235,0.22630130308218152,0.6187964843985949,0.1549022125192235,0.22630130308218152,0.6187964843985949,0.1549022125192235,0.22630130308218152,0.6187964843985949,0.1549022125192235,0.22630130308218152,0.6187964843985949,False
2324,2024-01-14,Bochum,Werder Bremen,1,False,0,0.3315702752483445,0.2805800511381498,0.3878496736135058,0.3315702752483445,0.2805800511381498,0.3878496736135058,0.3315702752483445,0.2805800511381498,0.3878496736135058,0.3315702752483445,0.2805800511381498,0.3878496736135058,False
2324,2024-01-14,M'gladbach,Stuttgart,2,False,0,0.20816282623766552,0.24606022469875755,0.5457769490635769,0.20816282623766552,0.24606022469875755,0.5457769490635769,0.20816282623766552,0.24606022469875755,0.5457769490635769,0.20816282623766552,0.24606022469875755,0.5457769490635769,False
2324,2024-01-20,Heidenheim,Wolfsburg,1,True,18,0.3,0.26,0.44,0.3,0.26,0.44,0.3,0.26,0.44,0.4370783514459128,0.27947548836886293,0.2834461601852243,False
2324,2024-01-20,RB Leipzig,Leverkusen,0,False,0,0.20774728924802227,0.25037817779118354,0.5418745329607942,0.20774728924802227,0.25037817779118354,0.5418745329607942,0.20774728924802227,0.25037817779118354,0.5418745329607942,0.20774728924802227,0.25037817779118354,0.5418745329607942,False
2324,2024-01-20,Freiburg,Hoffenheim,2,False,0,0.25264763362758735,0.2618590161401459,0.4854933502322666,0.25264763362758735,0.2618590161401459,0.4854933502322666,0.25264763362758735,0.2618590161401459,0.4854933502322666,0.25264763362758735,0.2618590161401459,0.4854933502322666,False
2324,2024-01-20,Bochum,Stuttgart,2,False,0,0.332551313579325,0.28919340736368737,0.37825527905698764,0.332551313579325,0.28919340736368737,0.37825527905698764,0.332551313579325,0.28919340736368737,0.37825527905698764,0.332551313579325,0.28919340736368737,0.37825527905698764,False
2324,2024-01-20,Darmstadt,Ein Frankfurt,1,True,18,0.529665743394333,0.2781393964318706,0.1921948601737964,0.529665743394333,0.2781393964318706,0.1921948601737964,0.529665743394333,0.2781393964318706,0.1921948601737964,0.4314106963147091,0.2709376853051953,0.2976516183800956,False
2324,2024-01-20,FC Koln,Dortmund,0,False,0,0.537758719318583,0.23086714154822116,0.2313741391331959,0.537758719318583,0.23086714154822116,0.2313741391331959,0.537758719318583,0.23086714154822116,0.2313741391331959,0.537758719318583,0.23086714154822116,0.2313741391331959,False
2324,2024-01-21,Bayern Munich,Werder Bremen,0,False,0,0.048928768127518577,0.10535112632378649,0.8457201055486949,0.048928768127518577,0.10535112632378649,0.8457201055486949,0.048928768127518577,0.10535112632378649,0.8457201055486949,0.048928768127518577,0.10535112632378649,0.8457201055486949,False
2324,2024-01-21,M'gladbach,Augsburg,0,False,0,0.1814115330836994,0.2391431253993464,0.5794453415169543,0.1814115330836994,0.2391431253993464,0.5794453415169543,0.1814115330836994,0.2391431253993464,0.5794453415169543,0.1814115330836994,0.2391431253993464,0.5794453415169543,False
2324,2024-01-24,Bayern Munich,Union Berlin,2,False,0,0.10602862028557024,0.18783380028178148,0.7061375794326483,0.10602862028557024,0.18783380028178148,0.7061375794326483,0.10602862028557024,0.18783380028178148,0.7061375794326483,0.10602862028557024,0.18783380028178148,0.7061375794326483,False
2324,2024-01-26,Ein Frankfurt,Mainz,2,False,0,0.23439113389474636,0.25866237185915897,0.5069464942460946,0.23439113389474636,0.25866237185915897,0.5069464942460946,0.23439113389474636,0.25866237185915897,0.5069464942460946,0.23439113389474636,0.25866237185915897,0.5069464942460946,False
2324,2024-01-27,Augsburg,Bayern Munich,0,False,0,0.7041183944992191,0.18256373922309488,0.11331786627768609,0.7041183944992191,0.18256373922309488,0.11331786627768609,0.7041183944992191,0.18256373922309488,0.11331786627768609,0.7041183944992191,0.18256373922309488,0.11331786627768609,False
2324,2024-01-27,Hoffenheim,Heidenheim,1,True,19,0.3,0.26,0.44,0.3,0.26,0.44,0.3,0.26,0.44,0.17828836856717167,0.22981659076320357,0.5918950406696248,False
2324,2024-01-27,Stuttgart,RB Leipzig,2,False,0,0.5227127561241942,0.2653845630057192,0.21190268087008665,0.5227127561241942,0.2653845630057192,0.21190268087008665,0.5227127561241942,0.2653845630057192,0.21190268087008665,0.5227127561241942,0.2653845630057192,0.21190268087008665,False
2324,2024-01-27,Werder Bremen,Freiburg,2,False,0,0.3678340110526027,0.2821270407264604,0.35003894822093695,0.3678340110526027,0.2821270407264604,0.35003894822093695,0.3678340110526027,0.2821270407264604,0.35003894822093695,0.3678340110526027,0.2821270407264604,0.35003894822093695,False
2324,2024-01-27,Wolfsburg,FC Koln,1,False,0,0.2086168411995033,0.2591757598621655,0.5322073989383311,0.2086168411995033,0.2591757598621655,0.5322073989383311,0.2086168411995033,0.2591757598621655,0.5322073989383311,0.2086168411995033,0.2591757598621655,0.5322073989383311,False
2324,2024-01-27,Leverkusen,M'gladbach,1,False,0,0.20551736365147266,0.23208013435123992,0.5624025019972875,0.20551736365147266,0.23208013435123992,0.5624025019972875,0.20551736365147266,0.23208013435123992,0.5624025019972875,0.20551736365147266,0.23208013435123992,0.5624025019972875,False
2324,2024-01-28,Dortmund,Bochum,2,False,0,0.06604771086285516,0.12878924005859685,0.805163049078548,0.06604771086285516,0.12878924005859685,0.805163049078548,0.06604771086285516,0.12878924005859685,0.805163049078548,0.06604771086285516,0.12878924005859685,0.805163049078548,False
2324,2024-01-28,Union Berlin,Darmstadt,2,True,19,0.0894396976543337,0.22905279284125457,0.6815075095044117,0.0894396976543337,0.22905279284125457,0.6815075095044117,0.0894396976543337,0.22905279284125457,0.6815075095044117,0.14398093875379728,0.24394929863660283,0.6120697626096,False
2324,2024-02-02,Heidenheim,Dortmund,1,True,20,0.3,0.26,0.44,0.3,0.26,0.44,0.3,0.26,0.44,0.633749705188813,0.20284656657982683,0.1634037282313602,False
2324,2024-02-03,Freiburg,Stuttgart,0,False,0,0.20102931950965036,0.2617458445077997,0.5372248359825499,0.20102931950965036,0.2617458445077997,0.5372248359825499,0.20102931950965036,0.2617458445077997,0.5372248359825499,0.20102931950965036,0.2617458445077997,0.5372248359825499,False
2324,2024-02-03,Mainz,Werder Bremen,0,False,0,0.23500218224141245,0.26136302537283446,0.5036347923857531,0.23500218224141245,0.26136302537283446,0.5036347923857531,0.23500218224141245,0.26136302537283446,0.5036347923857531,0.23500218224141245,0.26136302537283446,0.5036347923857531,False
2324,2024-02-03,FC Koln,Ein Frankfurt,2,False,0,0.3441918035734183,0.2748398122997074,0.3809683841268744,0.3441918035734183,0.2748398122997074,0.3809683841268744,0.3441918035734183,0.2748398122997074,0.3809683841268744,0.3441918035734183,0.2748398122997074,0.3809683841268744,False
2324,2024-02-03,Bochum,Augsburg,1,False,0,0.2980233176017071,0.29103951245094045,0.4109371699473525,0.2980233176017071,0.29103951245094045,0.4109371699473525,0.2980233176017071,0.29103951245094045,0.4109371699473525,0.2980233176017071,0.29103951245094045,0.4109371699473525,False
2324,2024-02-03,Bayern Munich,M'gladbach,2,False,0,0.08016783323362209,0.1364055356150986,0.7834266311512793,0.08016783323362209,0.1364055356150986,0.7834266311512793,0.08016783323362209,0.1364055356150986,0.7834266311512793,0.08016783323362209,0.1364055356150986,0.7834266311512793,False
2324,2024-02-03,Darmstadt,Leverkusen,0,True,20,0.6052835525196684,0.2493461654925698,0.14537028198776192,0.6052835525196684,0.2493461654925698,0.14537028198776192,0.6052835525196684,0.2493461654925698,0.14537028198776192,0.5134324959380109,0.2545872374854111,0.231980266576578,False
2324,2024-02-04,RB Leipzig,Union Berlin,2,False,0,0.17358232148583738,0.2665997647708284,0.5598179137433342,0.17358232148583738,0.2665997647708284,0.5598179137433342,0.17358232148583738,0.2665997647708284,0.5598179137433342,0.17358232148583738,0.2665997647708284,0.5598179137433342,False
2324,2024-02-04,Wolfsburg,Hoffenheim,1,False,0,0.2399349397518596,0.25602203343203345,0.5040430268161069,0.2399349397518596,0.25602203343203345,0.5040430268161069,0.2399349397518596,0.25602203343203345,0.5040430268161069,0.2399349397518596,0.25602203343203345,0.5040430268161069,False
2324,2024-02-07,Mainz,Union Berlin,1,False,0,0.33721551467674205,0.3045161619905906,0.3582683233326674,0.33721551467674205,0.3045161619905906,0.3582683233326674,0.33721551467674205,0.3045161619905906,0.3582683233326674,0.33721551467674205,0.3045161619905906,0.3582683233326674,False
2324,2024-02-09,Dortmund,Freiburg,2,False,0,0.14752283367076163,0.19824483980761962,0.6542323265216188,0.14752283367076163,0.19824483980761962,0.6542323265216188,0.14752283367076163,0.19824483980761962,0.6542323265216188,0.14752283367076163,0.19824483980761962,0.6542323265216188,False
2324,2024-02-10,Werder Bremen,Heidenheim,0,True,21,0.3,0.26,0.44,0.3,0.26,0.44,0.3,0.26,0.44,0.2305230062306161,0.2585972002958497,0.5108797934735343,False
2324,2024-02-10,Union Berlin,Wolfsburg,2,False,0,0.2596919957262388,0.2966028805999334,0.4437051236738278,0.2596919957262388,0.2966028805999334,0.4437051236738278,0.2596919957262388,0.2966028805999334,0.4437051236738278,0.2596919957262388,0.2966028805999334,0.4437051236738278,False
2324,2024-02-10,M'gladbach,Darmstadt,1,True,21,0.09932184585152953,0.20713796728415718,0.6935401868643133,0.09932184585152953,0.20713796728415718,0.6935401868643133,0.09932184585152953,0.20713796728415718,0.6935401868643133,0.1643111091882441,0.22261605365364662,0.6130728371581093,False
2324,2024-02-10,Leverkusen,Bayern Munich,2,False,0,0.49737101986034465,0.23653982419470346,0.2660891559449519,0.49737101986034465,0.23653982419470346,0.2660891559449519,0.49737101986034465,0.23653982419470346,0.2660891559449519,0.49737101986034465,0.23653982419470346,0.2660891559449519,False
2324,2024-02-10,Augsburg,RB Leipzig,1,False,0,0.554995870235225,0.25913559555254373,0.18586853421223123,0.554995870235225,0.25913559555254373,0.18586853421223123,0.554995870235225,0.25913559555254373,0.18586853421223123,0.554995870235225,0.25913559555254373,0.18586853421223123,False
2324,2024-02-10,Ein Frankfurt,Bochum,1,False,0,0.15453514912249192,0.22586648044533467,0.6195983704321734,0.15453514912249192,0.22586648044533467,0.6195983704321734,0.15453514912249192,0.22586648044533467,0.6195983704321734,0.15453514912249192,0.22586648044533467,0.6195983704321734,False
2324,2024-02-11,Hoffenheim,FC Koln,1,False,0,0.24544199231358063,0.2550442533311214,0.49951375435529805,0.24544199231358063,0.2550442533311214,0.49951375435529805,0.24544199231358063,0.2550442533311214,0.49951375435529805,0.24544199231358063,0.2550442533311214,0.49951375435529805,False
2324,2024-02-11,Stuttgart,Mainz,2,False,0,0.315324163856642,0.28542928691886543,0.39924654922449254,0.315324163856642,0.28542928691886543,0.39924654922449254,0.315324163856642,0.28542928691886543,0.39924654922449254,0.315324163856642,0.28542928691886543,0.39924654922449254,False
2324,2024-02-16,FC Koln,Werder Bremen,0,False,0,0.2513625511153878,0.26448549067928057,0.48415195820533163,0.2513625511153878,0.26448549067928057,0.48415195820533163,0.2513625511153878,0.26448549067928057,0.48415195820533163,0.2513625511153878,0.26448549067928057,0.48415195820533163,False
2324,2024-02-17,Wolfsburg,Dortmund,1,False,0,0.4416273248269647,0.2495554918526126,0.3088171833204228,0.4416273248269647,0.2495554918526126,0.3088171833204228,0.4416273248269647,0.2495554918526126,0.3088171833204228,0.4416273248269647,0.2495554918526126,0.3088171833204228,False
2324,2024-02-17,RB Leipzig,M'gladbach,2,False,0,0.14683870392419907,0.21624669152538337,0.6369146045504176,0.14683870392419907,0.21624669152538337,0.6369146045504176,0.14683870392419907,0.21624669152538337,0.6369146045504176,0.14683870392419907,0.21624669152538337,0.6369146045504176,False
2324,2024-02-17,Mainz,Augsburg,2,False,0,0.20958719443135643,0.2664654640998889,0.5239473414687545,0.20958719443135643,0.2664654640998889,0.5239473414687545,0.20958719443135643,0.2664654640998889,0.5239473414687545,0.20958719443135643,0.2664654640998889,0.5239473414687545,False
2324,2024-02-17,Heidenheim,Leverkusen,0,True,22,0.3,0.26,0.44,0.3,0.26,0.44,0.3,0.26,0.44,0.5134324959380109,0.2545872374854111,0.231980266576578,False
2324,2024-02-17,Darmstadt,Stuttgart,0,True,22,0.4278502035018018,0.3124939162785712,0.259655880219627,0.4278502035018018,0.3124939162785712,0.259655880219627,0.4278502035018018,0.3124939162785712,0.259655880219627,0.32993972700055124,0.28512356925811355,0.38493670374133526,False
2324,2024-02-17,Hoffenheim,Union Berlin,0,False,0,0.3263753926189146,0.2893328639826148,0.38429174339847066,0.3263753926189146,0.2893328639826148,0.38429174339847066,0.3263753926189146,0.2893328639826148,0.38429174339847066,0.3263753926189146,0.2893328639826148,0.38429174339847066,False
2324,2024-02-18,Bochum,Bayern Munich,2,False,0,0.7360512938064366,0.1661379849932396,0.09781072120032379,0.7360512938064366,0.1661379849932396,0.09781072120032379,0.7360512938064366,0.1661379849932396,0.09781072120032379,0.7360512938064366,0.1661379849932396,0.09781072120032379,False
2324,2024-02-18,Freiburg,Ein Frankfurt,1,False,0,0.2794486195696306,0.27298692553995324,0.44756445489041624,0.2794486195696306,0.27298692553995324,0.44756445489041624,0.2794486195696306,0.27298692553995324,0.44756445489041624,0.2794486195696306,0.27298692553995324,0.44756445489041624,False
2324,2024-02-23,Leverkusen,Mainz,2,False,0,0.1769779072504764,0.23383952657286902,0.5891825661766545,0.1769779072504764,0.23383952657286902,0.5891825661766545,0.1769779072504764,0.23383952657286902,0.5891825661766545,0.1769779072504764,0.23383952657286902,0.5891825661766545,False
2324,2024-02-24,Bayern Munich,RB Leipzig,2,False,0,0.1867627821996664,0.22438739532920796,0.5888498224711257,0.1867627821996664,0.22438739532920796,0.5888498224711257,0.1867627821996664,0.22438739532920796,0.5888498224711257,0.1867627821996664,0.22438739532920796,0.5888498224711257,False
2324,2024-02-24,M'gladbach,Bochum,2,False,0,0.16166640759150494,0.22498560152657868,0.6133479908819164,0.16166640759150494,0.22498560152657868,0.6133479908819164,0.16166640759150494,0.22498560152657868,0.6133479908819164,0.16166640759150494,0.22498560152657868,0.6133479908819164,False
2324,2024-02-24,Stuttgart,FC Koln,1,False,0,0.2980812606116532,0.2821760690047424,0.4197426703836044,0.2980812606116532,0.2821760690047424,0.4197426703836044,0.2980812606116532,0.2821760690047424,0.4197426703836044,0.2980812606116532,0.2821760690047424,0.4197426703836044,False
2324,2024-02-24,Werder Bremen,Darmstadt,1,True,23,0.14500015341166905,0.2536363963486899,0.6013634502396411,0.14500015341166905,0.2536363963486899,0.6013634502396411,0.14500015341166905,0.2536363963486899,0.6013634502396411,0.2305230062306161,0.2585972002958497,0.5108797934735343,False
2324,2024-02-24,Union Berlin,Heidenheim,1,True,23,0.3,0.26,0.44,0.3,0.26,0.44,0.3,0.26,0.44,0.14398093875379728,0.24394929863660283,0.6120697626096,False
2324,2024-02-25,Augsburg,Freiburg,2,False,0,0.39116774630542667,0.2936914923795469,0.31514076131502644,0.39116774630542667,0.2936914923795469,0.31514076131502644,0.39116774630542667,0.2936914923795469,0.31514076131502644,0.39116774630542667,0.2936914923795469,0.31514076131502644,False
2324,2024-02-25,Dortmund,Hoffenheim,0,False,0,0.12535701220784384,0.16830644503735637,0.7063365427547998,0.12535701220784384,0.16830644503735637,0.7063365427547998,0.12535701220784384,0.16830644503735637,0.7063365427547998,0.12535701220784384,0.16830644503735637,0.7063365427547998,False
2324,2024-02-25,Ein Frankfurt,Wolfsburg,1,False,0,0.2889393549148307,0.2721443720039468,0.43891627308122255,0.2889393549148307,0.2721443720039468,0.43891627308122255,0.2889393549148307,0.2721443720039468,0.43891627308122255,0.2889393549148307,0.2721443720039468,0.43891627308122255,False
2324,2024-03-01,Freiburg,Bayern Munich,1,False,0,0.5719769245559969,0.22994834265620637,0.19807473278779675,0.5719769245559969,0.22994834265620637,0.19807473278779675,0.5719769245559969,0.22994834265620637,0.19807473278779675,0.5719769245559969,0.22994834265620637,0.19807473278779675,False
2324,2024-03-02,Mainz,M'gladbach,1,False,0,0.31527882906159765,0.2691704794249925,0.41555069151340973,0.31527882906159765,0.2691704794249925,0.41555069151340973,0.31527882906159765,0.2691704794249925,0.41555069151340973,0.31527882906159765,0.2691704794249925,0.41555069151340973,False
2324,2024-03-02,Union Berlin,Dortmund,0,False,0,0.41486701128710723,0.26838261657645307,0.31675037213643964,0.41486701128710723,0.26838261657645307,0.31675037213643964,0.41486701128710723,0.26838261657645307,0.31675037213643964,0.41486701128710723,0.26838261657645307,0.31675037213643964,False
2324,2024-03-02,Wolfsburg,Stuttgart,0,False,0,0.1900782863669226,0.25445840377398693,0.5554633098590904,0.1900782863669226,0.25445840377398693,0.5554633098590904,0.1900782863669226,0.25445840377398693,0.5554633098590904,0.1900782863669226,0.25445840377398693,0.5554633098590904,False
2324,2024-03-02,Heidenheim,Ein Frankfurt,0,True,24,0.3,0.26,0.44,0.3,0.26,0.44,0.3,0.26,0.44,0.4314106963147091,0.2709376853051953,0.2976516183800956,False
2324,2024-03-02,Bochum,RB Leipzig,0,False,0,0.5878762098888801,0.2453084092980798,0.16681538081304004,0.5878762098888801,0.2453084092980798,0.16681538081304004,0.5878762098888801,0.2453084092980798,0.16681538081304004,0.5878762098888801,0.2453084092980798,0.16681538081304004,False
2324,2024-03-02,Darmstadt,Augsburg,0,True,24,0.3912859733082156,0.32214031756601713,0.28657370912576735,0.3912859733082156,0.32214031756601713,0.28657370912576735,0.3912859733082156,0.32214031756601713,0.28657370912576735,0.29526272373678153,0.2866331120391603,0.4181041642240582,False
2324,2024-03-03,FC Koln,Leverkusen,0,False,0,0.4221036240872957,0.27023873182188146,0.30765764409082286,0.4221036240872957,0.27023873182188146,0.30765764409082286,0.4221036240872957,0.27023873182188146,0.30765764409082286,0.4221036240872957,0.27023873182188146,0.30765764409082286,False
2324,2024-03-03,Hoffenheim,Werder Bremen,2,False,0,0.2205761125446128,0.24181266864261242,0.5376112188127748,0.2205761125446128,0.24181266864261242,0.5376112188127748,0.2205761125446128,0.24181266864261242,0.5376112188127748,0.2205761125446128,0.24181266864261242,0.5376112188127748,False
2324,2024-03-08,Stuttgart,Union Berlin,2,False,0,0.37750381449893267,0.30530820399942227,0.317187981501645,0.37750381449893267,0.30530820399942227,0.317187981501645,0.37750381449893267,0.30530820399942227,0.317187981501645,0.37750381449893267,0.30530820399942227,0.317187981501645,False
2324,2024-03-09,Augsburg,Heidenheim,2,True,25,0.3,0.26,0.44,0.3,0.26,0.44,0.3,0.26,0.44,0.25451020397981416,0.27906407293714736,0.46642572308303853,False
2324,2024-03-09,Bayern Munich,Mainz,2,False,0,0.06762250401393356,0.13326130639483766,0.7991161895912288,0.06762250401393356,0.13326130639483766,0.7991161895912288,0.06762250401393356,0.13326130639483766,0.7991161895912288,0.06762250401393356,0.13326130639483766,0.7991161895912288,False
2324,2024-03-09,M'gladbach,FC Koln,1,False,0,0.22858460120842486,0.25018322902892387,0.5212321697626513,0.22858460120842486,0.25018322902892387,0.5212321697626513,0.22858460120842486,0.25018322902892387,0.5212321697626513,0.22858460120842486,0.25018322902892387,0.5212321697626513,False
2324,2024-03-09,RB Leipzig,Darmstadt,2,True,25,0.045042203926633884,0.14682317058098884,0.8081346254923772,0.045042203926633884,0.14682317058098884,0.8081346254923772,0.045042203926633884,0.14682317058098884,0.8081346254923772,0.07692545075231833,0.16693049733832474,0.7561440519093569,False
2324,2024-03-09,Werder Bremen,Dortmund,0,False,0,0.5776874951883635,0.2166990064683659,0.20561349834327075,0.5776874951883635,0.2166990064683659,0.20561349834327075,0.5776874951883635,0.2166990064683659,0.20561349834327075,0.5776874951883635,0.2166990064683659,0.20561349834327075,False
2324,2024-03-10,Bochum,Freiburg,0,False,0,0.4216118606242352,0.28717424105575934,0.2912138983200053,0.4216118606242352,0.28717424105575934,0.2912138983200053,0.4216118606242352,0.28717424105575934,0.2912138983200053,0.4216118606242352,0.28717424105575934,0.2912138983200053,False
2324,2024-03-10,Ein Frankfurt,Hoffenheim,2,False,0,0.25196940231773624,0.2486817290109866,0.49934886867127715,0.25196940231773624,0.2486817290109866,0.49934886867127715,0.25196940231773624,0.2486817290109866,0.49934886867127715,0.25196940231773624,0.2486817290109866,0.49934886867127715,False
2324,2024-03-10,Leverkusen,Wolfsburg,2,False,0,0.22465980461300392,0.2547315678852176,0.5206086275017785,0.22465980461300392,0.2547315678852176,0.5206086275017785,0.22465980461300392,0.2547315678852176,0.5206086275017785,0.22465980461300392,0.2547315678852176,0.5206086275017785,False
2324,2024-03-15,FC Koln,RB Leipzig,0,False,0,0.499274609678684,0.2690319094121077,0.23169348090920833,0.499274609678684,0.2690319094121077,0.23169348090920833,0.499274609678684,0.2690319094121077,0.23169348090920833,0.499274609678684,0.2690319094121077,0.23169348090920833,False
2324,2024-03-16,Wolfsburg,Augsburg,0,False,0,0.16584559996572953,0.24685617963249812,0.5872982204017723,0.16584559996572953,0.24685617963249812,0.5872982204017723,0.16584559996572953,0.24685617963249812,0.5872982204017723,0.16584559996572953,0.24685617963249812,0.5872982204017723,False
2324,2024-03-16,Mainz,Bochum,2,False,0,0.18917377131228366,0.2538676375812647,0.5569585911064517,0.18917377131228366,0.2538676375812647,0.5569585911064517,0.18917377131228366,0.2538676375812647,0.5569585911064517,0.18917377131228366,0.2538676375812647,0.5569585911064517,False
2324,2024-03-16,Union Berlin,Werder Bremen,2,False,0,0.1776789822618619,0.2584886978146647,0.5638323199234734,0.1776789822618619,0.2584886978146647,0.5638323199234734,0.1776789822618619,0.2584886978146647,0.5638323199234734,0.1776789822618619,0.2584886978146647,0.5638323199234734,False
2324,2024-03-16,Heidenheim,M'gladbach,1,True,26,0.3,0.26,0.44,0.3,0.26,0.44,0.3,0.26,0.44,0.4224529558147615,0.26730604821809845,0.31024099596714005,False
2324,2024-03-16,Hoffenheim,Stuttgart,0,False,0,0.2240614268087383,0.2516732964916163,0.5242652766996453,0.2240614268087383,0.2516732964916163,0.5242652766996453,0.2240614268087383,0.2516732964916163,0.5242652766996453,0.2240614268087383,0.2516732964916163,0.5242652766996453,False
2324,2024-03-16,Darmstadt,Bayern Munich,0,True,26,0.800308850110073,0.14305397835403788,0.056637171535889055,0.800308850110073,0.14305397835403788,0.056637171535889055,0.800308850110073,0.14305397835403788,0.056637171535889055,0.7366679435810392,0.16415166880065954,0.0991803876183013,False
2324,2024-03-17,Dortmund,Ein Frankfurt,2,False,0,0.14720223243244845,0.18656705941466728,0.6662307081528842,0.14720223243244845,0.18656705941466728,0.6662307081528842,0.14720223243244845,0.18656705941466728,0.6662307081528842,0.14720223243244845,0.18656705941466728,0.6662307081528842,False
2324,2024-03-17,Freiburg,Leverkusen,0,False,0,0.35070397011079607,0.2778824951117167,0.3714135347774872,0.35070397011079607,0.2778824951117167,0.3714135347774872,0.35070397011079607,0.2778824951117167,0.3714135347774872,0.35070397011079607,0.2778824951117167,0.3714135347774872,False
2324,2024-03-30,Bayern Munich,Dortmund,0,False,0,0.18609666696879235,0.18937101718208546,0.6245323158491223,0.18609666696879235,0.18937101718208546,0.6245323158491223,0.18609666696879235,0.18937101718208546,0.6245323158491223,0.18609666696879235,0.18937101718208546,0.6245323158491223,False
2324,2024-03-30,Ein Frankfurt,Union Berlin,1,False,0,0.29586643436737786,0.2918626264470222,0.4122709391856,0.29586643436737786,0.2918626264470222,0.4122709391856,0.29586643436737786,0.2918626264470222,0.4122709391856,0.29586643436737786,0.2918626264470222,0.4122709391856,False
2324,2024-03-30,Leverkusen,Hoffenheim,2,False,0,0.18987588542867678,0.2254729446223244,0.5846511699489989,0.18987588542867678,0.2254729446223244,0.5846511699489989,0.18987588542867678,0.2254729446223244,0.5846511699489989,0.18987588542867678,0.2254729446223244,0.5846511699489989,False
2324,2024-03-30,M'gladbach,Freiburg,0,False,0,0.28640339901076606,0.2689097418559808,0.44468685913325307,0.28640339901076606,0.2689097418559808,0.44468685913325307,0.28640339901076606,0.2689097418559808,0.44468685913325307,0.28640339901076606,0.2689097418559808,0.44468685913325307,False
2324,2024-03-30,RB Leipzig,Mainz,1,False,0,0.12615897676052246,0.21562557860451798,0.6582154446349595,0.12615897676052246,0.21562557860451798,0.6582154446349595,0.12615897676052246,0.21562557860451798,0.6582154446349595,0.12615897676052246,0.21562557860451798,0.6582154446349595,False
2324,2024-03-30,Werder Bremen,Wolfsburg,0,False,0,0.3843967193885209,0.2793421214016437,0.3362611592098354,0.3843967193885209,0.2793421214016437,0.3362611592098354,0.3843967193885209,0.2793421214016437,0.3362611592098354,0.3843967193885209,0.2793421214016437,0.3362611592098354,False
2324,2024-03-31,Augsburg,FC Koln,1,False,0,0.32950548570636295,0.2897620719954882,0.38073244229814884,0.32950548570636295,0.2897620719954882,0.38073244229814884,0.32950548570636295,0.2897620719954882,0.38073244229814884,0.32950548570636295,0.2897620719954882,0.38073244229814884,False
2324,2024-03-31,Bochum,Darmstadt,1,True,27,0.18096357130382276,0.28567981387578967,0.5333566148203875,0.18096357130382276,0.28567981387578967,0.5333566148203875,0.18096357130382276,0.28567981387578967,0.5333566148203875,0.2793315230320496,0.2803166127298351,0.4403518642381154,False
2324,2024-03-31,Stuttgart,Heidenheim,1,True,27,0.3,0.26,0.44,0.3,0.26,0.44,0.3,0.26,0.44,0.22600165289143093,0.26603524579402205,0.5079631013145471,False
2324,2024-04-05,Ein Frankfurt,Werder Bremen,1,False,0,0.19549431983945048,0.23744223316878063,0.5670634469917689,0.19549431983945048,0.23744223316878063,0.5670634469917689,0.19549431983945048,0.23744223316878063,0.5670634469917689,0.19549431983945048,0.23744223316878063,0.5670634469917689,False
2324,2024-04-06,Union Berlin,Leverkusen,0,False,0,0.3168028787234462,0.29206354135296897,0.39113357992358483,0.3168028787234462,0.29206354135296897,0.39113357992358483,0.3168028787234462,0.29206354135296897,0.39113357992358483,0.3168028787234462,0.29206354135296897,0.39113357992358483,False
2324,2024-04-06,Heidenheim,Bayern Munich,2,True,28,0.3,0.26,0.44,0.3,0.26,0.44,0.3,0.26,0.44,0.7366679435810392,0.16415166880065954,0.0991803876183013,False
2324,2024-04-06,Mainz,Darmstadt,2,True,28,0.1197708699544283,0.24092525969514192,0.6393038703504298,0.1197708699544283,0.24092525969514192,0.6393038703504298,0.1197708699544283,0.24092525969514192,0.6393038703504298,0.19234447737197652,0.25124898036722776,0.5564065422607958,False
2324,2024-04-06,FC Koln,Bochum,2,False,0,0.20320567899014855,0.25856832568104965,0.5382259953288019,0.20320567899014855,0.25856832568104965,0.5382259953288019,0.20320567899014855,0.25856832568104965,0.5382259953288019,0.20320567899014855,0.25856832568104965,0.5382259953288019,False
2324,2024-04-06,Dortmund,Stuttgart,0,False,0,0.09380911755861762,0.15661403030442786,0.7495768521369545,0.09380911755861762,0.15661403030442786,0.7495768521369545,0.09380911755861762,0.15661403030442786,0.7495768521369545,0.09380911755861762,0.15661403030442786,0.7495768521369545,False
2324,2024-04-06,Freiburg,RB Leipzig,0,False,0,0.4263375336723234,0.2867603719867149,0.28690209434096164,0.4263375336723234,0.2867603719867149,0.28690209434096164,0.4263375336723234,0.2867603719867149,0.28690209434096164,0.4263375336723234,0.2867603719867149,0.28690209434096164,False
2324,2024-04-07,Hoffenheim,Augsburg,2,False,0,0.19593151884250137,0.2457059063162441,0.5583625748412546,0.19593151884250137,0.2457059063162441,0.5583625748412546,0.19593151884250137,0.2457059063162441,0.5583625748412546,0.19593151884250137,0.2457059063162441,0.5583625748412546,False
2324,2024-04-07,Wolfsburg,M'gladbach,0,False,0,0.257077649720256,0.2606293979794206,0.4822929523003235,0.257077649720256,0.2606293979794206,0.4822929523003235,0.257077649720256,0.2606293979794206,0.4822929523003235,0.257077649720256,0.2606293979794206,0.4822929523003235,False
2324,2024-04-12,Augsburg,Union Berlin,2,False,0,0.4084666130660037,0.30676167500656754,0.2847717119274288,0.4084666130660037,0.30676167500656754,0.2847717119274288,0.4084666130660037,0.30676167500656754,0.2847717119274288,0.4084666130660037,0.30676167500656754,0.2847717119274288,False
2324,2024-04-13,Stuttgart,Ein Frankfurt,2,False,0,0.3679549464664036,0.2780367639092755,0.35400828962432085,0.3679549464664036,0.2780367639092755,0.35400828962432085,0.3679549464664036,0.2780367639092755,0.35400828962432085,0.3679549464664036,0.2780367639092755,0.35400828962432085,False
2324,2024-04-13,Mainz,Hoffenheim,2,False,0,0.29631436310323883,0.2667956458989421,0.4368899909978191,0.29631436310323883,0.2667956458989421,0.4368899909978191,0.29631436310323883,0.2667956458989421,0.4368899909978191,0.29631436310323883,0.2667956458989421,0.4368899909978191,False
2324,2024-04-13,RB Leipzig,Wolfsburg,2,False,0,0.1639532265110021,0.24215145059785312,0.5938953228911449,0.1639532265110021,0.24215145059785312,0.5938953228911449,0.1639532265110021,0.24215145059785312,0.5938953228911449,0.1639532265110021,0.24215145059785312,0.5938953228911449,False
2324,2024-04-13,Bochum,Heidenheim,1,True,29,0.3,0.26,0.44,0.3,0.26,0.44,0.3,0.26,0.44,0.2793315230320496,0.2803166127298351,0.4403518642381154,False
2324,2024-04-13,Bayern Munich,FC Koln,2,False,0,0.060150101262649164,0.12336976784179943,0.8164801308955514,0.060150101262649164,0.12336976784179943,0.8164801308955514,0.060150101262649164,0.12336976784179943,0.8164801308955514,0.060150101262649164,0.12336976784179943,0.8164801308955514,False
2324,2024-04-13,M'gladbach,Dortmund,0,False,0,0.48082099491461844,0.23146623320807616,0.2877127718773054,0.48082099491461844,0.23146623320807616,0.2877127718773054,0.48082099491461844,0.23146623320807616,0.2877127718773054,0.48082099491461844,0.23146623320807616,0.2877127718773054,False
2324,2024-04-14,Darmstadt,Freiburg,0,True,29,0.5137974322505081,0.292738560785099,0.19346400696439292,0.5137974322505081,0.292738560785099,0.19346400696439292,0.5137974322505081,0.292738560785099,0.19346400696439292,0.4197892595138321,0.28383262127605047,0.29637811921011753,False
2324,2024-04-14,Leverkusen,Werder Bremen,2,False,0,0.1432276478407224,0.20775041891538976,0.6490219332438878,0.1432276478407224,0.20775041891538976,0.6490219332438878,0.1432276478407224,0.20775041891538976,0.6490219332438878,0.1432276478407224,0.20775041891538976,0.6490219332438878,False
2324,2024-04-19,Ein Frankfurt,Augsburg,2,False,0,0.17353668982533893,0.24037428188501445,0.5860890282896467,0.17353668982533893,0.24037428188501445,0.5860890282896467,0.17353668982533893,0.24037428188501445,0.5860890282896467,0.17353668982533893,0.24037428188501445,0.5860890282896467,False
2324,2024-04-20,Wolfsburg,Bochum,2,False,0,0.14784080637952368,0.2320281241727161,0.6201310694477603,0.14784080637952368,0.2320281241727161,0.6201310694477603,0.14784080637952368,0.2320281241727161,0.6201310694477603,0.14784080637952368,0.2320281241727161,0.6201310694477603,False
2324,2024-04-20,FC Koln,Darmstadt,0,True,30,0.12934612546071766,0.2476233642006803,0.6230305103386021,0.12934612546071766,0.2476233642006803,0.6230305103386021,0.12934612546071766,0.2476233642006803,0.6230305103386021,0.20666513062174274,0.25587909494895406,0.5374557744293031,False
2324,2024-04-20,Heidenheim,RB Leipzig,0,True,30,0.3,0.26,0.44,0.3,0.26,0.44,0.3,0.26,0.44,0.5876911745250277,0.24278622693481824,0.16952259854015406,False
2324,2024-04-20,Hoffenheim,M'gladbach,2,False,0,0.3013171779146859,0.25304373799222707,0.4456390840930871,0.3013171779146859,0.25304373799222707,0.4456390840930871,0.3013171779146859,0.25304373799222707,0.4456390840930871,0.3013171779146859,0.25304373799222707,0.4456390840930871,False
2324,2024-04-20,Union Berlin,Bayern Munich,0,False,0,0.5247642560777431,0.25454769070886835,0.22068805321338858,0.5247642560777431,0.25454769070886835,0.22068805321338858,0.5247642560777431,0.25454769070886835,0.22068805321338858,0.5247642560777431,0.25454769070886835,0.22068805321338858,False
2324,2024-04-21,Werder Bremen,Stuttgart,2,False,0,0.2811285749477535,0.2739310818397241,0.4449403432125225,0.2811285749477535,0.2739310818397241,0.4449403432125225,0.2811285749477535,0.2739310818397241,0.4449403432125225,0.2811285749477535,0.2739310818397241,0.4449403432125225,False
2324,2024-04-21,Dortmund,Leverkusen,1,False,0,0.20428289102695088,0.21209722573191878,0.5836198832411305,0.20428289102695088,0.21209722573191878,0.5836198832411305,0.20428289102695088,0.21209722573191878,0.5836198832411305,0.20428289102695088,0.21209722573191878,0.5836198832411305,False
2324,2024-04-21,Freiburg,Mainz,1,False,0,0.2352204501246751,0.2722411696055714,0.49253838026975355,0.2352204501246751,0.2722411696055714,0.49253838026975355,0.2352204501246751,0.2722411696055714,0.49253838026975355,0.2352204501246751,0.2722411696055714,0.49253838026975355,False
2324,2024-04-26,Bochum,Hoffenheim,2,False,0,0.40371174343127464,0.272396775681781,0.3238914808869443,0.40371174343127464,0.272396775681781,0.3238914808869443,0.40371174343127464,0.272396775681781,0.3238914808869443,0.40371174343127464,0.272396775681781,0.3238914808869443,False
2324,2024-04-27,Augsburg,Werder Bremen,0,False,0,0.3038238036051355,0.28198527529516093,0.41419092109970357,0.3038238036051355,0.28198527529516093,0.41419092109970357,0.3038238036051355,0.28198527529516093,0.41419092109970357,0.3038238036051355,0.28198527529516093,0.41419092109970357,False
2324,2024-04-27,Bayern Munich,Ein Frankfurt,2,False,0,0.08685248441830597,0.14661624505616386,0.7665312705255302,0.08685248441830597,0.14661624505616386,0.7665312705255302,0.08685248441830597,0.14661624505616386,0.7665312705255302,0.08685248441830597,0.14661624505616386,0.7665312705255302,False
2324,2024-04-27,Freiburg,Wolfsburg,0,False,0,0.287899581274832,0.2851453010462294,0.42695511767893857,0.287899581274832,0.2851453010462294,0.42695511767893857,0.287899581274832,0.2851453010462294,0.42695511767893857,0.287899581274832,0.2851453010462294,0.42695511767893857,False
2324,2024-04-27,Leverkusen,Stuttgart,1,False,0,0.14738793996619073,0.2186298723900081,0.6339821876438011,0.14738793996619073,0.2186298723900081,0.6339821876438011,0.14738793996619073,0.2186298723900081,0.6339821876438011,0.14738793996619073,0.2186298723900081,0.6339821876438011,False
2324,2024-04-27,RB Leipzig,Dortmund,2,False,0,0.2859956866087645,0.24789495291140365,0.46610936047983187,0.2859956866087645,0.24789495291140365,0.46610936047983187,0.2859956866087645,0.24789495291140365,0.46610936047983187,0.2859956866087645,0.24789495291140365,0.46610936047983187,False
2324,2024-04-28,M'gladbach,Union Berlin,1,False,0,0.308006556127064,0.28795839093073505,0.4040350529422009,0.308006556127064,0.28795839093073505,0.4040350529422009,0.308006556127064,0.28795839093073505,0.4040350529422009,0.308006556127064,0.28795839093073505,0.4040350529422009,False
2324,2024-04-28,Darmstadt,Heidenheim,0,True,31,0.3,0.26,0.44,0.3,0.26,0.44,0.3,0.26,0.44,0.276322935312466,0.27571619463775004,0.447960870049784,False
2324,2024-04-28,Mainz,FC Koln,1,False,0,0.25929959260271046,0.27355784735394917,0.4671425600433404,0.25929959260271046,0.27355784735394917,0.4671425600433404,0.25929959260271046,0.27355784735394917,0.4671425600433404,0.25929959260271046,0.27355784735394917,0.4671425600433404,False
2324,2024-05-03,Hoffenheim,RB Leipzig,1,False,0,0.47026775941704685,0.2641826938985223,0.2655495466844308,0.47026775941704685,0.2641826938985223,0.2655495466844308,0.47026775941704685,0.2641826938985223,0.2655495466844308,0.47026775941704685,0.2641826938985223,0.2655495466844308,False
2324,2024-05-04,Werder Bremen,M'gladbach,1,False,0,0.36756973696555656,0.2649117922227518,0.36751847081169164,0.36756973696555656,0.2649117922227518,0.36751847081169164,0.36756973696555656,0.2649117922227518,0.36751847081169164,0.36756973696555656,0.2649117922227518,0.36751847081169164,False
2324,2024-05-04,Stuttgart,Bayern Munich,2,False,0,0.6734207910889837,0.19327292988133785,0.13330627902967848,0.6734207910889837,0.19327292988133785,0.13330627902967848,0.6734207910889837,0.19327292988133785,0.13330627902967848,0.6734207910889837,0.19327292988133785,0.13330627902967848,False
2324,2024-05-04,Wolfsburg,Darmstadt,2,True,32,0.091723654134041,0.21379370885291735,0.6944826370130417,0.091723654134041,0.21379370885291735,0.6944826370130417,0.091723654134041,0.21379370885291735,0.6944826370130417,0.15016435251575505,0.2296062566659896,0.6202293908182555,False
2324,2024-05-04,Dortmund,Augsburg,2,False,0,0.07836712345310223,0.14508166094461047,0.7765512156022873,0.07836712345310223,0.14508166094461047,0.7765512156022873,0.07836712345310223,0.14508166094461047,0.7765512156022873,0.07836712345310223,0.14508166094461047,0.7765512156022873,False
2324,2024-05-04,FC Koln,Freiburg,1,False,0,0.33613339656523084,0.28720567681498316,0.37666092661978606,0.33613339656523084,0.28720567681498316,0.37666092661978606,0.33613339656523084,0.28720567681498316,0.37666092661978606,0.33613339656523084,0.28720567681498316,0.37666092661978606,False
2324,2024-05-05,Heidenheim,Mainz,1,True,32,0.3,0.26,0.44,0.3,0.26,0.44,0.3,0.26,0.44,0.3739599427360747,0.28400465600471536,0.34203540125920995,False
2324,2024-05-05,Union Berlin,Bochum,0,False,0,0.14181794597397665,0.246480501027567,0.6117015529984564,0.14181794597397665,0.246480501027567,0.6117015529984564,0.14181794597397665,0.246480501027567,0.6117015529984564,0.14181794597397665,0.246480501027567,0.6117015529984564,False
2324,2024-05-05,Ein Frankfurt,Leverkusen,0,False,0,0.35368099485506693,0.2655094464150097,0.3808095587299234,0.35368099485506693,0.2655094464150097,0.3808095587299234,0.35368099485506693,0.2655094464150097,0.3808095587299234,0.35368099485506693,0.2655094464150097,0.3808095587299234,False
2324,2024-05-10,Augsburg,Stuttgart,0,False,0,0.30528111515202117,0.29091582081237927,0.4038030640355995,0.30528111515202117,0.29091582081237927,0.4038030640355995,0.30528111515202117,0.29091582081237927,0.4038030640355995,0.30528111515202117,0.29091582081237927,0.4038030640355995,False
2324,2024-05-11,FC Koln,Union Berlin,2,False,0,0.3556261881923963,0.3032173222368297,0.34115648957077416,0.3556261881923963,0.3032173222368297,0.34115648957077416,0.3556261881923963,0.3032173222368297,0.34115648957077416,0.3556261881923963,0.3032173222368297,0.34115648957077416,False
2324,2024-05-11,Freiburg,Heidenheim,1,True,33,0.3,0.26,0.44,0.3,0.26,0.44,0.3,0.26,0.44,0.16000471723367032,0.2380417769063283,0.6019535058600014,False
2324,2024-05-11,M'gladbach,Ein Frankfurt,1,False,0,0.292013174141766,0.2569019048177613,0.4510849210404727,0.292013174141766,0.2569019048177613,0.4510849210404727,0.292013174141766,0.2569019048177613,0.4510849210404727,0.292013174141766,0.2569019048177613,0.4510849210404727,False
2324,2024-05-11,Mainz,Dortmund,2,False,0,0.5142891698174987,0.23709886205009514,0.2486119681324061,0.5142891698174987,0.23709886205009514,0.2486119681324061,0.5142891698174987,0.23709886205009514,0.2486119681324061,0.5142891698174987,0.23709886205009514,0.2486119681324061,False
2324,2024-05-11,RB Leipzig,Werder Bremen,1,False,0,0.09958660206519784,0.1862604884148864,0.7141529095199157,0.09958660206519784,0.1862604884148864,0.7141529095199157,0.09958660206519784,0.1862604884148864,0.7141529095199157,0.09958660206519784,0.1862604884148864,0.7141529095199157,False
2324,2024-05-12,Bayern Munich,Wolfsburg,2,False,0,0.09537412850644066,0.16270555783132687,0.7419203136622325,0.09537412850644066,0.16270555783132687,0.7419203136622325,0.09537412850644066,0.16270555783132687,0.7419203136622325,0.09537412850644066,0.16270555783132687,0.7419203136622325,False
2324,2024-05-12,Bochum,Leverkusen,0,False,0,0.5146492094656137,0.2573584008910696,0.22799238964331675,0.5146492094656137,0.2573584008910696,0.22799238964331675,0.5146492094656137,0.2573584008910696,0.22799238964331675,0.5146492094656137,0.2573584008910696,0.22799238964331675,False
2324,2024-05-12,Darmstadt,Hoffenheim,0,True,33,0.5034898979553427,0.28179818337257684,0.21471191867208042,0.5034898979553427,0.28179818337257684,0.21471191867208042,0.5034898979553427,0.28179818337257684,0.21471191867208042,0.40135167218257267,0.26893425914215585,0.3297140686752716,False
2324,2024-05-18,Stuttgart,M'gladbach,2,False,0,0.3586795215334971,0.2730902054247353,0.3682302730417677,0.3586795215334971,0.2730902054247353,0.3682302730417677,0.3586795215334971,0.2730902054247353,0.3682302730417677,0.3586795215334971,0.2730902054247353,0.3682302730417677,False
2324,2024-05-18,Union Berlin,Freiburg,2,False,0,0.2471570950534458,0.29614169743376967,0.4567012075127846,0.2471570950534458,0.29614169743376967,0.4567012075127846,0.2471570950534458,0.29614169743376967,0.4567012075127846,0.2471570950534458,0.29614169743376967,0.4567012075127846,False
2324,2024-05-18,Leverkusen,Augsburg,2,False,0,0.12666147484501067,0.20862248958740873,0.6647160355675807,0.12666147484501067,0.20862248958740873,0.6647160355675807,0.12666147484501067,0.20862248958740873,0.6647160355675807,0.12666147484501067,0.20862248958740873,0.6647160355675807,False
2324,2024-05-18,Werder Bremen,Bochum,2,False,0,0.22657685999286287,0.2613914937564546,0.5120316462506825,0.22657685999286287,0.2613914937564546,0.5120316462506825,0.22657685999286287,0.2613914937564546,0.5120316462506825,0.22657685999286287,0.2613914937564546,0.5120316462506825,False
2324,2024-05-18,Heidenheim,FC Koln,2,True,34,0.3,0.26,0.44,0.3,0.26,0.44,0.3,0.26,0.44,0.35556861460744804,0.28291482581830013,0.3615165595742519,False
2324,2024-05-18,Ein Frankfurt,RB Leipzig,1,False,0,0.4326768762318645,0.2744706139576838,0.2928525098104516,0.4326768762318645,0.2744706139576838,0.2928525098104516,0.4326768762318645,0.2744706139576838,0.2928525098104516,0.4326768762318645,0.2744706139576838,0.2928525098104516,False
2324,2024-05-18,Dortmund,Darmstadt,2,True,34,0.036817291534265786,0.10639632607974349,0.8567863823859907,0.036817291534265786,0.10639632607974349,0.8567863823859907,0.036817291534265786,0.10639632607974349,0.8567863823859907,0.06681462443235484,0.12699948276143813,0.8061858928062071,False
2324,2024-05-18,Hoffenheim,Bayern Munich,2,False,0,0.6236445587181928,0.20204712998726684,0.17430831129454039,0.6236445587181928,0.20204712998726684,0.17430831129454039,0.6236445587181928,0.20204712998726684,0.17430831129454039,0.6236445587181928,0.20204712998726684,0.17430831129454039,False
2324,2024-05-18,Wolfsburg,Mainz,0,False,0,0.22341051891062824,0.2659839031373322,0.5106055779520396,0.22341051891062824,0.2659839031373322,0.5106055779520396,0.22341051891062824,0.2659839031373322,0.5106055779520396,0.22341051891062824,0.2659839031373322,0.5106055779520396,False
