fold,date,home_team,away_team,y,is_promoted,promoted_idx,p0_p_away,p0_p_draw,p0_p_home,p1_p_away,p1_p_draw,p1_p_home,p2_p_away,p2_p_draw,p2_p_home,p4_p_away,p4_p_draw,p4_p_home,e0_p_away,e0_p_draw,e0_p_home,e1_p_away,e1_p_draw,e1_p_home,suppressed_p3
2021,2020-09-18,Bayern Munich,Schalke 04,2,False,0,0.046201974395746956,0.12410036743807983,0.8296976581661732,0.046201974395746956,0.12410036743807983,0.8296976581661732,0.046201974395746956,0.12410036743807983,0.8296976581661732,0.046201974395746956,0.12410036743807983,0.8296976581661732,0.043422587438917984,0.05,0.9065774125610819,0.043422587438917984,0.05,0.9065774125610819,False
2021,2020-09-19,Dortmund,M'gladbach,2,False,0,0.21569847779223802,0.2351203932580941,0.5491811289496679,0.21569847779223802,0.2351203932580941,0.5491811289496679,0.21569847779223802,0.2351203932580941,0.5491811289496679,0.21569847779223802,0.2351203932580941,0.5491811289496679,0.2331776466471973,0.10979678492146984,0.6570255684313329,0.2331776466471973,0.10979678492146984,0.6570255684313329,False
2021,2020-09-19,Ein Frankfurt,Bielefeld,1,True,1,0.3,0.26,0.44,0.27405272226795724,0.13942400774789315,0.5865232699841496,0.27405272226795724,0.13942400774789315,0.5865232699841496,0.2553420801698074,0.2618840875013233,0.4827738323288694,0.27405272226795724,0.13942400774789315,0.5865232699841496,0.27405272226795724,0.13942400774789315,0.5865232699841496,True
2021,2020-09-19,FC Koln,Hoffenheim,0,False,0,0.49557041251016243,0.23556927302063632,0.2688603144692012,0.49557041251016243,0.23556927302063632,0.2688603144692012,0.49557041251016243,0.23556927302063632,0.2688603144692012,0.49557041251016243,0.23556927302063632,0.2688603144692012,0.46335293306906467,0.20299558662613526,0.33365148030480013,0.46335293306906467,0.20299558662613526,0.33365148030480013,False
2021,2020-09-19,Stuttgart,Freiburg,0,True,1,0.37030325796054236,0.3132144217594,0.31648232028005757,0.2933408264438035,0.15632019475247955,0.550338978803717,0.2933408264438035,0.15632019475247955,0.550338978803717,0.29060208490116424,0.2870402534866783,0.4223576616121576,0.2933408264438035,0.15632019475247955,0.550338978803717,0.2933408264438035,0.15632019475247955,0.550338978803717,True
2021,2020-09-19,Union Berlin,Augsburg,0,False,0,0.3189792882156893,0.2814045345985637,0.39961617718574705,0.3189792882156893,0.2814045345985637,0.39961617718574705,0.3189792882156893,0.2814045345985637,0.39961617718574705,0.3189792882156893,0.2814045345985637,0.39961617718574705,0.25953094331273174,0.12809414006580835,0.6123749166214599,0.25953094331273174,0.12809414006580835,0.6123749166214599,False
2021,2020-09-19,Werder Bremen,Hertha,0,False,0,0.3076510638124553,0.27167666557554293,0.42067227061200185,0.3076510638124553,0.27167666557554293,0.42067227061200185,0.3076510638124553,0.27167666557554293,0.42067227061200185,0.3076510638124553,0.27167666557554293,0.42067227061200185,0.3248227868836237,0.19083532238881248,0.4843418907275638,0.3248227868836237,0.19083532238881248,0.4843418907275638,False
2021,2020-09-20,RB Leipzig,Mainz,2,False,0,0.1066742612618715,0.1895174117738009,0.7038083269643276,0.1066742612618715,0.1895174117738009,0.7038083269643276,0.1066742612618715,0.1895174117738009,0.7038083269643276,0.1066742612618715,0.1895174117738009,0.7038083269643276,0.1342113921281941,0.05671415005173771,0.8090744578200681,0.1342113921281941,0.05671415005173771,0.8090744578200681,False
2021,2020-09-20,Wolfsburg,Leverkusen,1,False,0,0.3902226725515434,0.2738814439570868,0.3358958834913698,0.3902226725515434,0.2738814439570868,0.3358958834913698,0.3902226725515434,0.2738814439570868,0.3358958834913698,0.3902226725515434,0.2738814439570868,0.3358958834913698,0.35183000470406056,0.2346498318386693,0.41352016345727016,0.35183000470406056,0.2346498318386693,0.41352016345727016,False
2021,2020-09-25,Hertha,Ein Frankfurt,0,False,0,0.3604800662709161,0.27031875497596985,0.3692011787531141,0.3604800662709161,0.27031875497596985,0.3692011787531141,0.3604800662709161,0.27031875497596985,0.3692011787531141,0.3604800662709161,0.27031875497596985,0.3692011787531141,0.32298515581138765,0.18848116080399482,0.48853368338461756,0.32298515581138765,0.18848116080399482,0.48853368338461756,False
2021,2020-09-26,Augsburg,Dortmund,2,False,0,0.6203832312222816,0.20778889092714767,0.17182787785057074,0.6203832312222816,0.20778889092714767,0.17182787785057074,0.6203832312222816,0.20778889092714767,0.17182787785057074,0.6203832312222816,0.20778889092714767,0.17182787785057074,0.633398717709153,0.11928982804089083,0.24731145424995618,0.633398717709153,0.11928982804089083,0.24731145424995618,False
2021,2020-09-26,Bielefeld,FC Koln,2,True,2,0.3,0.26,0.44,0.2274412921507698,0.10612857562611076,0.6664301322231194,0.23469716293569282,0.12151571806349969,0.6437871190008075,0.26721436274702903,0.2555242293341162,0.47726140791885474,0.2274412921507698,0.10612857562611076,0.6664301322231194,0.2274412921507698,0.10612857562611076,0.6664301322231194,True
2021,2020-09-26,Leverkusen,RB Leipzig,1,False,0,0.4090186041274502,0.26211504513505907,0.32886635073749065,0.4090186041274502,0.26211504513505907,0.32886635073749065,0.4090186041274502,0.26211504513505907,0.32886635073749065,0.4090186041274502,0.26211504513505907,0.32886635073749065,0.34981156891617726,0.230493581594126,0.4196948494896967,0.34981156891617726,0.230493581594126,0.4196948494896967,False
2021,2020-09-26,M'gladbach,Union Berlin,1,False,0,0.15678553928875022,0.24023221544523957,0.6029822452660102,0.15678553928875022,0.24023221544523957,0.6029822452660102,0.15678553928875022,0.24023221544523957,0.6029822452660102,0.15678553928875022,0.24023221544523957,0.6029822452660102,0.17085960391765928,0.07429021298160356,0.7548501831007371,0.17085960391765928,0.07429021298160356,0.7548501831007371,False
2021,2020-09-26,Mainz,Stuttgart,0,True,2,0.24705363049156037,0.29607219446816985,0.4568741750402697,0.30326447534795875,0.16607317102498564,0.5306623536270556,0.29764339086231895,0.1790730733693041,0.523283535768377,0.3402428722489352,0.28542776572774176,0.37432936202332306,0.30326447534795875,0.16607317102498564,0.5306623536270556,0.30326447534795875,0.16607317102498564,0.5306623536270556,True
2021,2020-09-26,Schalke 04,Werder Bremen,0,False,0,0.3265922877475697,0.2911271960680294,0.38228051618440095,0.3265922877475697,0.2911271960680294,0.38228051618440095,0.3265922877475697,0.2911271960680294,0.38228051618440095,0.3265922877475697,0.2911271960680294,0.38228051618440095,0.29977375919351046,0.1625459988246472,0.5376802419818424,0.29977375919351046,0.1625459988246472,0.5376802419818424,False
2021,2020-09-27,Freiburg,Wolfsburg,1,False,0,0.3564820021840211,0.2952620300820628,0.34825596773391615,0.3564820021840211,0.2952620300820628,0.34825596773391615,0.3564820021840211,0.2952620300820628,0.34825596773391615,0.3564820021840211,0.2952620300820628,0.34825596773391615,0.34428357859341485,0.2200859201714417,0.43563050123514346,0.34428357859341485,0.2200859201714417,0.43563050123514346,False
2021,2020-09-27,Hoffenheim,Bayern Munich,2,False,0,0.6355694489927508,0.20437026383302373,0.16006028717422544,0.6355694489927508,0.20437026383302373,0.16006028717422544,0.6355694489927508,0.20437026383302373,0.16006028717422544,0.6355694489927508,0.20437026383302373,0.16006028717422544,0.6443483919057494,0.11483962982848404,0.24081197826576653,0.6443483919057494,0.11483962982848404,0.24081197826576653,False
2021,2020-10-02,Union Berlin,Mainz,2,False,0,0.31644496719861365,0.28995509245094975,0.39359994035043666,0.31644496719861365,0.28995509245094975,0.39359994035043666,0.31644496719861365,0.28995509245094975,0.39359994035043666,0.31644496719861365,0.28995509245094975,0.39359994035043666,0.2996509289952886,0.16242387761768398,0.5379251933870274,0.2996509289952886,0.16242387761768398,0.5379251933870274,False
2021,2020-10-03,Dortmund,Freiburg,2,False,0,0.11845013991644332,0.18740318900445097,0.6941466710791058,0.11845013991644332,0.18740318900445097,0.6941466710791058,0.11845013991644332,0.18740318900445097,0.6941466710791058,0.11845013991644332,0.18740318900445097,0.6941466710791058,0.14883744684566305,0.06350860943884498,0.787653943715492,0.14883744684566305,0.06350860943884498,0.787653943715492,False
2021,2020-10-03,Ein Frankfurt,Hoffenheim,2,False,0,0.3763445586069183,0.25461252636094384,0.3690429150321379,0.3763445586069183,0.25461252636094384,0.3690429150321379,0.3763445586069183,0.25461252636094384,0.3690429150321379,0.3763445586069183,0.25461252636094384,0.3690429150321379,0.35048448461375337,0.23185524045449393,0.41766027493175273,0.35048448461375337,0.23185524045449393,0.41766027493175273,False
2021,2020-10-03,FC Koln,M'gladbach,0,False,0,0.4935584782796515,0.25179165874397336,0.25464986297637515,0.4935584782796515,0.25179165874397336,0.25464986297637515,0.4935584782796515,0.25179165874397336,0.25464986297637515,0.4935584782796515,0.25179165874397336,0.25464986297637515,0.530675264588002,0.16606663115213044,0.30325810425986766,0.530675264588002,0.16606663115213044,0.30325810425986766,False
2021,2020-10-03,RB Leipzig,Schalke 04,2,False,0,0.11572739676535557,0.21114280469828092,0.6731297985363635,0.11572739676535557,0.21114280469828092,0.6731297985363635,0.11572739676535557,0.21114280469828092,0.6731297985363635,0.11572739676535557,0.21114280469828092,0.6731297985363635,0.08841463715264333,0.05,0.8615853628473567,0.08841463715264333,0.05,0.8615853628473567,False
2021,2020-10-03,Stuttgart,Leverkusen,1,True,3,0.5320333206963678,0.2648693453726549,0.2030973339309774,0.41042507542948664,0.23676016633814295,0.35281475823237046,0.43474672448286283,0.24238200214504535,0.32287127337209187,0.4466308595520597,0.2650204845597387,0.2883486558882016,0.41042507542948664,0.23676016633814295,0.35281475823237046,0.41042507542948664,0.23676016633814295,0.35281475823237046,True
2021,2020-10-03,Werder Bremen,Bielefeld,2,True,3,0.3,0.26,0.44,0.3457622417023009,0.22274598822700656,0.43149177007069256,0.3366097933618407,0.23019679058160525,0.43319341605655404,0.30427301572740517,0.2753153052840091,0.4204116789885858,0.3457622417023009,0.22274598822700656,0.43149177007069256,0.3457622417023009,0.22274598822700656,0.43149177007069256,True
2021,2020-10-04,Bayern Munich,Hertha,2,False,0,0.05092040969963456,0.119845543412799,0.8292340468875665,0.05092040969963456,0.119845543412799,0.8292340468875665,0.05092040969963456,0.119845543412799,0.8292340468875665,0.05092040969963456,0.119845543412799,0.8292340468875665,0.06493646853168494,0.05,0.885063531468315,0.06493646853168494,0.05,0.885063531468315,False
2021,2020-10-04,Wolfsburg,Augsburg,1,False,0,0.22455987658380488,0.26035716329930503,0.5150829601168901,0.22455987658380488,0.26035716329930503,0.5150829601168901,0.22455987658380488,0.26035716329930503,0.5150829601168901,0.22455987658380488,0.26035716329930503,0.5150829601168901,0.22284651727458252,0.10326012736563529,0.6738933553597822,0.22284651727458252,0.10326012736563529,0.6738933553597822,False
2021,2020-10-17,Augsburg,RB Leipzig,0,False,0,0.5969393042754918,0.22793656224279413,0.17512413348171416,0.5969393042754918,0.22793656224279413,0.17512413348171416,0.5969393042754918,0.22793656224279413,0.17512413348171416,0.5969393042754918,0.22793656224279413,0.17512413348171416,0.5867674917723527,0.13931421707151237,0.273918291156135,0.5867674917723527,0.13931421707151237,0.273918291156135,False
2021,2020-10-17,Bielefeld,Bayern Munich,0,True,4,0.3,0.26,0.44,0.7315499225715125,0.08225774838994682,0.18619232903854063,0.6020849458000587,0.1355804238729628,0.26233463032697846,0.7288740388398293,0.17551035525641384,0.09561560590375684,0.7315499225715125,0.08225774838994682,0.18619232903854063,0.7315499225715125,0.08225774838994682,0.18619232903854063,True
2021,2020-10-17,Freiburg,Werder Bremen,1,False,0,0.31428574016072197,0.2811242861032711,0.404589973736007,0.31428574016072197,0.2811242861032711,0.404589973736007,0.31428574016072197,0.2811242861032711,0.404589973736007,0.31428574016072197,0.2811242861032711,0.404589973736007,0.2669223088156962,0.13373185606640658,0.5993458351178972,0.2669223088156962,0.13373185606640658,0.5993458351178972,False
2021,2020-10-17,Hertha,Stuttgart,0,True,4,0.2152874716410078,0.2830249192802078,0.5016876090787845,0.32362262624768606,0.18929164025706355,0.48708573349525036,0.2911220798656826,0.21741162396400682,0.4914662961703106,0.3012769738879021,0.27952254292538803,0.4192004831867099,0.32362262624768606,0.18929164025706355,0.48708573349525036,0.32362262624768606,0.18929164025706355,0.48708573349525036,True
2021,2020-10-17,Hoffenheim,Dortmund,0,False,0,0.44667260056074215,0.23828412968985102,0.31504326974940694,0.44667260056074215,0.23828412968985102,0.31504326974940694,0.44667260056074215,0.23828412968985102,0.31504326974940694,0.44667260056074215,0.23828412968985102,0.31504326974940694,0.36131553824485907,0.25806610711653266,0.38061835463860827,0.36131553824485907,0.25806610711653266,0.38061835463860827,False
2021,2020-10-17,M'gladbach,Wolfsburg,1,False,0,0.23418870629610056,0.2727993241974086,0.49301196950649084,0.23418870629610056,0.2727993241974086,0.49301196950649084,0.23418870629610056,0.2727993241974086,0.49301196950649084,0.23418870629610056,0.2727993241974086,0.49301196950649084,0.24943023461829322,0.12077394877213884,0.629795816609568,0.24943023461829322,0.12077394877213884,0.629795816609568,False
2021,2020-10-17,Mainz,Leverkusen,0,False,0,0.49149012130627867,0.2564041197288006,0.2521057589649208,0.49149012130627867,0.2564041197288006,0.2521057589649208,0.49149012130627867,0.2564041197288006,0.2521057589649208,0.49149012130627867,0.2564041197288006,0.2521057589649208,0.5126411497292162,0.175390639871985,0.31196821039879885,0.5126411497292162,0.175390639871985,0.31196821039879885,False
2021,2020-10-18,FC Koln,Ein Frankfurt,1,False,0,0.4198183361186625,0.2515694856460413,0.3286121782352963,0.4198183361186625,0.2515694856460413,0.3286121782352963,0.4198183361186625,0.2515694856460413,0.3286121782352963,0.4198183361186625,0.2515694856460413,0.3286121782352963,0.4596107629146478,0.2052316965780651,0.3351575405072872,0.4596107629146478,0.2052316965780651,0.3351575405072872,False
2021,2020-10-18,Schalke 04,Union Berlin,1,False,0,0.27093006938721786,0.2994065650002657,0.4296633656125164,0.27093006938721786,0.2994065650002657,0.4296633656125164,0.27093006938721786,0.2994065650002657,0.4296633656125164,0.27093006938721786,0.2994065650002657,0.4296633656125164,0.35089396167089965,0.23269531587254413,0.41641072245655625,0.35089396167089965,0.23269531587254413,0.41641072245655625,False
2021,2020-10-23,Stuttgart,FC Koln,1,True,5,0.3538856843001303,0.2873460964049317,0.358768219294938,0.19568567806000536,0.08741077743515095,0.7169035445048437,0.2589656805560553,0.16738490502306325,0.5736494144208815,0.26721436274702903,0.2555242293341162,0.47726140791885474,0.19568567806000536,0.08741077743515095,0.7169035445048437,0.19568567806000536,0.08741077743515095,0.7169035445048437,True
2021,2020-10-24,Bayern Munich,Ein Frankfurt,2,False,0,0.06696307701082649,0.13471724569613944,0.7983196772930342,0.06696307701082649,0.13471724569613944,0.7983196772930342,0.06696307701082649,0.13471724569613944,0.7983196772930342,0.06696307701082649,0.13471724569613944,0.7983196772930342,0.09076969714195746,0.05,0.8592303028580425,0.09076969714195746,0.05,0.8592303028580425,False
2021,2020-10-24,Dortmund,Schalke 04,2,False,0,0.11112782559035281,0.18938616762134985,0.6994860067882973,0.11112782559035281,0.18938616762134985,0.6994860067882973,0.11112782559035281,0.18938616762134985,0.6994860067882973,0.11112782559035281,0.18938616762134985,0.6994860067882973,0.08527721124616128,0.05,0.8647227887538387,0.08527721124616128,0.05,0.8647227887538387,False
2021,2020-10-24,Mainz,M'gladbach,0,False,0,0.47192328048142307,0.2731908519873173,0.25488586753125964,0.47192328048142307,0.2731908519873173,0.25488586753125964,0.47192328048142307,0.2731908519873173,0.25488586753125964,0.47192328048142307,0.2731908519873173,0.25488586753125964,0.4932413265246919,0.1858655874784255,0.32089308599688265,0.4932413265246919,0.1858655874784255,0.32089308599688265,False
2021,2020-10-24,RB Leipzig,Hertha,2,False,0,0.12922725035224453,0.2052380391658785,0.665534710481877,0.12922725035224453,0.2052380391658785,0.665534710481877,0.12922725035224453,0.2052380391658785,0.665534710481877,0.12922725035224453,0.2052380391658785,0.665534710481877,0.10856508843969756,0.05,0.8414349115603024,0.10856508843969756,0.05,0.8414349115603024,False
2021,2020-10-24,Union Berlin,Freiburg,1,False,0,0.34080536795020416,0.2971440302807766,0.3620506017690193,0.34080536795020416,0.2971440302807766,0.3620506017690193,0.34080536795020416,0.2971440302807766,0.3620506017690193,0.34080536795020416,0.2971440302807766,0.3620506017690193,0.312957093484048,0.17650156117240134,0.5105413453435507,0.312957093484048,0.17650156117240134,0.5105413453435507,False
2021,2020-10-25,Werder Bremen,Hoffenheim,1,False,0,0.43458991236789635,0.2554385277828793,0.30997155984922453,0.43458991236789635,0.2554385277828793,0.30997155984922453,0.43458991236789635,0.2554385277828793,0.30997155984922453,0.43458991236789635,0.2554385277828793,0.30997155984922453,0.42865075201393127,0.22458919024585308,0.3467600577402157,0.42865075201393127,0.22458919024585308,0.3467600577402157,False
2021,2020-10-25,Wolfsburg,Bielefeld,2,True,5,0.3,0.26,0.44,0.2411269592809025,0.11505185924134656,0.6438211814777509,0.2646761755685415,0.17303111554480793,0.5622927088866505,0.25682329996092135,0.27978866530278507,0.46338803473629375,0.2411269592809025,0.11505185924134656,0.6438211814777509,0.2411269592809025,0.11505185924134656,0.6438211814777509,True
2021,2020-10-26,Leverkusen,Augsburg,2,False,0,0.16043020121396676,0.2115935657026608,0.6279762330833726,0.16043020121396676,0.2115935657026608,0.6279762330833726,0.16043020121396676,0.2115935657026608,0.6279762330833726,0.16043020121396676,0.2115935657026608,0.6279762330833726,0.15871525919104543,0.06825619959402683,0.7730285412149277,0.15871525919104543,0.06825619959402683,0.7730285412149277,False
2021,2020-10-30,Schalke 04,Stuttgart,1,True,6,0.23516329304638492,0.30909616412882374,0.45574054282479126,0.23516329304638492,0.30909616412882374,0.45574054282479126,0.3170326878147244,0.27693845201959155,0.406028860165684,0.3226347441135146,0.29955012847577306,0.3778151274107124,0.3989020825830638,0.24478073991035937,0.35631717750657677,0.3989020825830638,0.24478073991035937,0.35631717750657677,False
2021,2020-10-31,Augsburg,Mainz,2,False,0,0.3061587906465709,0.2730633229848722,0.42077788636855695,0.3061587906465709,0.2730633229848722,0.42077788636855695,0.3061587906465709,0.2730633229848722,0.42077788636855695,0.3061587906465709,0.2730633229848722,0.42077788636855695,0.2766300687247212,0.1415482998903071,0.5818216313849718,0.2766300687247212,0.1415482998903071,0.5818216313849718,False
2021,2020-10-31,Bielefeld,Dortmund,0,True,6,0.3,0.26,0.44,0.3,0.26,0.44,0.43696003093998714,0.2025823892102744,0.3604575798497385,0.5640893865467266,0.23165255793034145,0.20425805552293191,0.5739200618799744,0.1451647784205488,0.2809151596994769,0.5739200618799744,0.1451647784205488,0.2809151596994769,False
2021,2020-10-31,Ein Frankfurt,Werder Bremen,1,False,0,0.2569891088267865,0.2536605677701178,0.4893503234030958,0.2569891088267865,0.2536605677701178,0.4893503234030958,0.2569891088267865,0.2536605677701178,0.4893503234030958,0.2569891088267865,0.2536605677701178,0.4893503234030958,0.22525368788258074,0.10475538139361674,0.6699909307238026,0.22525368788258074,0.10475538139361674,0.6699909307238026,False
2021,2020-10-31,FC Koln,Bayern Munich,0,False,0,0.7961712760002703,0.13295284722115291,0.0708758767785768,0.7961712760002703,0.13295284722115291,0.0708758767785768,0.7961712760002703,0.13295284722115291,0.0708758767785768,0.7961712760002703,0.13295284722115291,0.0708758767785768,0.8325972080157561,0.05,0.11740279198424389,0.8325972080157561,0.05,0.11740279198424389,False
2021,2020-10-31,M'gladbach,RB Leipzig,2,False,0,0.4056490315210147,0.2766796954195608,0.3176712730594245,0.4056490315210147,0.2766796954195608,0.3176712730594245,0.4056490315210147,0.2766796954195608,0.3176712730594245,0.4056490315210147,0.2766796954195608,0.3176712730594245,0.3640541887165979,0.2666988818014518,0.36924692948195037,0.3640541887165979,0.2666988818014518,0.36924692948195037,False
2021,2020-11-01,Freiburg,Leverkusen,0,False,0,0.4552501092610836,0.2678038302812295,0.27694606045768694,0.4552501092610836,0.2678038302812295,0.27694606045768694,0.4552501092610836,0.2678038302812295,0.27694606045768694,0.4552501092610836,0.2678038302812295,0.27694606045768694,0.455150161965057,0.2079251589944007,0.3369246790405424,0.455150161965057,0.2079251589944007,0.3369246790405424,False
2021,2020-11-01,Hertha,Wolfsburg,1,False,0,0.3477162513422452,0.28663219368820875,0.3656515549695461,0.3477162513422452,0.28663219368820875,0.3656515549695461,0.3477162513422452,0.28663219368820875,0.3656515549695461,0.3477162513422452,0.28663219368820875,0.3656515549695461,0.37896019879568876,0.2593066572137125,0.3617331439905988,0.37896019879568876,0.2593066572137125,0.3617331439905988,False
2021,2020-11-02,Hoffenheim,Union Berlin,0,False,0,0.16300798068596387,0.22408816407960094,0.6129038552344352,0.16300798068596387,0.22408816407960094,0.6129038552344352,0.16300798068596387,0.22408816407960094,0.6129038552344352,0.16300798068596387,0.22408816407960094,0.6129038552344352,0.19985971336175962,0.08973492214473962,0.7104053644935009,0.19985971336175962,0.08973492214473962,0.7104053644935009,False
2021,2020-11-06,Werder Bremen,FC Koln,1,False,0,0.2680391106865599,0.24723686683184737,0.4847240224815927,0.2680391106865599,0.24723686683184737,0.4847240224815927,0.2680391106865599,0.24723686683184737,0.4847240224815927,0.2680391106865599,0.24723686683184737,0.4847240224815927,0.24996885947163844,0.12115395570533959,0.6288771848230219,0.24996885947163844,0.12115395570533959,0.6288771848230219,False
2021,2020-11-07,Augsburg,Hertha,0,False,0,0.34864196939156666,0.27325826743197495,0.37809976317645827,0.34864196939156666,0.27325826743197495,0.37809976317645827,0.34864196939156666,0.27325826743197495,0.37809976317645827,0.34864196939156666,0.27325826743197495,0.37809976317645827,0.2920066575191026,0.1550702025414441,0.5529231399394533,0.2920066575191026,0.1550702025414441,0.5529231399394533,False
2021,2020-11-07,Dortmund,Bayern Munich,0,False,0,0.5095680304654508,0.2349542382459156,0.2554777312886336,0.5095680304654508,0.2349542382459156,0.2554777312886336,0.5095680304654508,0.2349542382459156,0.2554777312886336,0.5095680304654508,0.2349542382459156,0.2554777312886336,0.41632451722157177,0.23275337893946094,0.3509221038389673,0.41632451722157177,0.23275337893946094,0.3509221038389673,False
2021,2020-11-07,Mainz,Schalke 04,1,False,0,0.3088467654827903,0.2973023184624784,0.3938509160547313,0.3088467654827903,0.2973023184624784,0.3938509160547313,0.3088467654827903,0.2973023184624784,0.3938509160547313,0.3088467654827903,0.2973023184624784,0.3938509160547313,0.28430330425340244,0.14810351123730608,0.5675931845092914,0.28430330425340244,0.14810351123730608,0.5675931845092914,False
2021,2020-11-07,RB Leipzig,Freiburg,2,False,0,0.12309258326720421,0.2087179393302346,0.6681894774025612,0.12309258326720421,0.2087179393302346,0.6681894774025612,0.12309258326720421,0.2087179393302346,0.6681894774025612,0.12309258326720421,0.2087179393302346,0.6681894774025612,0.12418682631984264,0.05220242801998928,0.823610745660168,0.12418682631984264,0.05220242801998928,0.823610745660168,False
2021,2020-11-07,Stuttgart,Ein Frankfurt,1,True,7,0.4473326320763775,0.2875504653467391,0.2651169025768835,0.4473326320763775,0.2875504653467391,0.2651169025768835,0.3962520306251748,0.24625803814190006,0.3574899312329253,0.3609297112783093,0.2741683785691331,0.3649019101525576,0.3196311284483706,0.1843193973346415,0.49604947421698786,0.3196311284483706,0.1843193973346415,0.49604947421698786,False
2021,2020-11-07,Union Berlin,Bielefeld,2,True,7,0.3,0.26,0.44,0.3,0.26,0.44,0.2932856086158539,0.2148603158912171,0.49185407549292903,0.3536719258991727,0.2926106453022549,0.3537174287985724,0.28321402153963476,0.1471507897280427,0.5696351887323226,0.28321402153963476,0.1471507897280427,0.5696351887323226,False
2021,2020-11-08,Leverkusen,M'gladbach,2,False,0,0.30181360298627025,0.26612261773430346,0.4320637792794264,0.30181360298627025,0.26612261773430346,0.4320637792794264,0.30181360298627025,0.26612261773430346,0.4320637792794264,0.30181360298627025,0.26612261773430346,0.4320637792794264,0.2786390254309812,0.14323029888068595,0.5781306756883329,0.2786390254309812,0.14323029888068595,0.5781306756883329,False
2021,2020-11-08,Wolfsburg,Hoffenheim,2,False,0,0.37329982678572304,0.2705197899221686,0.3561803832921084,0.37329982678572304,0.2705197899221686,0.3561803832921084,0.37329982678572304,0.2705197899221686,0.3561803832921084,0.37329982678572304,0.2705197899221686,0.3561803832921084,0.3040278565269873,0.16685956768444854,0.5291125757885642,0.3040278565269873,0.16685956768444854,0.5291125757885642,False
2021,2020-11-21,Bayern Munich,Werder Bremen,1,False,0,0.04934281370531062,0.1147220481261511,0.8359351381685384,0.04934281370531062,0.1147220481261511,0.8359351381685384,0.04934281370531062,0.1147220481261511,0.8359351381685384,0.04934281370531062,0.1147220481261511,0.8359351381685384,0.05101191780801001,0.05,0.8989880821919899,0.05101191780801001,0.05,0.8989880821919899,False
2021,2020-11-21,Bielefeld,Leverkusen,0,True,8,0.3,0.26,0.44,0.3,0.26,0.44,0.37182446140013814,0.23050478501899319,0.3976707535808687,0.4466308595520597,0.2650204845597387,0.2883486558882016,0.5394148713337937,0.1616826167299773,0.29890251193622897,0.5394148713337937,0.1616826167299773,0.29890251193622897,False
2021,2020-11-21,Ein Frankfurt,RB Leipzig,1,False,0,0.49401526926601413,0.2534004488244196,0.2525842819095663,0.49401526926601413,0.2534004488244196,0.2525842819095663,0.49401526926601413,0.2534004488244196,0.2525842819095663,0.49401526926601413,0.2534004488244196,0.2525842819095663,0.4821648073133497,0.19206751181161388,0.3257676808750365,0.4821648073133497,0.19206751181161388,0.3257676808750365,False
2021,2020-11-21,Hertha,Dortmund,0,False,0,0.565586882248351,0.2284186026862665,0.20599451506538258,0.565586882248351,0.2284186026862665,0.20599451506538258,0.565586882248351,0.2284186026862665,0.20599451506538258,0.565586882248351,0.2284186026862665,0.20599451506538258,0.5804236337408991,0.142183881994678,0.27739248426442287,0.5804236337408991,0.142183881994678,0.27739248426442287,False
2021,2020-11-21,Hoffenheim,Stuttgart,1,True,8,0.13888551749766576,0.22525446097611754,0.6358600215262167,0.13888551749766576,0.22525446097611754,0.6358600215262167,0.1760330180368508,0.19682463592849883,0.6271423460346504,0.2049801406721235,0.23821366809945232,0.5568061912284242,0.26271051929494926,0.13048837748405517,0.6068011032209956,0.26271051929494926,0.13048837748405517,0.6068011032209956,False
2021,2020-11-21,M'gladbach,Augsburg,1,False,0,0.16623343042745098,0.2299852948347998,0.6037812747377492,0.16623343042745098,0.2299852948347998,0.6037812747377492,0.16623343042745098,0.2299852948347998,0.6037812747377492,0.16623343042745098,0.2299852948347998,0.6037812747377492,0.15668007360270134,0.06726678440976604,0.7760531419875326,0.15668007360270134,0.06726678440976604,0.7760531419875326,False
2021,2020-11-21,Schalke 04,Wolfsburg,0,False,0,0.3675500468635957,0.3038131532655779,0.32863679987082633,0.3675500468635957,0.3038131532655779,0.32863679987082633,0.3675500468635957,0.3038131532655779,0.32863679987082633,0.3675500468635957,0.3038131532655779,0.32863679987082633,0.48412512220483883,0.19095771603901338,0.32491716175614777,0.48412512220483883,0.19095771603901338,0.32491716175614777,False
2021,2020-11-22,FC Koln,Union Berlin,0,False,0,0.2940692745210504,0.26624256989953315,0.43968815557941643,0.2940692745210504,0.26624256989953315,0.43968815557941643,0.2940692745210504,0.26624256989953315,0.43968815557941643,0.2940692745210504,0.26624256989953315,0.43968815557941643,0.3686149562280147,0.26718740536885177,0.3641976384031335,0.3686149562280147,0.26718740536885177,0.3641976384031335,False
2021,2020-11-22,Freiburg,Mainz,0,False,0,0.275405643285468,0.2833448775931108,0.4412494791214213,0.275405643285468,0.2833448775931108,0.4412494791214213,0.275405643285468,0.2833448775931108,0.4412494791214213,0.275405643285468,0.2833448775931108,0.4412494791214213,0.25208525479080535,0.12265801176442703,0.6252567334447676,0.25208525479080535,0.12265801176442703,0.6252567334447676,False
2021,2020-11-27,Wolfsburg,Werder Bremen,2,False,0,0.2587706174084083,0.2713685715264046,0.46986081106518707,0.2587706174084083,0.2713685715264046,0.46986081106518707,0.2587706174084083,0.2713685715264046,0.46986081106518707,0.2587706174084083,0.2713685715264046,0.46986081106518707,0.20225645239379292,0.09108647292951712,0.70665707467669,0.20225645239379292,0.09108647292951712,0.70665707467669,False
2021,2020-11-28,Augsburg,Freiburg,1,False,0,0.331721985910542,0.28111707314487755,0.3871609409445805,0.331721985910542,0.28111707314487755,0.3871609409445805,0.331721985910542,0.28111707314487755,0.3871609409445805,0.331721985910542,0.28111707314487755,0.3871609409445805,0.30169995267232624,0.16447858555025882,0.533821461777415,0.30169995267232624,0.16447858555025882,0.533821461777415,False
2021,2020-11-28,Dortmund,FC Koln,0,False,0,0.09444928841932164,0.14601561068009464,0.7595351009005837,0.09444928841932164,0.14601561068009464,0.7595351009005837,0.09444928841932164,0.14601561068009464,0.7595351009005837,0.09444928841932164,0.14601561068009464,0.7595351009005837,0.07637235619212247,0.05,0.8736276438078775,0.07637235619212247,0.05,0.8736276438078775,False
2021,2020-11-28,M'gladbach,Schalke 04,2,False,0,0.17638339731064434,0.2595316290713176,0.5640849736180381,0.17638339731064434,0.2595316290713176,0.5640849736180381,0.17638339731064434,0.2595316290713176,0.5640849736180381,0.17638339731064434,0.2595316290713176,0.5640849736180381,0.12591961514944702,0.052974485364587307,0.8211058994859657,0.12591961514944702,0.052974485364587307,0.8211058994859657,False
2021,2020-11-28,RB Leipzig,Bielefeld,2,True,9,0.3,0.26,0.44,0.3,0.26,0.44,0.2616037000908491,0.21800000000000003,0.5203962999091509,0.1285981345298776,0.2085279419783156,0.6628739234918068,0.10801850045424555,0.05,0.8419814995457544,0.10801850045424555,0.05,0.8419814995457544,False
2021,2020-11-28,Stuttgart,Bayern Munich,0,True,9,0.7849578734722673,0.15367812251534402,0.06136400401238877,0.7849578734722673,0.15367812251534402,0.06136400401238877,0.7718530691112349,0.14024493481759107,0.08790199607117408,0.7288740388398293,0.17551035525641384,0.09561560590375684,0.7194338516671055,0.08651218402657922,0.19405396430631533,0.7194338516671055,0.08651218402657922,0.19405396430631533,False
2021,2020-11-28,Union Berlin,Ein Frankfurt,1,False,0,0.4169196004542406,0.2768587716879829,0.3062216278577766,0.4169196004542406,0.2768587716879829,0.3062216278577766,0.4169196004542406,0.2768587716879829,0.3062216278577766,0.4169196004542406,0.2768587716879829,0.3062216278577766,0.32248818111893307,0.18785374974184935,0.4896580691392176,0.32248818111893307,0.18785374974184935,0.4896580691392176,False
2021,2020-11-29,Leverkusen,Hertha,1,False,0,0.19241552888861088,0.23313523161836117,0.5744492394930278,0.19241552888861088,0.23313523161836117,0.5744492394930278,0.19241552888861088,0.23313523161836117,0.5744492394930278,0.19241552888861088,0.23313523161836117,0.5744492394930278,0.14104113721322828,0.05985385599233194,0.7991050067944397,0.14104113721322828,0.05985385599233194,0.7991050067944397,False
2021,2020-11-29,Mainz,Hoffenheim,1,False,0,0.47454759430334015,0.25616122065635083,0.269291185040309,0.47454759430334015,0.25616122065635083,0.269291185040309,0.47454759430334015,0.25616122065635083,0.269291185040309,0.47454759430334015,0.25616122065635083,0.269291185040309,0.3989415863982276,0.2447527917555913,0.35630562184618114,0.3989415863982276,0.2447527917555913,0.35630562184618114,False
2021,2020-12-04,Hertha,Union Berlin,2,False,0,0.24952920939027,0.2758844298768993,0.47458636073283067,0.24952920939027,0.2758844298768993,0.47458636073283067,0.24952920939027,0.2758844298768993,0.47458636073283067,0.24952920939027,0.2758844298768993,0.47458636073283067,0.331912472297102,0.2004773245526859,0.4676102031502121,0.331912472297102,0.2004773245526859,0.4676102031502121,False
2021,2020-12-05,Bayern Munich,RB Leipzig,1,False,0,0.16107245341647544,0.21715236659458545,0.6217751799889392,0.16107245341647544,0.21715236659458545,0.6217751799889392,0.16107245341647544,0.21715236659458545,0.6217751799889392,0.16107245341647544,0.21715236659458545,0.6217751799889392,0.18326319951930276,0.08070310893767195,0.7360336915430253,0.18326319951930276,0.08070310893767195,0.7360336915430253,False
2021,2020-12-05,Bielefeld,Mainz,2,True,10,0.3,0.26,0.44,0.3,0.26,0.44,0.2990465236823967,0.249364261132725,0.4515892151848783,0.26671282149980446,0.27674061785870296,0.45654656064149257,0.2904652368239671,0.1536426113272499,0.555892151848783,0.2904652368239671,0.1536426113272499,0.555892151848783,False
2021,2020-12-05,Ein Frankfurt,Dortmund,1,False,0,0.512625385704926,0.2344182117497564,0.2529564025453177,0.512625385704926,0.2344182117497564,0.2529564025453177,0.512625385704926,0.2344182117497564,0.2529564025453177,0.512625385704926,0.2344182117497564,0.2529564025453177,0.45726298119856107,0.2066455288056217,0.3360914899958172,0.45726298119856107,0.2066455288056217,0.3360914899958172,False
2021,2020-12-05,FC Koln,Wolfsburg,1,False,0,0.4041892761902813,0.26794468529856297,0.3278660385111558,0.4041892761902813,0.26794468529856297,0.3278660385111558,0.4041892761902813,0.26794468529856297,0.3278660385111558,0.4041892761902813,0.26794468529856297,0.3278660385111558,0.4956642793181993,0.18453087512700883,0.31980484555479183,0.4956642793181993,0.18453087512700883,0.31980484555479183,False
2021,2020-12-05,Freiburg,M'gladbach,1,False,0,0.43723489199692134,0.2842354722596981,0.2785296357433806,0.43723489199692134,0.2842354722596981,0.2785296357433806,0.43723489199692134,0.2842354722596981,0.2785296357433806,0.43723489199692134,0.2842354722596981,0.2785296357433806,0.47802994791850145,0.19442594292321105,0.3275441091582875,0.47802994791850145,0.19442594292321105,0.3275441091582875,False
2021,2020-12-06,Schalke 04,Leverkusen,0,False,0,0.4659807977408067,0.2736140745581707,0.26040512770102264,0.4659807977408067,0.2736140745581707,0.26040512770102264,0.4659807977408067,0.2736140745581707,0.26040512770102264,0.4659807977408067,0.2736140745581707,0.26040512770102264,0.6528111413164703,0.11146051896778589,0.23572833971574372,0.6528111413164703,0.11146051896778589,0.23572833971574372,False
2021,2020-12-06,Werder Bremen,Stuttgart,0,True,10,0.21694568930692668,0.27877081159222616,0.504283499100847,0.21694568930692668,0.27877081159222616,0.504283499100847,0.22930718790450572,0.2722665098972058,0.4984263021982884,0.30427301572740517,0.2753153052840091,0.4204116789885858,0.34056067528271705,0.21372779464202218,0.44571153007526076,0.34056067528271705,0.21372779464202218,0.44571153007526076,False
2021,2020-12-07,Hoffenheim,Augsburg,2,False,0,0.17311696913041863,0.2143862786079823,0.6124967522615992,0.17311696913041863,0.2143862786079823,0.6124967522615992,0.17311696913041863,0.2143862786079823,0.6124967522615992,0.17311696913041863,0.2143862786079823,0.6124967522615992,0.21007740799550703,0.09558754025253252,0.6943350517519604,0.21007740799550703,0.09558754025253252,0.6943350517519604,False
2021,2020-12-11,Wolfsburg,Ein Frankfurt,2,False,0,0.3096572703881816,0.275221428005512,0.41512130160630645,0.3096572703881816,0.275221428005512,0.41512130160630645,0.3096572703881816,0.275221428005512,0.41512130160630645,0.3096572703881816,0.275221428005512,0.41512130160630645,0.26792330447669044,0.13451528798400675,0.5975614075393028,0.26792330447669044,0.13451528798400675,0.5975614075393028,False
2021,2020-12-12,Dortmund,Stuttgart,0,True,11,0.07990658881231692,0.1662827582599321,0.753810652927751,0.07990658881231692,0.1662827582599321,0.753810652927751,0.07990658881231692,0.1662827582599321,0.753810652927751,0.12397756270615945,0.18745758089239745,0.6885648564014432,0.15873407065214318,0.06826537294027489,0.7730005564075819,0.15873407065214318,0.06826537294027489,0.7730005564075819,False
2021,2020-12-12,Freiburg,Bielefeld,2,True,11,0.3,0.26,0.44,0.3,0.26,0.44,0.3,0.26,0.44,0.3108187072252199,0.2894496253161313,0.3997316674586489,0.30139506913602965,0.16417046942509528,0.5344344614388751,0.30139506913602965,0.16417046942509528,0.5344344614388751,False
2021,2020-12-12,M'gladbach,Hertha,1,False,0,0.19724527271902162,0.2510570195056536,0.5516977077753249,0.19724527271902162,0.2510570195056536,0.5516977077753249,0.19724527271902162,0.2510570195056536,0.5516977077753249,0.19724527271902162,0.2510570195056536,0.5516977077753249,0.19135809413619248,0.08503947860237894,0.7236024272614285,0.19135809413619248,0.08503947860237894,0.7236024272614285,False
2021,2020-12-12,Mainz,FC Koln,0,False,0,0.30550367169176473,0.2607904272529422,0.43370590105529316,0.30550367169176473,0.2607904272529422,0.43370590105529316,0.30550367169176473,0.2607904272529422,0.43370590105529316,0.30550367169176473,0.2607904272529422,0.43370590105529316,0.2890110643306265,0.1523116735569184,0.558677262112455,0.2890110643306265,0.1523116735569184,0.558677262112455,False
2021,2020-12-12,RB Leipzig,Werder Bremen,2,False,0,0.1274069327058695,0.19972167967736934,0.6728713876167611,0.1274069327058695,0.19972167967736934,0.6728713876167611,0.1274069327058695,0.19972167967736934,0.6728713876167611,0.1274069327058695,0.19972167967736934,0.6728713876167611,0.10119953397397667,0.05,0.8488004660260233,0.10119953397397667,0.05,0.8488004660260233,False
2021,2020-12-12,Union Berlin,Bayern Munich,1,False,0,0.7726658818152327,0.15506835007920786,0.07226576810555939,0.7726658818152327,0.15506835007920786,0.07226576810555939,0.7726658818152327,0.15506835007920786,0.07226576810555939,0.7726658818152327,0.15506835007920786,0.07226576810555939,0.7389010896266253,0.07971437069438278,0.18138453967899193,0.7389010896266253,0.07971437069438278,0.18138453967899193,False
2021,2020-12-13,Augsburg,Schalke 04,1,False,0,0.3125728411152898,0.2887613664633199,0.39866579242139044,0.3125728411152898,0.2887613664633199,0.39866579242139044,0.3125728411152898,0.2887613664633199,0.39866579242139044,0.3125728411152898,0.2887613664633199,0.39866579242139044,0.24570942856678235,0.11817880086811013,0.6361117705651075,0.24570942856678235,0.11817880086811013,0.6361117705651075,False
2021,2020-12-13,Leverkusen,Hoffenheim,2,False,0,0.2943872611346173,0.24554932379241728,0.46006341507296555,0.2943872611346173,0.24554932379241728,0.46006341507296555,0.2943872611346173,0.24554932379241728,0.46006341507296555,0.2943872611346173,0.24554932379241728,0.46006341507296555,0.20927052296606052,0.09511652928675864,0.6956129477471809,0.20927052296606052,0.09511652928675864,0.6956129477471809,False
2021,2020-12-15,Ein Frankfurt,M'gladbach,1,False,0,0.37971185659946843,0.2731139556115478,0.34717418778898385,0.37971185659946843,0.2731139556115478,0.34717418778898385,0.37971185659946843,0.2731139556115478,0.34717418778898385,0.37971185659946843,0.2731139556115478,0.34717418778898385,0.3509389145455512,0.23278808315217756,0.4162730023022712,0.3509389145455512,0.23278808315217756,0.4162730023022712,False
2021,2020-12-15,Hertha,Mainz,1,False,0,0.26551789979748314,0.27233896345855735,0.46214313674395946,0.26551789979748314,0.27233896345855735,0.46214313674395946,0.26551789979748314,0.27233896345855735,0.46214313674395946,0.26551789979748314,0.27233896345855735,0.46214313674395946,0.23665052812805296,0.11206716182579367,0.6512823100461533,0.23665052812805296,0.11206716182579367,0.6512823100461533,False
2021,2020-12-15,Stuttgart,Union Berlin,1,True,12,0.3281133068054794,0.3149758274743387,0.3569108657201819,0.3281133068054794,0.3149758274743387,0.3569108657201819,0.3281133068054794,0.3149758274743387,0.3569108657201819,0.2507688587700821,0.2804147566003546,0.4688163846295634,0.2621979715896821,0.13009933783327826,0.6077026905770397,0.2621979715896821,0.13009933783327826,0.6077026905770397,False
2021,2020-12-15,Werder Bremen,Dortmund,0,False,0,0.5721494596632944,0.22344866502260732,0.2044018753140982,0.5721494596632944,0.22344866502260732,0.2044018753140982,0.5721494596632944,0.22344866502260732,0.2044018753140982,0.5721494596632944,0.22344866502260732,0.2044018753140982,0.5722018688231035,0.1459590239232249,0.2818391072536715,0.5722018688231035,0.1459590239232249,0.2818391072536715,False
2021,2020-12-16,Bayern Munich,Wolfsburg,2,False,0,0.06917117042754917,0.14974845895661837,0.7810803706158325,0.06917117042754917,0.14974845895661837,0.7810803706158325,0.06917117042754917,0.14974845895661837,0.7810803706158325,0.06917117042754917,0.14974845895661837,0.7810803706158325,0.11357963779624769,0.05,0.8364203622037523,0.11357963779624769,0.05,0.8364203622037523,False
2021,2020-12-16,Bielefeld,Augsburg,0,True,12,0.3,0.26,0.44,0.3,0.26,0.44,0.3,0.26,0.44,0.26780700863921303,0.26804650904881405,0.46414648231197303,0.29328484529778004,0.15626747313275688,0.5504476815694632,0.29328484529778004,0.15626747313275688,0.5504476815694632,False
2021,2020-12-16,FC Koln,Leverkusen,0,False,0,0.513682874343045,0.2354005636930736,0.2509165619638814,0.513682874343045,0.2354005636930736,0.2509165619638814,0.513682874343045,0.2354005636930736,0.2509165619638814,0.513682874343045,0.2354005636930736,0.2509165619638814,0.6142945322476652,0.1272755336972025,0.2584299340551325,0.6142945322476652,0.1272755336972025,0.2584299340551325,False
2021,2020-12-16,Hoffenheim,RB Leipzig,0,False,0,0.43192438644218223,0.25642998097274605,0.3116456325850717,0.43192438644218223,0.25642998097274605,0.3116456325850717,0.43192438644218223,0.25642998097274605,0.3116456325850717,0.43192438644218223,0.25642998097274605,0.3116456325850717,0.4783410022941299,0.19424768899872222,0.32741130870714785,0.4783410022941299,0.19424768899872222,0.32741130870714785,False
2021,2020-12-16,Schalke 04,Freiburg,0,False,0,0.3107458361662958,0.3035432662559416,0.38571089757776256,0.3107458361662958,0.3035432662559416,0.38571089757776256,0.3107458361662958,0.3035432662559416,0.38571089757776256,0.3107458361662958,0.3035432662559416,0.38571089757776256,0.3594806851816624,0.2528813877370354,0.38763792708130224,0.3594806851816624,0.2528813877370354,0.38763792708130224,False
2021,2020-12-18,Union Berlin,Dortmund,2,False,0,0.6209802611472891,0.21725060881757502,0.16176913003513588,0.6209802611472891,0.21725060881757502,0.16176913003513588,0.6209802611472891,0.21725060881757502,0.16176913003513588,0.6209802611472891,0.21725060881757502,0.16176913003513588,0.47082817733337334,0.19859164545493316,0.3305801772116935,0.47082817733337334,0.19859164545493316,0.3305801772116935,False
2021,2020-12-19,Augsburg,Ein Frankfurt,0,False,0,0.40907503259625644,0.2633129000598788,0.3276120673438647,0.40907503259625644,0.2633129000598788,0.3276120673438647,0.40907503259625644,0.2633129000598788,0.3276120673438647,0.40907503259625644,0.2633129000598788,0.3276120673438647,0.3615831644846429,0.2588583185693987,0.37955851694595844,0.3615831644846429,0.2588583185693987,0.37955851694595844,False
2021,2020-12-19,Leverkusen,Bayern Munich,0,False,0,0.6105437923069006,0.21555067540569373,0.17390553228740568,0.6105437923069006,0.21555067540569373,0.17390553228740568,0.6105437923069006,0.21555067540569373,0.17390553228740568,0.6105437923069006,0.21555067540569373,0.17390553228740568,0.45565017334775326,0.2076216991844139,0.3367281274678328,0.45565017334775326,0.2076216991844139,0.3367281274678328,False
2021,2020-12-19,M'gladbach,Hoffenheim,0,False,0,0.29645849956521914,0.261238771987424,0.4423027284473568,0.29645849956521914,0.261238771987424,0.4423027284473568,0.29645849956521914,0.261238771987424,0.4423027284473568,0.29645849956521914,0.261238771987424,0.4423027284473568,0.24434023286405573,0.11723667450311301,0.6384230926328313,0.24434023286405573,0.11723667450311301,0.6384230926328313,False
2021,2020-12-19,Mainz,Werder Bremen,0,False,0,0.34443802857171507,0.2771747638708772,0.37838720755740773,0.34443802857171507,0.2771747638708772,0.37838720755740773,0.34443802857171507,0.2771747638708772,0.37838720755740773,0.34443802857171507,0.2771747638708772,0.37838720755740773,0.31388418167639426,0.17755362493320404,0.5085621933904018,0.31388418167639426,0.17755362493320404,0.5085621933904018,False
2021,2020-12-19,RB Leipzig,FC Koln,1,False,0,0.10017187750906935,0.1659706396582816,0.7338574828326491,0.10017187750906935,0.1659706396582816,0.7338574828326491,0.10017187750906935,0.1659706396582816,0.7338574828326491,0.10017187750906935,0.1659706396582816,0.7338574828326491,0.08166961017198719,0.05,0.8683303898280128,0.08166961017198719,0.05,0.8683303898280128,False
2021,2020-12-19,Schalke 04,Bielefeld,0,True,13,0.3,0.26,0.44,0.3,0.26,0.44,0.3,0.26,0.44,0.3226347441135146,0.29955012847577306,0.3778151274107124,0.34976442031178195,0.23039903421581107,0.41983654547240706,0.34976442031178195,0.23039903421581107,0.41983654547240706,False
2021,2020-12-20,Freiburg,Hertha,2,False,0,0.3143356925472998,0.2856921107628351,0.3999721966898651,0.3143356925472998,0.2856921107628351,0.3999721966898651,0.3143356925472998,0.2856921107628351,0.3999721966898651,0.3143356925472998,0.2856921107628351,0.3999721966898651,0.305553477000458,0.16844806370809093,0.5259984592914511,0.305553477000458,0.16844806370809093,0.5259984592914511,False
2021,2020-12-20,Wolfsburg,Stuttgart,2,True,13,0.18156085288680243,0.27683190709271477,0.5416072400204828,0.18156085288680243,0.27683190709271477,0.5416072400204828,0.18156085288680243,0.27683190709271477,0.5416072400204828,0.25682329996092135,0.27978866530278507,0.46338803473629375,0.2668645027396904,0.13368676448917086,0.5994487327711386,0.2668645027396904,0.13368676448917086,0.5994487327711386,False
2021,2021-01-02,Bielefeld,M'gladbach,0,True,14,0.3,0.26,0.44,0.3,0.26,0.44,0.3,0.26,0.44,0.429122450259047,0.28118257293486026,0.2896949768060928,0.4597993565937866,0.20511849320745418,0.3350821501987592,0.4597993565937866,0.20511849320745418,0.3350821501987592,False
2021,2021-01-02,Ein Frankfurt,Leverkusen,2,False,0,0.3943357182557091,0.2580271996360461,0.34763708210824473,0.3943357182557091,0.2580271996360461,0.34763708210824473,0.3943357182557091,0.2580271996360461,0.34763708210824473,0.3943357182557091,0.2580271996360461,0.34763708210824473,0.4089470690735541,0.23777438884013924,0.3532785420863067,0.4089470690735541,0.23777438884013924,0.3532785420863067,False
2021,2021-01-02,FC Koln,Augsburg,0,False,0,0.3146619276717518,0.253387771114579,0.4319503012136692,0.3146619276717518,0.253387771114579,0.4319503012136692,0.3146619276717518,0.253387771114579,0.4319503012136692,0.3146619276717518,0.253387771114579,0.4319503012136692,0.30754036354171066,0.17055168264512074,0.5219079538131686,0.30754036354171066,0.17055168264512074,0.5219079538131686,False
2021,2021-01-02,Hertha,Schalke 04,2,False,0,0.2727661806841612,0.28927404443854,0.43795977487729887,0.2727661806841612,0.28927404443854,0.43795977487729887,0.2727661806841612,0.28927404443854,0.43795977487729887,0.2727661806841612,0.28927404443854,0.43795977487729887,0.19873505426770036,0.08910503770498178,0.7121599080273179,0.19873505426770036,0.08910503770498178,0.7121599080273179,False
2021,2021-01-02,Hoffenheim,Freiburg,0,False,0,0.1963439154293113,0.23935952883828066,0.564296555732408,0.1963439154293113,0.23935952883828066,0.564296555732408,0.1963439154293113,0.23935952883828066,0.564296555732408,0.1963439154293113,0.23935952883828066,0.564296555732408,0.2456215570100127,0.11811813340344156,0.6362603095865457,0.2456215570100127,0.11811813340344156,0.6362603095865457,False
2021,2021-01-02,Stuttgart,RB Leipzig,0,True,14,0.6189536978620511,0.23991546322843654,0.1411308389095124,0.6189536978620511,0.23991546322843654,0.1411308389095124,0.6189536978620511,0.23991546322843654,0.1411308389095124,0.5425204103374889,0.25167869343739524,0.20580089622511588,0.4947606753474139,0.185027731566371,0.3202115930862151,0.4947606753474139,0.185027731566371,0.3202115930862151,False
2021,2021-01-02,Werder Bremen,Union Berlin,0,False,0,0.25168321690798506,0.27172680439655345,0.47658997869546155,0.25168321690798506,0.27172680439655345,0.47658997869546155,0.25168321690798506,0.27172680439655345,0.47658997869546155,0.25168321690798506,0.27172680439655345,0.47658997869546155,0.35305561401163427,0.2372852065874872,0.40965917940087854,0.35305561401163427,0.2372852065874872,0.40965917940087854,False
2021,2021-01-03,Bayern Munich,Mainz,2,False,0,0.03981251721123012,0.10436182041993232,0.8558256623688376,0.03981251721123012,0.10436182041993232,0.8558256623688376,0.03981251721123012,0.10436182041993232,0.8558256623688376,0.03981251721123012,0.10436182041993232,0.8558256623688376,0.04014877732059287,0.05,0.9098512226794071,0.04014877732059287,0.05,0.9098512226794071,False
2021,2021-01-03,Dortmund,Wolfsburg,2,False,0,0.15677476215299535,0.21249905952557488,0.6307261783214299,0.15677476215299535,0.21249905952557488,0.6307261783214299,0.15677476215299535,0.21249905952557488,0.6307261783214299,0.15677476215299535,0.21249905952557488,0.6307261783214299,0.24604061252701875,0.11840770729442117,0.6355516801785601,0.24604061252701875,0.11840770729442117,0.6355516801785601,False
2021,2021-01-08,M'gladbach,Bayern Munich,2,False,0,0.5994015230508958,0.22936474347258967,0.1712337334765145,0.5994015230508958,0.22936474347258967,0.1712337334765145,0.5994015230508958,0.22936474347258967,0.1712337334765145,0.5994015230508958,0.22936474347258967,0.1712337334765145,0.6073497093576045,0.13025156956376896,0.2623987210786266,0.6073497093576045,0.13025156956376896,0.2623987210786266,False
2021,2021-01-09,Freiburg,FC Koln,2,False,0,0.2766739829919415,0.2621556472494296,0.46117036975862896,0.2766739829919415,0.2621556472494296,0.46117036975862896,0.2766739829919415,0.2621556472494296,0.46117036975862896,0.2766739829919415,0.2621556472494296,0.46117036975862896,0.21341684083127022,0.09755378412406375,0.689029375044666,0.21341684083127022,0.09755378412406375,0.689029375044666,False
2021,2021-01-09,Leverkusen,Werder Bremen,1,False,0,0.1908408663846723,0.22801067509227768,0.58114845852305,0.1908408663846723,0.22801067509227768,0.58114845852305,0.1908408663846723,0.22801067509227768,0.58114845852305,0.1908408663846723,0.22801067509227768,0.58114845852305,0.11933082637231229,0.05005532638058492,0.8306138472471027,0.11933082637231229,0.05005532638058492,0.8306138472471027,False
2021,2021-01-09,Mainz,Ein Frankfurt,0,False,0,0.40313853116514575,0.27163187037167985,0.3252295984631744,0.40313853116514575,0.27163187037167985,0.3252295984631744,0.40313853116514575,0.27163187037167985,0.3252295984631744,0.40313853116514575,0.27163187037167985,0.3252295984631744,0.4673127536797322,0.20065239505418064,0.3320348512660871,0.4673127536797322,0.20065239505418064,0.3320348512660871,False
2021,2021-01-09,RB Leipzig,Dortmund,0,False,0,0.3141907081707906,0.2505547406552731,0.4352545511739364,0.3141907081707906,0.2505547406552731,0.4352545511739364,0.3141907081707906,0.2505547406552731,0.4352545511739364,0.3141907081707906,0.2505547406552731,0.4352545511739364,0.25251380668463314,0.12296471716162202,0.6245214761537449,0.25251380668463314,0.12296471716162202,0.6245214761537449,False
2021,2021-01-09,Schalke 04,Hoffenheim,2,False,0,0.44979389477831466,0.27280058416118885,0.2774055210604965,0.44979389477831466,0.27280058416118885,0.2774055210604965,0.44979389477831466,0.27280058416118885,0.2774055210604965,0.44979389477831466,0.27280058416118885,0.2774055210604965,0.5239924863287685,0.16947723373142784,0.30653027993980364,0.5239924863287685,0.16947723373142784,0.30653027993980364,False
2021,2021-01-09,Union Berlin,Wolfsburg,1,False,0,0.4007688172757566,0.2940604206041769,0.30517076212006655,0.4007688172757566,0.2940604206041769,0.30517076212006655,0.4007688172757566,0.2940604206041769,0.30517076212006655,0.4007688172757566,0.2940604206041769,0.30517076212006655,0.3374875968287601,0.2087998025766224,0.45371260059461743,0.3374875968287601,0.2087998025766224,0.45371260059461743,False
2021,2021-01-10,Augsburg,Stuttgart,0,True,15,0.24914609590624753,0.28730545420216097,0.4635484498915916,0.24914609590624753,0.28730545420216097,0.4635484498915916,0.24914609590624753,0.28730545420216097,0.4635484498915916,0.3446394310192941,0.2770451667236781,0.3783154022570278,0.3608649141078127,0.25675402730579966,0.38238105858638766,0.3608649141078127,0.25675402730579966,0.38238105858638766,False
2021,2021-01-10,Bielefeld,Hertha,2,True,15,0.3,0.26,0.44,0.3,0.26,0.44,0.3,0.26,0.44,0.30549519633341465,0.2800212832909787,0.4144835203756067,0.3368829610734929,0.20786066675407106,0.4552563721724361,0.3368829610734929,0.20786066675407106,0.4552563721724361,False
2021,2021-01-15,Union Berlin,Leverkusen,2,False,0,0.5042739122640335,0.2592663267456065,0.23645976099036012,0.5042739122640335,0.2592663267456065,0.23645976099036012,0.5042739122640335,0.2592663267456065,0.23645976099036012,0.5042739122640335,0.2592663267456065,0.23645976099036012,0.4076078479610693,0.23869702012388763,0.35369513191504315,0.4076078479610693,0.23869702012388763,0.35369513191504315,False
2021,2021-01-16,Dortmund,Mainz,1,False,0,0.10153261424287384,0.1684260876848887,0.7300412980722375,0.10153261424287384,0.1684260876848887,0.7300412980722375,0.10153261424287384,0.1684260876848887,0.7300412980722375,0.10153261424287384,0.1684260876848887,0.7300412980722375,0.08787481604328157,0.05,0.8621251839567183,0.08787481604328157,0.05,0.8621251839567183,False
2021,2021-01-16,FC Koln,Hertha,1,False,0,0.3570557556891085,0.2617059063482093,0.38123833796268214,0.3570557556891085,0.2617059063482093,0.38123833796268214,0.3570557556891085,0.2617059063482093,0.38123833796268214,0.3570557556891085,0.2617059063482093,0.38123833796268214,0.35101074422142015,0.23293654042609,0.41605271535248983,0.35101074422142015,0.23293654042609,0.41605271535248983,False
2021,2021-01-16,Hoffenheim,Bielefeld,1,True,16,0.3,0.26,0.44,0.3,0.26,0.44,0.3,0.26,0.44,0.2049801406721235,0.23821366809945232,0.5568061912284242,0.24022004732915941,0.11444171551653062,0.64533823715431,0.24022004732915941,0.11444171551653062,0.64533823715431,False
2021,2021-01-16,Stuttgart,M'gladbach,1,True,16,0.5102807713347166,0.28310986204616523,0.20660936661911813,0.5102807713347166,0.28310986204616523,0.20660936661911813,0.5102807713347166,0.28310986204616523,0.20660936661911813,0.429122450259047,0.28118257293486026,0.2896949768060928,0.3486653124214178,0.228225653685974,0.4231090338926082,0.3486653124214178,0.228225653685974,0.4231090338926082,False
2021,2021-01-16,Werder Bremen,Augsburg,2,False,0,0.2688720660245142,0.25961565450603435,0.47151227946945146,0.2688720660245142,0.25961565450603435,0.47151227946945146,0.2688720660245142,0.25961565450603435,0.47151227946945146,0.2688720660245142,0.25961565450603435,0.47151227946945146,0.29039713311285503,0.15357993916237608,0.5560229277247688,0.29039713311285503,0.15357993916237608,0.5560229277247688,False
2021,2021-01-16,Wolfsburg,RB Leipzig,1,False,0,0.48477936901449675,0.26906084219733206,0.24615978878817119,0.48477936901449675,0.26906084219733206,0.24615978878817119,0.48477936901449675,0.26906084219733206,0.24615978878817119,0.48477936901449675,0.26906084219733206,0.24615978878817119,0.3927858957108889,0.2491463717327078,0.3580677325564033,0.3927858957108889,0.2491463717327078,0.3580677325564033,False
2021,2021-01-17,Bayern Munich,Freiburg,2,False,0,0.04890437109230447,0.12248715200106852,0.8286084769066271,0.04890437109230447,0.12248715200106852,0.8286084769066271,0.04890437109230447,0.12248715200106852,0.8286084769066271,0.04890437109230447,0.12248715200106852,0.8286084769066271,0.08091373990258673,0.05,0.8690862600974132,0.08091373990258673,0.05,0.8690862600974132,False
2021,2021-01-17,Ein Frankfurt,Schalke 04,2,False,0,0.23032904400188864,0.2690528688739342,0.5006180871241771,0.23032904400188864,0.2690528688739342,0.5006180871241771,0.23032904400188864,0.2690528688739342,0.5006180871241771,0.23032904400188864,0.2690528688739342,0.5006180871241771,0.13549889585356345,0.05730179248947882,0.8071993116569577,0.13549889585356345,0.05730179248947882,0.8071993116569577,False
2021,2021-01-19,Hertha,Hoffenheim,0,False,0,0.4296661083577662,0.25990542232140157,0.31042846932083223,0.4296661083577662,0.25990542232140157,0.31042846932083223,0.4296661083577662,0.25990542232140157,0.31042846932083223,0.4296661083577662,0.25990542232140157,0.31042846932083223,0.3284421467809474,0.19563984596478307,0.4759180072542696,0.3284421467809474,0.19563984596478307,0.4759180072542696,False
2021,2021-01-19,Leverkusen,Dortmund,2,False,0,0.42254326520403446,0.24396409923938508,0.3334926355565805,0.42254326520403446,0.24396409923938508,0.3334926355565805,0.42254326520403446,0.24396409923938508,0.3334926355565805,0.42254326520403446,0.24396409923938508,0.3334926355565805,0.3250729437150106,0.19116007356704245,0.48376698271794694,0.3250729437150106,0.19116007356704245,0.48376698271794694,False
2021,2021-01-19,M'gladbach,Werder Bremen,2,False,0,0.1958817005088846,0.24585722343490665,0.5582610760562087,0.1958817005088846,0.24585722343490665,0.5582610760562087,0.1958817005088846,0.24585722343490665,0.5582610760562087,0.1958817005088846,0.24585722343490665,0.5582610760562087,0.1621432710873965,0.06993649360217759,0.7679202353104259,0.1621432710873965,0.06993649360217759,0.7679202353104259,False
2021,2021-01-19,Mainz,Wolfsburg,0,False,0,0.38791356949708466,0.28846065597113046,0.3236257745317849,0.38791356949708466,0.28846065597113046,0.3236257745317849,0.38791356949708466,0.28846065597113046,0.3236257745317849,0.38791356949708466,0.28846065597113046,0.3236257745317849,0.5146621722143359,0.1743264881221332,0.31101133966353106,0.5146621722143359,0.1743264881221332,0.31101133966353106,False
2021,2021-01-20,Augsburg,Bayern Munich,0,False,0,0.7783160282256454,0.1465085791574782,0.07517539261687642,0.7783160282256454,0.1465085791574782,0.07517539261687642,0.7783160282256454,0.1465085791574782,0.07517539261687642,0.7783160282256454,0.1465085791574782,0.07517539261687642,0.8180530079122441,0.05391844792649085,0.12802854416126508,0.8180530079122441,0.05391844792649085,0.12802854416126508,False
2021,2021-01-20,Bielefeld,Stuttgart,2,True,17,0.3,0.26,0.44,0.3,0.26,0.44,0.3,0.26,0.44,0.3021289059788163,0.2837131413982052,0.4141579526229785,0.37426831826589735,0.2628503858326219,0.3628812959014808,0.37426831826589735,0.2628503858326219,0.3628812959014808,False
2021,2021-01-20,Freiburg,Ein Frankfurt,1,False,0,0.3699953625508264,0.27861868755179897,0.3513859498973747,0.3699953625508264,0.27861868755179897,0.3513859498973747,0.3699953625508264,0.27861868755179897,0.3513859498973747,0.3699953625508264,0.27861868755179897,0.3513859498973747,0.3443035390146675,0.22012128541162368,0.43557517557370884,0.3443035390146675,0.22012128541162368,0.43557517557370884,False
2021,2021-01-20,RB Leipzig,Union Berlin,2,False,0,0.09958530651726458,0.18918841655791904,0.7112262769248164,0.09958530651726458,0.18918841655791904,0.7112262769248164,0.09958530651726458,0.18918841655791904,0.7112262769248164,0.09958530651726458,0.18918841655791904,0.7112262769248164,0.1720754249831657,0.07490717148690003,0.7530174035299344,0.1720754249831657,0.07490717148690003,0.7530174035299344,False
2021,2021-01-20,Schalke 04,FC Koln,0,False,0,0.2900107074434928,0.273531116299718,0.4364581762567893,0.2900107074434928,0.273531116299718,0.4364581762567893,0.2900107074434928,0.273531116299718,0.4364581762567893,0.2900107074434928,0.273531116299718,0.4364581762567893,0.3300534991620761,0.19785619435547672,0.47209030648244715,0.3300534991620761,0.19785619435547672,0.47209030648244715,False
2021,2021-01-22,M'gladbach,Dortmund,2,False,0,0.4196041887931029,0.2580140378158193,0.3223817733910779,0.4196041887931029,0.2580140378158193,0.3223817733910779,0.4196041887931029,0.2580140378158193,0.3223817733910779,0.4196041887931029,0.2580140378158193,0.3223817733910779,0.33864343143098763,0.21062216997645172,0.4507343985925607,0.33864343143098763,0.21062216997645172,0.4507343985925607,False
2021,2021-01-23,Augsburg,Union Berlin,2,False,0,0.2880921487874827,0.2777545828522381,0.43415326836027923,0.2880921487874827,0.2777545828522381,0.43415326836027923,0.2880921487874827,0.2777545828522381,0.43415326836027923,0.2880921487874827,0.2777545828522381,0.43415326836027923,0.4173208896397079,0.2320831224166341,0.350595987943658,0.4173208896397079,0.2320831224166341,0.350595987943658,False
2021,2021-01-23,Bielefeld,Ein Frankfurt,0,True,18,0.3,0.26,0.44,0.3,0.26,0.44,0.3,0.26,0.44,0.3609297112783093,0.2741683785691331,0.3649019101525576,0.3978521101134135,0.24552473608693437,0.35662315379965215,0.3978521101134135,0.24552473608693437,0.35662315379965215,False
2021,2021-01-23,Freiburg,Stuttgart,2,True,18,0.2242639935826535,0.2957051755477393,0.48003083086960724,0.2242639935826535,0.2957051755477393,0.48003083086960724,0.2242639935826535,0.2957051755477393,0.48003083086960724,0.3108187072252199,0.2894496253161313,0.3997316674586489,0.3108634605433078,0.1741629610712366,0.5149735783854555,0.3108634605433078,0.1741629610712366,0.5149735783854555,False
2021,2021-01-23,Hertha,Werder Bremen,0,False,0,0.30432982614676923,0.2712872517805351,0.4243829220726957,0.30432982614676923,0.2712872517805351,0.4243829220726957,0.30432982614676923,0.2712872517805351,0.4243829220726957,0.30432982614676923,0.2712872517805351,0.4243829220726957,0.2958942556135385,0.1587509784672955,0.545354765919166,0.2958942556135385,0.1587509784672955,0.545354765919166,False
2021,2021-01-23,Leverkusen,Wolfsburg,0,False,0,0.2308667871705713,0.2555063865912197,0.513626826238209,0.2308667871705713,0.2555063865912197,0.513626826238209,0.2308667871705713,0.2555063865912197,0.513626826238209,0.2308667871705713,0.2555063865912197,0.513626826238209,0.2513308025692547,0.12211983406116735,0.6265493633695779,0.2513308025692547,0.12211983406116735,0.6265493633695779,False
2021,2021-01-23,Mainz,RB Leipzig,2,False,0,0.5866188671224981,0.23711575056370227,0.17626538231379962,0.5866188671224981,0.23711575056370227,0.17626538231379962,0.5866188671224981,0.23711575056370227,0.17626538231379962,0.5866188671224981,0.23711575056370227,0.17626538231379962,0.7070948879131128,0.09092818931166315,0.20197692277522403,0.7070948879131128,0.09092818931166315,0.20197692277522403,False
2021,2021-01-24,Hoffenheim,FC Koln,2,False,0,0.16934522245094558,0.20113983549673342,0.629514942052321,0.16934522245094558,0.20113983549673342,0.629514942052321,0.16934522245094558,0.20113983549673342,0.629514942052321,0.16934522245094558,0.20113983549673342,0.629514942052321,0.20277871458929755,0.0913826707755488,0.7058386146351536,0.20277871458929755,0.0913826707755488,0.7058386146351536,False
2021,2021-01-24,Schalke 04,Bayern Munich,0,False,0,0.7367291825685693,0.17726092562047618,0.08600989181095446,0.7367291825685693,0.17726092562047618,0.08600989181095446,0.7367291825685693,0.17726092562047618,0.08600989181095446,0.7367291825685693,0.17726092562047618,0.08600989181095446,0.8589101640881085,0.05,0.0910898359118915,0.8589101640881085,0.05,0.0910898359118915,False
2021,2021-01-29,Stuttgart,Mainz,2,True,19,0.347052185893154,0.3080921149437982,0.3448556991630479,0.347052185893154,0.3080921149437982,0.3448556991630479,0.347052185893154,0.3080921149437982,0.3448556991630479,0.26671282149980446,0.27674061785870296,0.45654656064149257,0.19958017210091414,0.08957810466298921,0.7108417232360966,0.19958017210091414,0.08957810466298921,0.7108417232360966,False
2021,2021-01-30,Bayern Munich,Hoffenheim,2,False,0,0.09143449477223374,0.15479517619184835,0.7537703290359179,0.09143449477223374,0.15479517619184835,0.7537703290359179,0.09143449477223374,0.15479517619184835,0.7537703290359179,0.09143449477223374,0.15479517619184835,0.7537703290359179,0.08301701765184182,0.05,0.8669829823481582,0.08301701765184182,0.05,0.8669829823481582,False
2021,2021-01-30,Dortmund,Augsburg,2,False,0,0.0991200934978698,0.1593681632216741,0.741511743280456,0.0991200934978698,0.1593681632216741,0.741511743280456,0.0991200934978698,0.1593681632216741,0.741511743280456,0.0991200934978698,0.1593681632216741,0.741511743280456,0.11972018689296608,0.050226605001158775,0.8300532081058751,0.11972018689296608,0.050226605001158775,0.8300532081058751,False
2021,2021-01-30,Ein Frankfurt,Hertha,2,False,0,0.25792642467989585,0.25843106392948395,0.48364251139062026,0.25792642467989585,0.25843106392948395,0.48364251139062026,0.25792642467989585,0.25843106392948395,0.48364251139062026,0.25792642467989585,0.25843106392948395,0.48364251139062026,0.1615899678545219,0.06966409744354064,0.7687459347019375,0.1615899678545219,0.06966409744354064,0.7687459347019375,False
2021,2021-01-30,RB Leipzig,Leverkusen,2,False,0,0.22199981410069014,0.24094131716440845,0.5370588687349014,0.22199981410069014,0.24094131716440845,0.5370588687349014,0.22199981410069014,0.24094131716440845,0.5370588687349014,0.22199981410069014,0.24094131716440845,0.5370588687349014,0.26084114185900403,0.12907522848282474,0.6100836296581713,0.26084114185900403,0.12907522848282474,0.6100836296581713,False
2021,2021-01-30,Union Berlin,M'gladbach,1,False,0,0.484013364982814,0.276481924189251,0.23950471082793506,0.484013364982814,0.276481924189251,0.23950471082793506,0.484013364982814,0.276481924189251,0.23950471082793506,0.484013364982814,0.276481924189251,0.23950471082793506,0.370626478238591,0.26563572851000716,0.3637377932514018,0.370626478238591,0.26563572851000716,0.3637377932514018,False
2021,2021-01-30,Werder Bremen,Schalke 04,1,False,0,0.2753507764437205,0.2850265060068668,0.43962271754941273,0.2753507764437205,0.2850265060068668,0.43962271754941273,0.2753507764437205,0.2850265060068668,0.43962271754941273,0.2753507764437205,0.2850265060068668,0.43962271754941273,0.19921578150830524,0.08937394259933647,0.7114102758923584,0.19921578150830524,0.08937394259933647,0.7114102758923584,False
2021,2021-01-31,FC Koln,Bielefeld,2,True,19,0.3,0.26,0.44,0.3,0.26,0.44,0.3,0.26,0.44,0.3529582480628536,0.2654325351364577,0.3816092168006887,0.33250234636866294,0.20132412458357066,0.46617352904776643,0.33250234636866294,0.20132412458357066,0.46617352904776643,False
2021,2021-01-31,Wolfsburg,Freiburg,2,False,0,0.246776394529189,0.28224031754843953,0.47098328792237143,0.246776394529189,0.28224031754843953,0.47098328792237143,0.246776394529189,0.28224031754843953,0.47098328792237143,0.246776394529189,0.28224031754843953,0.47098328792237143,0.22857141376879314,0.10684343278107246,0.6645851534501345,0.22857141376879314,0.10684343278107246,0.6645851534501345,False
2021,2021-02-05,Hertha,Bayern Munich,0,False,0,0.7318657006677909,0.1723265639774174,0.09580773535479173,0.7318657006677909,0.1723265639774174,0.09580773535479173,0.7318657006677909,0.1723265639774174,0.09580773535479173,0.7318657006677909,0.1723265639774174,0.09580773535479173,0.8190126093624533,0.05362138022284574,0.12736601041470086,0.8190126093624533,0.05362138022284574,0.12736601041470086,False
2021,2021-02-06,Augsburg,Wolfsburg,0,False,0,0.3937342079546134,0.2799516300104558,0.32631416203493074,0.3937342079546134,0.2799516300104558,0.32631416203493074,0.3937342079546134,0.2799516300104558,0.32631416203493074,0.3937342079546134,0.2799516300104558,0.32631416203493074,0.5396672527234175,0.16155727357645247,0.29877547370012997,0.5396672527234175,0.16155727357645247,0.29877547370012997,False
2021,2021-02-06,Freiburg,Dortmund,2,False,0,0.5717450809891301,0.2327051416693369,0.19554977734153295,0.5717450809891301,0.2327051416693369,0.19554977734153295,0.5717450809891301,0.2327051416693369,0.19554977734153295,0.5717450809891301,0.2327051416693369,0.19554977734153295,0.4419452977615634,0.216083372690865,0.3419713295475716,0.4419452977615634,0.216083372690865,0.3419713295475716,False
2021,2021-02-06,Leverkusen,Stuttgart,2,True,20,0.12896553247178422,0.22201836517135362,0.6490161023568622,0.12896553247178422,0.22201836517135362,0.6490161023568622,0.12896553247178422,0.22201836517135362,0.6490161023568622,0.19086914393288512,0.2364294440555677,0.5727014120115472,0.2116757541641649,0.0965252174659663,0.6917990283698688,0.2116757541641649,0.0965252174659663,0.6917990283698688,False
2021,2021-02-06,M'gladbach,FC Koln,0,False,0,0.1628209548064137,0.2161924420820194,0.620986603111567,0.1628209548064137,0.2161924420820194,0.620986603111567,0.1628209548064137,0.2161924420820194,0.620986603111567,0.1628209548064137,0.2161924420820194,0.620986603111567,0.13013421719233642,0.05486577460464948,0.8150000082030141,0.13013421719233642,0.05486577460464948,0.8150000082030141,False
2021,2021-02-06,Mainz,Union Berlin,2,False,0,0.2851802871544024,0.2862303789279195,0.4285893339176781,0.2851802871544024,0.2862303789279195,0.4285893339176781,0.2851802871544024,0.2862303789279195,0.4285893339176781,0.2851802871544024,0.2862303789279195,0.4285893339176781,0.4238393004319335,0.2277433092030959,0.3484173903649706,0.4238393004319335,0.2277433092030959,0.3484173903649706,False
2021,2021-02-06,Schalke 04,RB Leipzig,0,False,0,0.5576693965631174,0.2568987609150888,0.18543184252179373,0.5576693965631174,0.2568987609150888,0.18543184252179373,0.5576693965631174,0.2568987609150888,0.18543184252179373,0.5576693965631174,0.2568987609150888,0.18543184252179373,0.7397555247378137,0.07942055911523159,0.18082391614695476,0.7397555247378137,0.07942055911523159,0.18082391614695476,False
2021,2021-02-07,Hoffenheim,Ein Frankfurt,0,False,0,0.2530724399061287,0.24061899261321687,0.5063085674806544,0.2530724399061287,0.24061899261321687,0.5063085674806544,0.2530724399061287,0.24061899261321687,0.5063085674806544,0.2530724399061287,0.24061899261321687,0.5063085674806544,0.35171551648886806,0.2344081512988468,0.4138763322122852,0.35171551648886806,0.2344081512988468,0.4138763322122852,False
2021,2021-02-12,RB Leipzig,Augsburg,2,False,0,0.10450004138095645,0.18001690492041864,0.715483053698625,0.10450004138095645,0.18001690492041864,0.715483053698625,0.10450004138095645,0.18001690492041864,0.715483053698625,0.10450004138095645,0.18001690492041864,0.715483053698625,0.08862634351807036,0.05,0.8613736564819295,0.08862634351807036,0.05,0.8613736564819295,False
2021,2021-02-13,Dortmund,Hoffenheim,1,False,0,0.2045014870843016,0.21200399977438725,0.5834945131413112,0.2045014870843016,0.21200399977438725,0.5834945131413112,0.2045014870843016,0.21200399977438725,0.5834945131413112,0.2045014870843016,0.21200399977438725,0.5834945131413112,0.18800646478343605,0.08322874321792152,0.7287647919986424,0.18800646478343605,0.08322874321792152,0.7287647919986424,False
2021,2021-02-13,Leverkusen,Mainz,1,False,0,0.16196500066466463,0.22072344764418286,0.6173115516911525,0.16196500066466463,0.22072344764418286,0.6173115516911525,0.16196500066466463,0.22072344764418286,0.6173115516911525,0.16196500066466463,0.22072344764418286,0.6173115516911525,0.11949957197164478,0.05012953860602984,0.8303708894223254,0.11949957197164478,0.05012953860602984,0.8303708894223254,False
2021,2021-02-13,Stuttgart,Hertha,1,True,21,0.38832112419042686,0.30350008523874245,0.30817879057083075,0.38832112419042686,0.30350008523874245,0.30817879057083075,0.38832112419042686,0.30350008523874245,0.30817879057083075,0.30549519633341465,0.2800212832909787,0.4144835203756067,0.21408318766805176,0.09794943705786839,0.6879673752740798,0.21408318766805176,0.09794943705786839,0.6879673752740798,False
2021,2021-02-13,Union Berlin,Schalke 04,1,False,0,0.3215707092176046,0.3055135585771936,0.37291573220520186,0.3215707092176046,0.3055135585771936,0.37291573220520186,0.3215707092176046,0.3055135585771936,0.37291573220520186,0.3215707092176046,0.3055135585771936,0.37291573220520186,0.15835375923367404,0.0680800157292251,0.7735662250371009,0.15835375923367404,0.0680800157292251,0.7735662250371009,False
2021,2021-02-13,Werder Bremen,Freiburg,1,False,0,0.2925305152263613,0.27855233789347683,0.4289171468801619,0.2925305152263613,0.27855233789347683,0.4289171468801619,0.2925305152263613,0.27855233789347683,0.4289171468801619,0.2925305152263613,0.27855233789347683,0.4289171468801619,0.3496271776151151,0.23012444909743626,0.4202483732874487,0.3496271776151151,0.23012444909743626,0.4202483732874487,False
2021,2021-02-14,Ein Frankfurt,FC Koln,2,False,0,0.21890125891044654,0.22917226639330832,0.5519264746962451,0.21890125891044654,0.22917226639330832,0.5519264746962451,0.21890125891044654,0.22917226639330832,0.5519264746962451,0.21890125891044654,0.22917226639330832,0.5519264746962451,0.15018322793501943,0.06414751193831955,0.785669260126661,0.15018322793501943,0.06414751193831955,0.785669260126661,False
2021,2021-02-14,Wolfsburg,M'gladbach,1,False,0,0.37549924369807686,0.2894008170605159,0.33509993924140724,0.37549924369807686,0.2894008170605159,0.33509993924140724,0.37549924369807686,0.2894008170605159,0.33509993924140724,0.37549924369807686,0.2894008170605159,0.33509993924140724,0.2884450554604979,0.15179769938125376,0.5597572451582483,0.2884450554604979,0.15179769938125376,0.5597572451582483,False
2021,2021-02-15,Bayern Munich,Bielefeld,1,True,20,0.3,0.26,0.44,0.3,0.26,0.44,0.3,0.26,0.44,0.05115481747015623,0.12278343213190823,0.8260617503979355,0.046149071463485423,0.05,0.9038509285365145,0.046149071463485423,0.05,0.9038509285365145,False
2021,2021-02-19,Bielefeld,Wolfsburg,0,True,21,0.3,0.26,0.44,0.3,0.26,0.44,0.3,0.26,0.44,0.3480459550802738,0.2905963560331107,0.36135768888661557,0.5156400021379112,0.17381339970800758,0.3105465981540812,0.5156400021379112,0.17381339970800758,0.3105465981540812,False
2021,2021-02-20,Ein Frankfurt,Bayern Munich,2,False,0,0.6910427585086443,0.1867997035724506,0.12215753791890523,0.6910427585086443,0.1867997035724506,0.12215753791890523,0.6910427585086443,0.1867997035724506,0.12215753791890523,0.6910427585086443,0.1867997035724506,0.12215753791890523,0.5587706427036073,0.15226718614663876,0.28896217114975387,0.5587706427036073,0.15226718614663876,0.28896217114975387,False
2021,2021-02-20,FC Koln,Stuttgart,0,True,22,0.2537165329817964,0.27552865079980254,0.4707548162184011,0.2537165329817964,0.27552865079980254,0.4707548162184011,0.2537165329817964,0.27552865079980254,0.4707548162184011,0.3529582480628536,0.2654325351364577,0.3816092168006887,0.3606793718224461,0.25622146096847387,0.38309916720908016,0.3606793718224461,0.25622146096847387,0.38309916720908016,False
2021,2021-02-20,Freiburg,Union Berlin,0,False,0,0.2591617146263269,0.2874016060450576,0.4534366793286154,0.2591617146263269,0.2874016060450576,0.4534366793286154,0.2591617146263269,0.2874016060450576,0.4534366793286154,0.2591617146263269,0.2874016060450576,0.4534366793286154,0.2871197483054227,0.1506029658323785,0.5622772858621988,0.2871197483054227,0.1506029658323785,0.5622772858621988,False
2021,2021-02-20,M'gladbach,Mainz,0,False,0,0.16744567253457385,0.23932670882147364,0.5932276186439526,0.16744567253457385,0.23932670882147364,0.5932276186439526,0.16744567253457385,0.23932670882147364,0.5932276186439526,0.16744567253457385,0.23932670882147364,0.5932276186439526,0.13892296150877131,0.058874116486360706,0.802202922004868,0.13892296150877131,0.058874116486360706,0.802202922004868,False
2021,2021-02-20,Schalke 04,Dortmund,0,False,0,0.5804630920113393,0.23613162618589129,0.18340528180276944,0.5804630920113393,0.23613162618589129,0.18340528180276944,0.5804630920113393,0.23613162618589129,0.18340528180276944,0.5804630920113393,0.23613162618589129,0.18340528180276944,0.6766580114339754,0.10220687315449076,0.22113511541153388,0.6766580114339754,0.10220687315449076,0.22113511541153388,False
2021,2021-02-21,Augsburg,Leverkusen,1,False,0,0.4996549729206348,0.24782261654787408,0.2525224105314911,0.4996549729206348,0.24782261654787408,0.2525224105314911,0.4996549729206348,0.24782261654787408,0.2525224105314911,0.4996549729206348,0.24782261654787408,0.2525224105314911,0.5849607301820906,0.1401277409061534,0.2749115289117561,0.5849607301820906,0.1401277409061534,0.2749115289117561,False
2021,2021-02-21,Hertha,RB Leipzig,0,False,0,0.5441043641781443,0.2482946533713948,0.20760098245046082,0.5441043641781443,0.2482946533713948,0.20760098245046082,0.5441043641781443,0.2482946533713948,0.20760098245046082,0.5441043641781443,0.2482946533713948,0.20760098245046082,0.6567912913723063,0.10988894330673615,0.2333197653209576,0.6567912913723063,0.10988894330673615,0.2333197653209576,False
2021,2021-02-21,Hoffenheim,Werder Bremen,2,False,0,0.2052293506949437,0.229915014934977,0.5648556343700794,0.2052293506949437,0.229915014934977,0.5648556343700794,0.2052293506949437,0.229915014934977,0.5648556343700794,0.2052293506949437,0.229915014934977,0.5648556343700794,0.24892432144114685,0.12041803230954662,0.6306576462493065,0.24892432144114685,0.12041803230954662,0.6306576462493065,False
2021,2021-02-26,Werder Bremen,Ein Frankfurt,2,False,0,0.3643820794872028,0.26604286069887556,0.3695750598139217,0.3643820794872028,0.26604286069887556,0.3695750598139217,0.3643820794872028,0.26604286069887556,0.3695750598139217,0.3643820794872028,0.26604286069887556,0.3695750598139217,0.5161007253862075,0.17357204857525976,0.3103272260385327,0.5161007253862075,0.17357204857525976,0.3103272260385327,False
2021,2021-02-27,Bayern Munich,FC Koln,2,False,0,0.03441302625131057,0.08437870514645018,0.8812082686022393,0.03441302625131057,0.08437870514645018,0.8812082686022393,0.03441302625131057,0.08437870514645018,0.8812082686022393,0.03441302625131057,0.08437870514645018,0.8812082686022393,0.04821937261726955,0.05,0.9017806273827305,0.04821937261726955,0.05,0.9017806273827305,False
2021,2021-02-27,Dortmund,Bielefeld,2,True,22,0.3,0.26,0.44,0.3,0.26,0.44,0.3,0.26,0.44,0.12397756270615945,0.18745758089239745,0.6885648564014432,0.12513923583082479,0.05262638964064871,0.8222343745285265,0.12513923583082479,0.05262638964064871,0.8222343745285265,False
2021,2021-02-27,RB Leipzig,M'gladbach,2,False,0,0.2167249764063991,0.2549557766737701,0.5283192469198308,0.2167249764063991,0.2549557766737701,0.5283192469198308,0.2167249764063991,0.2549557766737701,0.5283192469198308,0.2167249764063991,0.2549557766737701,0.5283192469198308,0.20734971031848007,0.09400152802255103,0.6986487616589689,0.20734971031848007,0.09400152802255103,0.6986487616589689,False
2021,2021-02-27,Stuttgart,Schalke 04,2,True,23,0.3500685051618589,0.3230499397479316,0.3268815550902096,0.3500685051618589,0.3230499397479316,0.3268815550902096,0.3500685051618589,0.3230499397479316,0.3268815550902096,0.27369942423151306,0.2936782785797788,0.43262229718870826,0.15130915936266384,0.06468391751111441,0.7840069231262217,0.15130915936266384,0.06468391751111441,0.7840069231262217,False
2021,2021-02-27,Wolfsburg,Hertha,2,False,0,0.2594722210308528,0.27621276355443153,0.4643150154147156,0.2594722210308528,0.27621276355443153,0.4643150154147156,0.2594722210308528,0.27621276355443153,0.4643150154147156,0.2594722210308528,0.27621276355443153,0.4643150154147156,0.12569708031706428,0.052875155783518375,0.8214277638994173,0.12569708031706428,0.052875155783518375,0.8214277638994173,False
2021,2021-02-28,Leverkusen,Freiburg,0,False,0,0.18281942019313568,0.23739259445045352,0.5797879853564109,0.18281942019313568,0.23739259445045352,0.5797879853564109,0.18281942019313568,0.23739259445045352,0.5797879853564109,0.18281942019313568,0.23739259445045352,0.5797879853564109,0.20278016977124327,0.09138349692532309,0.7058363333034336,0.20278016977124327,0.09138349692532309,0.7058363333034336,False
2021,2021-02-28,Mainz,Augsburg,0,False,0,0.3048810342013455,0.2729132727590597,0.42220569303959476,0.3048810342013455,0.2729132727590597,0.42220569303959476,0.3048810342013455,0.2729132727590597,0.42220569303959476,0.3048810342013455,0.2729132727590597,0.42220569303959476,0.28200687124908397,0.1461038048527918,0.5718893238981242,0.28200687124908397,0.1461038048527918,0.5718893238981242,False
2021,2021-02-28,Union Berlin,Hoffenheim,1,False,0,0.487888158383156,0.25944577408817676,0.25266606752866727,0.487888158383156,0.25944577408817676,0.25266606752866727,0.487888158383156,0.25944577408817676,0.25266606752866727,0.487888158383156,0.25944577408817676,0.25266606752866727,0.30563644066480133,0.16853510321557644,0.5258284561196223,0.30563644066480133,0.16853510321557644,0.5258284561196223,False
2021,2021-03-05,Schalke 04,Mainz,1,False,0,0.2875189694900253,0.29474255600398597,0.41773847450598883,0.2875189694900253,0.29474255600398597,0.41773847450598883,0.2875189694900253,0.29474255600398597,0.41773847450598883,0.2875189694900253,0.29474255600398597,0.41773847450598883,0.357763888721548,0.24836899160397038,0.39386711967448157,0.357763888721548,0.24836899160397038,0.39386711967448157,False
2021,2021-03-06,Bayern Munich,Dortmund,2,False,0,0.15964271283113313,0.198349077424355,0.6420082097445119,0.15964271283113313,0.198349077424355,0.6420082097445119,0.15964271283113313,0.198349077424355,0.6420082097445119,0.15964271283113313,0.198349077424355,0.6420082097445119,0.16302323896972426,0.07037066279647057,0.7666060982338052,0.16302323896972426,0.07037066279647057,0.7666060982338052,False
2021,2021-03-06,Ein Frankfurt,Stuttgart,1,True,24,0.1779961213366319,0.2568429388845354,0.5651609397788326,0.1779961213366319,0.2568429388845354,0.5651609397788326,0.1779961213366319,0.2568429388845354,0.5651609397788326,0.2553420801698074,0.2618840875013233,0.4827738323288694,0.22314520752082273,0.10344478053530791,0.6734100119438693,0.22314520752082273,0.10344478053530791,0.6734100119438693,False
2021,2021-03-06,Freiburg,RB Leipzig,0,False,0,0.5496631913189836,0.2530057446625766,0.1973310640184398,0.5496631913189836,0.2530057446625766,0.1973310640184398,0.5496631913189836,0.2530057446625766,0.1973310640184398,0.5496631913189836,0.2530057446625766,0.1973310640184398,0.5123431307115088,0.1755479804663015,0.3121088888221897,0.5123431307115088,0.1755479804663015,0.3121088888221897,False
2021,2021-03-06,Hertha,Augsburg,2,False,0,0.2665058637841925,0.26368214967988507,0.46981198653592243,0.2665058637841925,0.26368214967988507,0.46981198653592243,0.2665058637841925,0.26368214967988507,0.46981198653592243,0.2665058637841925,0.26368214967988507,0.46981198653592243,0.3099553310840315,0.1731641165847398,0.5168805523312288,0.3099553310840315,0.1731641165847398,0.5168805523312288,False
2021,2021-03-06,Hoffenheim,Wolfsburg,2,False,0,0.24687965559356204,0.2559137580150135,0.4972065863914245,0.24687965559356204,0.2559137580150135,0.4972065863914245,0.24687965559356204,0.2559137580150135,0.4972065863914245,0.24687965559356204,0.2559137580150135,0.4972065863914245,0.38380592494979404,0.25569841612946925,0.36049565892073665,0.38380592494979404,0.25569841612946925,0.36049565892073665,False
2021,2021-03-06,M'gladbach,Leverkusen,0,False,0,0.31309907838962103,0.2674392323018176,0.4194616893085613,0.31309907838962103,0.2674392323018176,0.4194616893085613,0.31309907838962103,0.2674392323018176,0.4194616893085613,0.31309907838962103,0.2674392323018176,0.4194616893085613,0.3165949959369773,0.1806909196879155,0.5027140843751072,0.3165949959369773,0.1806909196879155,0.5027140843751072,False
2021,2021-03-07,Bielefeld,Union Berlin,1,True,23,0.3,0.26,0.44,0.3,0.26,0.44,0.3,0.26,0.44,0.2507688587700821,0.2804147566003546,0.4688163846295634,0.36686137474175473,0.2685478864405062,0.364590738817739,0.36686137474175473,0.2685478864405062,0.364590738817739,False
2021,2021-03-07,FC Koln,Werder Bremen,1,False,0,0.3571420369336817,0.25743551606780746,0.3854224469985108,0.3571420369336817,0.25743551606780746,0.3854224469985108,0.3571420369336817,0.25743551606780746,0.3854224469985108,0.3571420369336817,0.25743551606780746,0.3854224469985108,0.336139575019101,0.2067189025505443,0.4571415224303547,0.336139575019101,0.2067189025505443,0.4571415224303547,False
2021,2021-03-10,Bielefeld,Werder Bremen,0,True,24,0.3,0.26,0.44,0.3,0.26,0.44,0.3,0.26,0.44,0.3052722073174247,0.27543292864542573,0.41929486403714955,0.3321113686838652,0.20076201983727018,0.46712661147886464,0.3321113686838652,0.20076201983727018,0.46712661147886464,False
2021,2021-03-12,Augsburg,M'gladbach,2,False,0,0.47989702066696893,0.2644419309126148,0.25566104842041626,0.47989702066696893,0.2644419309126148,0.25566104842041626,0.47989702066696893,0.2644419309126148,0.25566104842041626,0.47989702066696893,0.2644419309126148,0.25566104842041626,0.48633711641743393,0.1897117903838575,0.3239510931987087,0.48633711641743393,0.1897117903838575,0.3239510931987087,False
2021,2021-03-13,Dortmund,Hertha,2,False,0,0.12451416182333166,0.18434718399257116,0.6911386541840971,0.12451416182333166,0.18434718399257116,0.6911386541840971,0.12451416182333166,0.18434718399257116,0.6911386541840971,0.12451416182333166,0.18434718399257116,0.6911386541840971,0.12074506605597472,0.050678169991763604,0.8285767639522618,0.12074506605597472,0.050678169991763604,0.8285767639522618,False
2021,2021-03-13,Mainz,Freiburg,2,False,0,0.32760754203655357,0.28955022523895785,0.3828422327244886,0.32760754203655357,0.28955022523895785,0.3828422327244886,0.32760754203655357,0.28955022523895785,0.3828422327244886,0.32760754203655357,0.28955022523895785,0.3828422327244886,0.3648759997771542,0.2695560359597229,0.36556796426312294,0.3648759997771542,0.2695560359597229,0.36556796426312294,False
2021,2021-03-13,Union Berlin,FC Koln,2,False,0,0.32033898750430995,0.26930993874670583,0.4103510737489843,0.32033898750430995,0.26930993874670583,0.4103510737489843,0.32033898750430995,0.26930993874670583,0.4103510737489843,0.32033898750430995,0.26930993874670583,0.4103510737489843,0.2082504885593015,0.0945233257999012,0.6972261856407973,0.2082504885593015,0.0945233257999012,0.6972261856407973,False
2021,2021-03-13,Werder Bremen,Bayern Munich,0,False,0,0.7392486336051196,0.16681994317595394,0.09393142321892645,0.7392486336051196,0.16681994317595394,0.09393142321892645,0.7392486336051196,0.16681994317595394,0.09393142321892645,0.7392486336051196,0.16681994317595394,0.09393142321892645,0.7482473285908068,0.07652053414319379,0.17523213726599937,0.7482473285908068,0.07652053414319379,0.17523213726599937,False
2021,2021-03-13,Wolfsburg,Schalke 04,2,False,0,0.23227318570300037,0.28769504887765834,0.4800317654193414,0.23227318570300037,0.28769504887765834,0.4800317654193414,0.23227318570300037,0.28769504887765834,0.4800317654193414,0.23227318570300037,0.28769504887765834,0.4800317654193414,0.08621390759878698,0.05,0.863786092401213,0.08621390759878698,0.05,0.863786092401213,False
2021,2021-03-14,Leverkusen,Bielefeld,0,True,25,0.3,0.26,0.44,0.3,0.26,0.44,0.3,0.26,0.44,0.19086914393288512,0.2364294440555677,0.5727014120115472,0.12640082609730718,0.053189456582876445,0.8204097173198164,0.12640082609730718,0.053189456582876445,0.8204097173198164,False
2021,2021-03-14,RB Leipzig,Ein Frankfurt,1,False,0,0.1616752119128388,0.21757784749203168,0.6207469405951296,0.1616752119128388,0.21757784749203168,0.6207469405951296,0.1616752119128388,0.21757784749203168,0.6207469405951296,0.1616752119128388,0.21757784749203168,0.6207469405951296,0.20713865736489784,0.0938795466799158,0.6989817959551864,0.20713865736489784,0.0938795466799158,0.6989817959551864,False
2021,2021-03-14,Stuttgart,Hoffenheim,2,True,25,0.5169631093480537,0.26591068439919435,0.21712620625275197,0.5169631093480537,0.26591068439919435,0.21712620625275197,0.5169631093480537,0.26591068439919435,0.21712620625275197,0.42949972006979087,0.2634635988007121,0.30703668112949706,0.30636738458832663,0.16930493680035877,0.5243276786113147,0.30636738458832663,0.16930493680035877,0.5243276786113147,False
2021,2021-03-19,Bielefeld,RB Leipzig,0,True,26,0.3,0.26,0.44,0.3,0.26,0.44,0.3,0.26,0.44,0.5425204103374889,0.25167869343739524,0.20580089622511588,0.6890718261000726,0.09753798332957782,0.21339019057034958,0.6890718261000726,0.09753798332957782,0.21339019057034958,False
2021,2021-03-20,Bayern Munich,Stuttgart,2,True,26,0.031515420598410206,0.10255571199444345,0.8659288674071464,0.031515420598410206,0.10255571199444345,0.8659288674071464,0.031515420598410206,0.10255571199444345,0.8659288674071464,0.05115481747015623,0.12278343213190823,0.8260617503979355,0.09130925684802645,0.05,0.8586907431519735,0.09130925684802645,0.05,0.8586907431519735,False
2021,2021-03-20,Ein Frankfurt,Union Berlin,2,False,0,0.2076069531083613,0.25289071155951853,0.5395023353321202,0.2076069531083613,0.25289071155951853,0.5395023353321202,0.2076069531083613,0.25289071155951853,0.5395023353321202,0.2076069531083613,0.25289071155951853,0.5395023353321202,0.21855201703316016,0.10063220930494571,0.6808157736618942,0.21855201703316016,0.10063220930494571,0.6808157736618942,False
2021,2021-03-20,FC Koln,Dortmund,1,False,0,0.6374376918511374,0.19469806221223973,0.16786424593662297,0.6374376918511374,0.19469806221223973,0.16786424593662297,0.6374376918511374,0.19469806221223973,0.16786424593662297,0.6374376918511374,0.19469806221223973,0.16786424593662297,0.6111417018206554,0.1286216396275539,0.26023665855179073,0.6111417018206554,0.1286216396275539,0.26023665855179073,False
2021,2021-03-20,Schalke 04,M'gladbach,0,False,0,0.44727553765726724,0.29048931527021693,0.26223514707251583,0.44727553765726724,0.29048931527021693,0.26223514707251583,0.44727553765726724,0.29048931527021693,0.26223514707251583,0.44727553765726724,0.29048931527021693,0.26223514707251583,0.5931275250336511,0.13647401491479588,0.27039846005155305,0.5931275250336511,0.13647401491479588,0.27039846005155305,False
2021,2021-03-20,Werder Bremen,Wolfsburg,0,False,0,0.3515011118935258,0.2822650619635361,0.3662338261429381,0.3515011118935258,0.2822650619635361,0.3662338261429381,0.3515011118935258,0.2822650619635361,0.3662338261429381,0.3515011118935258,0.2822650619635361,0.3662338261429381,0.4746948134476056,0.19634582089147437,0.32895936566092,0.4746948134476056,0.19634582089147437,0.32895936566092,False
2021,2021-03-21,Freiburg,Augsburg,2,False,0,0.2768162461034875,0.2746447413592233,0.44853901253728923,0.2768162461034875,0.2746447413592233,0.44853901253728923,0.2768162461034875,0.2746447413592233,0.44853901253728923,0.2768162461034875,0.2746447413592233,0.44853901253728923,0.23680475982801927,0.11216888978432259,0.6510263503876581,0.23680475982801927,0.11216888978432259,0.6510263503876581,False
2021,2021-03-21,Hertha,Leverkusen,2,False,0,0.4470509989984682,0.26149470517343454,0.29145429582809734,0.4470509989984682,0.26149470517343454,0.29145429582809734,0.4470509989984682,0.26149470517343454,0.29145429582809734,0.4470509989984682,0.26149470517343454,0.29145429582809734,0.5310812232992514,0.16586109472242927,0.3030576819783194,0.5310812232992514,0.16586109472242927,0.3030576819783194,False
2021,2021-03-21,Hoffenheim,Mainz,0,False,0,0.17448636773798346,0.22337399121918206,0.6021396410428346,0.17448636773798346,0.22337399121918206,0.6021396410428346,0.17448636773798346,0.22337399121918206,0.6021396410428346,0.17448636773798346,0.22337399121918206,0.6021396410428346,0.2124671274808644,0.0969917981106833,0.6905410744084524,0.2124671274808644,0.0969917981106833,0.6905410744084524,False
2021,2021-04-03,Augsburg,Hoffenheim,2,False,0,0.48222184688817493,0.24771999461737898,0.27005815849444603,0.48222184688817493,0.24771999461737898,0.27005815849444603,0.48222184688817493,0.24771999461737898,0.27005815849444603,0.48222184688817493,0.24771999461737898,0.27005815849444603,0.36239154346949076,0.261313788058565,0.37629466847194426,0.36239154346949076,0.261313788058565,0.37629466847194426,False
2021,2021-04-03,Dortmund,Ein Frankfurt,0,False,0,0.15773881879614776,0.19738651748736646,0.6448746637164858,0.15773881879614776,0.19738651748736646,0.6448746637164858,0.15773881879614776,0.19738651748736646,0.6448746637164858,0.15773881879614776,0.19738651748736646,0.6448746637164858,0.2850024653774239,0.14871907209931254,0.5662784625232635,0.2850024653774239,0.14871907209931254,0.5662784625232635,False
2021,2021-04-03,Leverkusen,Schalke 04,2,False,0,0.17163188433696763,0.240759948128621,0.5876081675344114,0.17163188433696763,0.240759948128621,0.5876081675344114,0.17163188433696763,0.240759948128621,0.5876081675344114,0.17163188433696763,0.240759948128621,0.5876081675344114,0.10090057685109821,0.05,0.8490994231489017,0.10090057685109821,0.05,0.8490994231489017,False
2021,2021-04-03,M'gladbach,Freiburg,2,False,0,0.18759246883904634,0.2557139299355851,0.5566936012253686,0.18759246883904634,0.2557139299355851,0.5566936012253686,0.18759246883904634,0.2557139299355851,0.5566936012253686,0.18759246883904634,0.2557139299355851,0.5566936012253686,0.24861992265309504,0.1202043533867432,0.6311757239601617,0.24861992265309504,0.1202043533867432,0.6311757239601617,False
2021,2021-04-03,Mainz,Bielefeld,1,True,27,0.3,0.26,0.44,0.3,0.26,0.44,0.3,0.26,0.44,0.3402428722489352,0.28542776572774176,0.37432936202332306,0.2786289314689633,0.1432217889216387,0.578149279609398,0.2786289314689633,0.1432217889216387,0.578149279609398,False
2021,2021-04-03,RB Leipzig,Bayern Munich,0,False,0,0.4950494019403821,0.2531193134524169,0.25183128460720094,0.4950494019403821,0.2531193134524169,0.25183128460720094,0.4950494019403821,0.2531193134524169,0.25183128460720094,0.4950494019403821,0.2531193134524169,0.25183128460720094,0.38501182734092787,0.2548084893409412,0.36017968331813094,0.38501182734092787,0.2548084893409412,0.36017968331813094,False
2021,2021-04-03,Wolfsburg,FC Koln,2,False,0,0.22274055905283285,0.24724306051675352,0.5300163804304137,0.22274055905283285,0.24724306051675352,0.5300163804304137,0.22274055905283285,0.24724306051675352,0.5300163804304137,0.22274055905283285,0.24724306051675352,0.5300163804304137,0.12111165253600467,0.05083994538909038,0.8280484020749049,0.12111165253600467,0.05083994538909038,0.8280484020749049,False
2021,2021-04-04,Stuttgart,Werder Bremen,2,True,27,0.3894789515398341,0.2991094530909415,0.31141159536922447,0.3894789515398341,0.2991094530909415,0.31141159536922447,0.3894789515398341,0.2991094530909415,0.31141159536922447,0.3052722073174247,0.27543292864542573,0.41929486403714955,0.23414949723371645,0.11042825836391597,0.6554222444023675,0.23414949723371645,0.11042825836391597,0.6554222444023675,False
2021,2021-04-04,Union Berlin,Hertha,1,False,0,0.35785615253766057,0.288666178196196,0.35347766926614343,0.35785615253766057,0.288666178196196,0.35347766926614343,0.35785615253766057,0.288666178196196,0.35347766926614343,0.35785615253766057,0.288666178196196,0.35347766926614343,0.23125316137185792,0.10855500716849285,0.6601918314596492,0.23125316137185792,0.10855500716849285,0.6601918314596492,False
2021,2021-04-09,Bielefeld,Freiburg,2,True,28,0.3,0.26,0.44,0.3,0.26,0.44,0.3,0.26,0.44,0.29060208490116424,0.2870402534866783,0.4223576616121576,0.36091644863200406,0.2569027299697411,0.3821808213982549,0.36091644863200406,0.2569027299697411,0.3821808213982549,False
2021,2021-04-10,Bayern Munich,Union Berlin,1,False,0,0.03709752495632592,0.10373043117575198,0.8591720438679221,0.03709752495632592,0.10373043117575198,0.8591720438679221,0.03709752495632592,0.10373043117575198,0.8591720438679221,0.03709752495632592,0.10373043117575198,0.8591720438679221,0.07099308360524993,0.05,0.87900691639475,0.07099308360524993,0.05,0.87900691639475,False
2021,2021-04-10,Ein Frankfurt,Wolfsburg,2,False,0,0.30034395331919234,0.2741258911562838,0.42553015552452395,0.30034395331919234,0.2741258911562838,0.42553015552452395,0.30034395331919234,0.2741258911562838,0.42553015552452395,0.30034395331919234,0.2741258911562838,0.42553015552452395,0.3027882141925725,0.1655853461314142,0.5316264396760133,0.3027882141925725,0.1655853461314142,0.5316264396760133,False
2021,2021-04-10,Hertha,M'gladbach,1,False,0,0.4295991634229732,0.277539883645793,0.2928609529312338,0.4295991634229732,0.277539883645793,0.2928609529312338,0.4295991634229732,0.277539883645793,0.2928609529312338,0.4295991634229732,0.277539883645793,0.2928609529312338,0.4376902373976741,0.21877300197675828,0.3435367606255676,0.4376902373976741,0.21877300197675828,0.3435367606255676,False
2021,2021-04-10,Stuttgart,Dortmund,0,True,28,0.6443648349382975,0.21809909785742726,0.13753606720427514,0.6443648349382975,0.21809909785742726,0.13753606720427514,0.6443648349382975,0.21809909785742726,0.13753606720427514,0.5640893865467266,0.23165255793034145,0.20425805552293191,0.36044806406667723,0.25556359180968524,0.3839883441236375,0.36044806406667723,0.25556359180968524,0.3839883441236375,False
2021,2021-04-10,Werder Bremen,RB Leipzig,0,False,0,0.5505521066861486,0.24320061908097954,0.20624727423287179,0.5505521066861486,0.24320061908097954,0.20624727423287179,0.5505521066861486,0.24320061908097954,0.20624727423287179,0.5505521066861486,0.24320061908097954,0.20624727423287179,0.6275476353283234,0.12170510572937462,0.250747258942302,0.6275476353283234,0.12170510572937462,0.250747258942302,False
2021,2021-04-11,FC Koln,Mainz,0,False,0,0.31279552750257666,0.2616359896445834,0.42556848285284,0.31279552750257666,0.2616359896445834,0.42556848285284,0.31279552750257666,0.2616359896445834,0.42556848285284,0.31279552750257666,0.2616359896445834,0.42556848285284,0.3246770723564874,0.19064663817668207,0.48467628946683056,0.3246770723564874,0.19064663817668207,0.48467628946683056,False
2021,2021-04-11,Schalke 04,Augsburg,2,False,0,0.28942777505365863,0.2860053375103226,0.4245668874360187,0.28942777505365863,0.2860053375103226,0.4245668874360187,0.28942777505365863,0.2860053375103226,0.4245668874360187,0.28942777505365863,0.2860053375103226,0.4245668874360187,0.39400414382668836,0.24827064747969985,0.35772520869361174,0.39400414382668836,0.24827064747969985,0.35772520869361174,False
2021,2021-04-12,Hoffenheim,Leverkusen,1,False,0,0.3322179466285384,0.24986541717093244,0.41791663620052927,0.3322179466285384,0.24986541717093244,0.41791663620052927,0.3322179466285384,0.24986541717093244,0.41791663620052927,0.3322179466285384,0.24986541717093244,0.41791663620052927,0.35793860107271946,0.24881493077738323,0.3932464681498973,0.35793860107271946,0.24881493077738323,0.3932464681498973,False
2021,2021-04-16,RB Leipzig,Hoffenheim,1,False,0,0.20679720099714372,0.23132246863974743,0.5618803303631088,0.20679720099714372,0.23132246863974743,0.5618803303631088,0.20679720099714372,0.23132246863974743,0.5618803303631088,0.20679720099714372,0.23132246863974743,0.5618803303631088,0.12770715781288408,0.05377428494935186,0.818518557237764,0.12770715781288408,0.05377428494935186,0.818518557237764,False
2021,2021-04-17,Augsburg,Bielefeld,1,True,29,0.3,0.26,0.44,0.3,0.26,0.44,0.3,0.26,0.44,0.3446394310192941,0.2770451667236781,0.3783154022570278,0.3061338183019694,0.1690583592224072,0.5248078224756234,0.3061338183019694,0.1690583592224072,0.5248078224756234,False
2021,2021-04-17,Freiburg,Schalke 04,2,False,0,0.28187617694621653,0.3000613276574966,0.418062495396287,0.28187617694621653,0.3000613276574966,0.418062495396287,0.28187617694621653,0.3000613276574966,0.418062495396287,0.28187617694621653,0.3000613276574966,0.418062495396287,0.16027652099815173,0.06901931268834112,0.7707041663135071,0.16027652099815173,0.06901931268834112,0.7707041663135071,False
2021,2021-04-17,Leverkusen,FC Koln,2,False,0,0.15652768674477624,0.19811149902765304,0.6453608142275709,0.15652768674477624,0.19811149902765304,0.6453608142275709,0.15652768674477624,0.19811149902765304,0.6453608142275709,0.15652768674477624,0.19811149902765304,0.6453608142275709,0.1455724379626583,0.06196852700459414,0.7924590350327476,0.1455724379626583,0.06196852700459414,0.7924590350327476,False
2021,2021-04-17,M'gladbach,Ein Frankfurt,2,False,0,0.24002643239892846,0.256965056414318,0.5030085111867535,0.24002643239892846,0.256965056414318,0.5030085111867535,0.24002643239892846,0.256965056414318,0.5030085111867535,0.24002643239892846,0.256965056414318,0.5030085111867535,0.35159451639512324,0.23415353151405213,0.4142519520908246,0.35159451639512324,0.23415353151405213,0.4142519520908246,False
2021,2021-04-17,Union Berlin,Stuttgart,2,True,29,0.2591974660617012,0.30661406891005943,0.4341884650282393,0.2591974660617012,0.30661406891005943,0.4341884650282393,0.2591974660617012,0.30661406891005943,0.4341884650282393,0.3536719258991727,0.2926106453022549,0.3537174287985724,0.3148000817633713,0.17860327784896232,0.5065966403876664,0.3148000817633713,0.17860327784896232,0.5065966403876664,False
2021,2021-04-17,Wolfsburg,Bayern Munich,0,False,0,0.6749724523210106,0.20242868501218406,0.12259886266680545,0.6749724523210106,0.20242868501218406,0.12259886266680545,0.6749724523210106,0.20242868501218406,0.12259886266680545,0.6749724523210106,0.20242868501218406,0.12259886266680545,0.5370953785722958,0.16283785205657164,0.3000667693711325,0.5370953785722958,0.16283785205657164,0.3000667693711325,False
2021,2021-04-18,Dortmund,Werder Bremen,2,False,0,0.12252153098294291,0.17902205813159155,0.6984564108854655,0.12252153098294291,0.17902205813159155,0.6984564108854655,0.12252153098294291,0.17902205813159155,0.6984564108854655,0.12252153098294291,0.17902205813159155,0.6984564108854655,0.14275513009214436,0.06065069890595859,0.7965941710018971,0.14275513009214436,0.06065069890595859,0.7965941710018971,False
2021,2021-04-20,Bayern Munich,Leverkusen,2,False,0,0.10171179635885387,0.16736034718150195,0.7309278564596442,0.10171179635885387,0.16736034718150195,0.7309278564596442,0.10171179635885387,0.16736034718150195,0.7309278564596442,0.10171179635885387,0.16736034718150195,0.7309278564596442,0.11048917692383745,0.05,0.8395108230761625,0.11048917692383745,0.05,0.8395108230761625,False
2021,2021-04-20,Bielefeld,Schalke 04,2,True,30,0.3,0.26,0.44,0.3,0.26,0.44,0.3,0.26,0.44,0.27369942423151306,0.2936782785797788,0.43262229718870826,0.20715051928677897,0.09388639969168475,0.6989630810215364,0.20715051928677897,0.09388639969168475,0.6989630810215364,False
2021,2021-04-20,Ein Frankfurt,Augsburg,2,False,0,0.22130868677642856,0.24202863038090178,0.5366626828426697,0.22130868677642856,0.24202863038090178,0.5366626828426697,0.22130868677642856,0.24202863038090178,0.5366626828426697,0.22130868677642856,0.24202863038090178,0.5366626828426697,0.132048318946782,0.055731182560805496,0.8122204984924125,0.132048318946782,0.055731182560805496,0.8122204984924125,False
2021,2021-04-20,FC Koln,RB Leipzig,2,False,0,0.613870708351287,0.2144020237676676,0.17172726788104536,0.613870708351287,0.2144020237676676,0.17172726788104536,0.613870708351287,0.2144020237676676,0.17172726788104536,0.613870708351287,0.2144020237676676,0.17172726788104536,0.7230665481298174,0.08522826615007696,0.1917051857201057,0.7230665481298174,0.08522826615007696,0.1917051857201057,False
2021,2021-04-21,Dortmund,Union Berlin,2,False,0,0.09449300170279135,0.1677726236345066,0.7377343746627021,0.09449300170279135,0.1677726236345066,0.7377343746627021,0.09449300170279135,0.1677726236345066,0.7377343746627021,0.09449300170279135,0.1677726236345066,0.7377343746627021,0.19641054810509415,0.0878117426881527,0.7157777092067531,0.19641054810509415,0.0878117426881527,0.7157777092067531,False
2021,2021-04-21,Hoffenheim,M'gladbach,2,False,0,0.3210649706707794,0.2640961639318485,0.4148388653973722,0.3210649706707794,0.2640961639318485,0.4148388653973722,0.3210649706707794,0.2640961639318485,0.4148388653973722,0.3210649706707794,0.2640961639318485,0.4148388653973722,0.3584493856423284,0.250135322996818,0.3914152913608536,0.3584493856423284,0.250135322996818,0.3914152913608536,False
2021,2021-04-21,Stuttgart,Wolfsburg,0,True,30,0.42912362531509907,0.3056949370407874,0.2651814376441136,0.42912362531509907,0.3056949370407874,0.2651814376441136,0.42912362531509907,0.3056949370407874,0.2651814376441136,0.3480459550802738,0.2905963560331107,0.36135768888661557,0.3686482170367995,0.2671616708866976,0.36419011207650287,0.3686482170367995,0.2671616708866976,0.36419011207650287,False
2021,2021-04-21,Werder Bremen,Mainz,0,False,0,0.2679077960484985,0.26820999585102695,0.4638822081004744,0.2679077960484985,0.26820999585102695,0.4638822081004744,0.2679077960484985,0.26820999585102695,0.4638822081004744,0.2679077960484985,0.26820999585102695,0.4638822081004744,0.30627022328665304,0.16920229592419944,0.5245274807891476,0.30627022328665304,0.16920229592419944,0.5245274807891476,False
2021,2021-04-23,Augsburg,FC Koln,0,False,0,0.308535004317302,0.25268391915903976,0.43878107652365833,0.308535004317302,0.25268391915903976,0.43878107652365833,0.308535004317302,0.25268391915903976,0.43878107652365833,0.308535004317302,0.25268391915903976,0.43878107652365833,0.29383386692948016,0.15678557089018785,0.5493805621803319,0.29383386692948016,0.15678557089018785,0.5493805621803319,False
2021,2021-04-24,Freiburg,Hoffenheim,1,False,0,0.4384503530866199,0.26656611725601015,0.29498352965736985,0.4384503530866199,0.26656611725601015,0.29498352965736985,0.4384503530866199,0.26656611725601015,0.29498352965736985,0.4384503530866199,0.26656611725601015,0.29498352965736985,0.31473282916667567,0.1785258509078691,0.5067413199254552,0.31473282916667567,0.1785258509078691,0.5067413199254552,False
2021,2021-04-24,Leverkusen,Ein Frankfurt,2,False,0,0.23618141117265215,0.24010685916705116,0.5237117296602968,0.23618141117265215,0.24010685916705116,0.5237117296602968,0.23618141117265215,0.24010685916705116,0.5237117296602968,0.23618141117265215,0.24010685916705116,0.5237117296602968,0.336250168792802,0.20688787881314966,0.45686195239404837,0.336250168792802,0.20688787881314966,0.45686195239404837,False
2021,2021-04-24,Mainz,Bayern Munich,2,False,0,0.7667252235188833,0.15574098639014167,0.07753379009097498,0.7667252235188833,0.15574098639014167,0.07753379009097498,0.7667252235188833,0.15574098639014167,0.07753379009097498,0.7667252235188833,0.15574098639014167,0.07753379009097498,0.7867956227631997,0.06378471521551515,0.14941966202128523,0.7867956227631997,0.06378471521551515,0.14941966202128523,False
2021,2021-04-24,Union Berlin,Werder Bremen,2,False,0,0.3583685323280847,0.2842643764706536,0.3573670912012617,0.3583685323280847,0.2842643764706536,0.3573670912012617,0.3583685323280847,0.2842643764706536,0.3573670912012617,0.3583685323280847,0.2842643764706536,0.3573670912012617,0.22403067919886505,0.10399365138118562,0.6719756694199494,0.22403067919886505,0.10399365138118562,0.6719756694199494,False
2021,2021-04-24,Wolfsburg,Dortmund,0,False,0,0.5035818580906337,0.24951930055246346,0.24689884135690282,0.5035818580906337,0.24951930055246346,0.24689884135690282,0.5035818580906337,0.24951930055246346,0.24689884135690282,0.5035818580906337,0.24951930055246346,0.24689884135690282,0.31066606928230445,0.1739450672477872,0.5153888634699084,0.31066606928230445,0.1739450672477872,0.5153888634699084,False
2021,2021-04-25,M'gladbach,Bielefeld,2,True,31,0.3,0.26,0.44,0.3,0.26,0.44,0.3,0.26,0.44,0.19559324889648966,0.2544746067151419,0.5499321443883685,0.17481208114274913,0.07630487680776239,0.7488830420494884,0.17481208114274913,0.07630487680776239,0.7488830420494884,False
2021,2021-04-25,RB Leipzig,Stuttgart,2,True,31,0.08482389318472328,0.18843584909788536,0.7267402577173915,0.08482389318472328,0.18843584909788536,0.7267402577173915,0.08482389318472328,0.18843584909788536,0.7267402577173915,0.1285981345298776,0.2085279419783156,0.6628739234918068,0.1486044107922504,0.06339822263975972,0.7879973665679899,0.1486044107922504,0.06339822263975972,0.7879973665679899,False
2021,2021-05-03,Mainz,Hertha,1,False,0,0.34420163701352385,0.2815947056792305,0.37420365730724564,0.34420163701352385,0.2815947056792305,0.37420365730724564,0.34420163701352385,0.2815947056792305,0.37420365730724564,0.34420163701352385,0.2815947056792305,0.37420365730724564,0.2683132617585216,0.13482183263596934,0.596864905605509,0.2683132617585216,0.13482183263596934,0.596864905605509,False
2021,2021-05-06,Hertha,Freiburg,2,False,0,0.2897051849348937,0.28276799567070365,0.42752681939440274,0.2897051849348937,0.28276799567070365,0.42752681939440274,0.2897051849348937,0.28276799567070365,0.42752681939440274,0.2897051849348937,0.28276799567070365,0.42752681939440274,0.3437919570005607,0.21921941097699596,0.43698863202244337,0.3437919570005607,0.21921941097699596,0.43698863202244337,False
2021,2021-05-07,Stuttgart,Augsburg,2,True,32,0.3507823391177102,0.2994280515179165,0.3497896093643733,0.3507823391177102,0.2994280515179165,0.3497896093643733,0.3507823391177102,0.2994280515179165,0.3497896093643733,0.26780700863921303,0.26804650904881405,0.46414648231197303,0.2091877050317637,0.09506827367011565,0.6957440212981207,0.2091877050317637,0.09506827367011565,0.6957440212981207,False
2021,2021-05-08,Bayern Munich,M'gladbach,2,False,0,0.10226127867978602,0.18101854597634037,0.7167201753438737,0.10226127867978602,0.18101854597634037,0.7167201753438737,0.10226127867978602,0.18101854597634037,0.7167201753438737,0.10226127867978602,0.18101854597634037,0.7167201753438737,0.11819650341113777,0.05,0.8318034965888622,0.11819650341113777,0.05,0.8318034965888622,False
2021,2021-05-08,Dortmund,RB Leipzig,2,False,0,0.31058592471427504,0.2501419470052217,0.4392721282805033,0.31058592471427504,0.2501419470052217,0.4392721282805033,0.31058592471427504,0.2501419470052217,0.4392721282805033,0.31058592471427504,0.2501419470052217,0.4392721282805033,0.32573843226580307,0.19202914264359325,0.48223242509060366,0.32573843226580307,0.19202914264359325,0.48223242509060366,False
2021,2021-05-08,Hoffenheim,Schalke 04,2,False,0,0.1842700665866604,0.24294313877997023,0.5727867946333693,0.1842700665866604,0.24294313877997023,0.5727867946333693,0.1842700665866604,0.24294313877997023,0.5727867946333693,0.1842700665866604,0.24294313877997023,0.5727867946333693,0.1355785282272257,0.057338201784482075,0.8070832699882922,0.1355785282272257,0.057338201784482075,0.8070832699882922,False
2021,2021-05-08,Werder Bremen,Leverkusen,1,False,0,0.45224595495965675,0.2569164781432433,0.29083756689710005,0.45224595495965675,0.2569164781432433,0.29083756689710005,0.45224595495965675,0.2569164781432433,0.29083756689710005,0.45224595495965675,0.2569164781432433,0.29083756689710005,0.5043901514385235,0.1797873655545864,0.3158224830068901,0.5043901514385235,0.1797873655545864,0.3158224830068901,False
2021,2021-05-08,Wolfsburg,Union Berlin,2,False,0,0.2107468896110636,0.2718402686259029,0.5174128417630336,0.2107468896110636,0.2718402686259029,0.5174128417630336,0.2107468896110636,0.2718402686259029,0.5174128417630336,0.2107468896110636,0.2718402686259029,0.5174128417630336,0.21698309994962897,0.09968444899158468,0.6833324510587864,0.21698309994962897,0.09968444899158468,0.6833324510587864,False
2021,2021-05-09,Ein Frankfurt,Mainz,1,False,0,0.22156201103768602,0.25083289452477986,0.5276050944375341,0.22156201103768602,0.25083289452477986,0.5276050944375341,0.22156201103768602,0.25083289452477986,0.5276050944375341,0.22156201103768602,0.25083289452477986,0.5276050944375341,0.17659822093838248,0.0772239740582813,0.7461778050033362,0.17659822093838248,0.0772239740582813,0.7461778050033362,False
2021,2021-05-09,FC Koln,Freiburg,0,False,0,0.33957414374755673,0.26947593923399393,0.39094991701844933,0.33957414374755673,0.26947593923399393,0.39094991701844933,0.33957414374755673,0.26947593923399393,0.39094991701844933,0.33957414374755673,0.26947593923399393,0.39094991701844933,0.3497218568952626,0.23031377656366095,0.4199643665410765,0.3497218568952626,0.23031377656366095,0.4199643665410765,False
2021,2021-05-09,Hertha,Bielefeld,1,True,32,0.3,0.26,0.44,0.3,0.26,0.44,0.3,0.26,0.44,0.3012769738879021,0.27952254292538803,0.4192004831867099,0.2740419080988445,0.13941517210128046,0.586542919799875,0.2740419080988445,0.13941517210128046,0.586542919799875,False
2021,2021-05-12,Schalke 04,Hertha,0,False,0,0.3263652384836194,0.2956805891055849,0.37795417241079565,0.3263652384836194,0.2956805891055849,0.37795417241079565,0.3263652384836194,0.2956805891055849,0.37795417241079565,0.3263652384836194,0.2956805891055849,0.37795417241079565,0.44395040212448306,0.21482638458898332,0.34122321328653366,0.44395040212448306,0.21482638458898332,0.34122321328653366,False
2021,2021-05-15,Augsburg,Werder Bremen,2,False,0,0.34880686505889436,0.268894414473978,0.38229872046712765,0.34880686505889436,0.268894414473978,0.38229872046712765,0.34880686505889436,0.268894414473978,0.38229872046712765,0.34880686505889436,0.268894414473978,0.38229872046712765,0.32331459212451347,0.18889919959744914,0.4877862082780375,0.32331459212451347,0.18889919959744914,0.4877862082780375,False
2021,2021-05-15,Bielefeld,Hoffenheim,1,True,33,0.3,0.26,0.44,0.3,0.26,0.44,0.3,0.26,0.44,0.42949972006979087,0.2634635988007121,0.30703668112949706,0.36412997773955275,0.2669564682627892,0.3689135539976582,0.36412997773955275,0.2669564682627892,0.3689135539976582,False
2021,2021-05-15,Freiburg,Bayern Munich,1,False,0,0.7332286042839073,0.17534436794733238,0.09142702776876033,0.7332286042839073,0.17534436794733238,0.09142702776876033,0.7332286042839073,0.17534436794733238,0.09142702776876033,0.7332286042839073,0.17534436794733238,0.09142702776876033,0.7263359689087254,0.08407888536483674,0.18958514572643784,0.7263359689087254,0.08407888536483674,0.18958514572643784,False
2021,2021-05-15,Hertha,FC Koln,1,False,0,0.26574223809626246,0.25120560773824613,0.4830521541654914,0.26574223809626246,0.25120560773824613,0.4830521541654914,0.26574223809626246,0.25120560773824613,0.4830521541654914,0.26574223809626246,0.25120560773824613,0.4830521541654914,0.24604401431539782,0.11841006061162529,0.6355459250729769,0.24604401431539782,0.11841006061162529,0.6355459250729769,False
2021,2021-05-15,Leverkusen,Union Berlin,1,False,0,0.1513149733468669,0.22123150658620327,0.6274535200669299,0.1513149733468669,0.22123150658620327,0.6274535200669299,0.1513149733468669,0.22123150658620327,0.6274535200669299,0.1513149733468669,0.22123150658620327,0.6274535200669299,0.23174992281846432,0.10887444894849978,0.659375628233036,0.23174992281846432,0.10887444894849978,0.659375628233036,False
2021,2021-05-15,M'gladbach,Stuttgart,0,True,33,0.13432664067719097,0.2419341175954167,0.6237392417273925,0.13432664067719097,0.2419341175954167,0.6237392417273925,0.13432664067719097,0.2419341175954167,0.6237392417273925,0.19559324889648966,0.2544746067151419,0.5499321443883685,0.2373375007786964,0.11252087299541329,0.6501416262258903,0.2373375007786964,0.11252087299541329,0.6501416262258903,False
2021,2021-05-15,Schalke 04,Ein Frankfurt,2,False,0,0.3819656451457898,0.28679182116607965,0.33124253368813056,0.3819656451457898,0.28679182116607965,0.33124253368813056,0.3819656451457898,0.28679182116607965,0.33124253368813056,0.3819656451457898,0.28679182116607965,0.33124253368813056,0.7076332890800049,0.09073369195486662,0.2016330189651285,0.7076332890800049,0.09073369195486662,0.2016330189651285,False
2021,2021-05-16,Mainz,Dortmund,0,False,0,0.6100095666472847,0.21667492525318172,0.1733155080995336,0.6100095666472847,0.21667492525318172,0.1733155080995336,0.6100095666472847,0.21667492525318172,0.1733155080995336,0.6100095666472847,0.21667492525318172,0.1733155080995336,0.5420714173745875,0.1603667513679432,0.2975618312574694,0.5420714173745875,0.1603667513679432,0.2975618312574694,False
2021,2021-05-16,RB Leipzig,Wolfsburg,1,False,0,0.1602171608916259,0.2333529482180259,0.6064298908903483,0.1602171608916259,0.2333529482180259,0.6064298908903483,0.1602171608916259,0.2333529482180259,0.6064298908903483,0.1602171608916259,0.2333529482180259,0.6064298908903483,0.24605132206915709,0.11841511617315874,0.6355335617576842,0.24605132206915709,0.11841511617315874,0.6355335617576842,False
2021,2021-05-22,Bayern Munich,Augsburg,2,False,0,0.03777590324561334,0.09615352868036595,0.8660705680740206,0.03777590324561334,0.09615352868036595,0.8660705680740206,0.03777590324561334,0.09615352868036595,0.8660705680740206,0.03777590324561334,0.09615352868036595,0.8660705680740206,0.04416414638063991,0.05,0.90583585361936,0.04416414638063991,0.05,0.90583585361936,False
2021,2021-05-22,Dortmund,Leverkusen,2,False,0,0.2206141834398665,0.22167567688555892,0.5577101396745746,0.2206141834398665,0.22167567688555892,0.5577101396745746,0.2206141834398665,0.22167567688555892,0.5577101396745746,0.2206141834398665,0.22167567688555892,0.5577101396745746,0.21716351041360984,0.09979310431457894,0.6830433852718112,0.21716351041360984,0.09979310431457894,0.6830433852718112,False
2021,2021-05-22,Ein Frankfurt,Freiburg,2,False,0,0.24506504426467993,0.26405843397727224,0.4908765217580478,0.24506504426467993,0.26405843397727224,0.4908765217580478,0.24506504426467993,0.26405843397727224,0.4908765217580478,0.24506504426467993,0.26405843397727224,0.4908765217580478,0.2230194904022342,0.10336703076656995,0.6736134788311958,0.2230194904022342,0.10336703076656995,0.6736134788311958,False
2021,2021-05-22,FC Koln,Schalke 04,2,False,0,0.3197613368616276,0.277031830073915,0.4032068330644575,0.3197613368616276,0.277031830073915,0.4032068330644575,0.3197613368616276,0.277031830073915,0.4032068330644575,0.3197613368616276,0.277031830073915,0.4032068330644575,0.22714936093607546,0.10594452397015365,0.666906115093771,0.22714936093607546,0.10594452397015365,0.666906115093771,False
2021,2021-05-22,Hoffenheim,Hertha,2,False,0,0.2067408619187055,0.23492814779399715,0.5583309902872974,0.2067408619187055,0.23492814779399715,0.5583309902872974,0.2067408619187055,0.23492814779399715,0.5583309902872974,0.2067408619187055,0.23492814779399715,0.5583309902872974,0.2428460671876765,0.11621622470721117,0.6409377081051123,0.2428460671876765,0.11621622470721117,0.6409377081051123,False
2021,2021-05-22,Stuttgart,Bielefeld,0,True,34,0.3,0.26,0.44,0.3,0.26,0.44,0.3,0.26,0.44,0.3021289059788163,0.2837131413982052,0.4141579526229785,0.21753321417255736,0.10001603015368028,0.6824507556737625,0.21753321417255736,0.10001603015368028,0.6824507556737625,False
2021,2021-05-22,Union Berlin,RB Leipzig,2,False,0,0.5969381177067732,0.23810395519286498,0.1649579271003619,0.5969381177067732,0.23810395519286498,0.1649579271003619,0.5969381177067732,0.23810395519286498,0.1649579271003619,0.5969381177067732,0.23810395519286498,0.1649579271003619,0.48835935778923084,0.1885785878870971,0.323062054323672,0.48835935778923084,0.1885785878870971,0.323062054323672,False
2021,2021-05-22,Werder Bremen,M'gladbach,0,False,0,0.4346292447653577,0.2728943466231571,0.2924764086114852,0.4346292447653577,0.2728943466231571,0.2924764086114852,0.4346292447653577,0.2728943466231571,0.2924764086114852,0.4346292447653577,0.2728943466231571,0.2924764086114852,0.471479545726248,0.19821179940427525,0.3303086548694768,0.471479545726248,0.19821179940427525,0.3303086548694768,False
2021,2021-05-22,Wolfsburg,Mainz,0,False,0,0.2244547698071341,0.26934845453465706,0.506196775658209,0.2244547698071341,0.26934845453465706,0.506196775658209,0.2244547698071341,0.26934845453465706,0.506196775658209,0.2244547698071341,0.26934845453465706,0.506196775658209,0.1621799325752628,0.06995455868382351,0.7678655087409137,0.1621799325752628,0.06995455868382351,0.7678655087409137,False
2122,2021-08-13,M'gladbach,Bayern Munich,1,False,0,0.5916726086792388,0.21241888012454951,0.1959085111962117,0.5916726086792388,0.21241888012454951,0.1959085111962117,0.5916726086792388,0.21241888012454951,0.1959085111962117,0.5916726086792388,0.21241888012454951,0.1959085111962117,0.6107520109990131,0.12878858938369275,0.26045939961729425,0.6107520109990131,0.12878858938369275,0.26045939961729425,False
2122,2021-08-14,Augsburg,Hoffenheim,0,False,0,0.4446594441686651,0.26808540910125284,0.2872551467300821,0.4446594441686651,0.26808540910125284,0.2872551467300821,0.4446594441686651,0.26808540910125284,0.2872551467300821,0.4446594441686651,0.26808540910125284,0.2872551467300821,0.41259738995270195,0.235277102382271,0.3521255076650269,0.41259738995270195,0.235277102382271,0.3521255076650269,False
2122,2021-08-14,Bielefeld,Freiburg,1,False,0,0.41281215819683603,0.33705692662271436,0.2501309151804497,0.41281215819683603,0.33705692662271436,0.2501309151804497,0.41281215819683603,0.33705692662271436,0.2501309151804497,0.41281215819683603,0.33705692662271436,0.2501309151804497,0.3395065641799479,0.2120071409501018,0.44848629486995023,0.3395065641799479,0.2120071409501018,0.44848629486995023,False
2122,2021-08-14,Dortmund,Ein Frankfurt,2,False,0,0.1846805882843462,0.2006804946937832,0.6146389170218706,0.1846805882843462,0.2006804946937832,0.6146389170218706,0.1846805882843462,0.2006804946937832,0.6146389170218706,0.1846805882843462,0.2006804946937832,0.6146389170218706,0.22328206120687866,0.10352946777150038,0.6731884710216209,0.22328206120687866,0.10352946777150038,0.6731884710216209,False
2122,2021-08-14,Stuttgart,Greuther Furth,2,True,1,0.3,0.26,0.44,0.3093079539250191,0.17245764206122766,0.5182344040137533,0.3093079539250191,0.17245764206122766,0.5182344040137533,0.2878009802142802,0.2827487714694404,0.4294502483162795,0.3093079539250191,0.17245764206122766,0.5182344040137533,0.30930795392501886,0.1724576420612275,0.5182344040137536,True
2122,2021-08-14,Union Berlin,Leverkusen,1,False,0,0.39019139012342596,0.29309209358793714,0.3167165162886369,0.39019139012342596,0.29309209358793714,0.3167165162886369,0.39019139012342596,0.29309209358793714,0.3167165162886369,0.39019139012342596,0.29309209358793714,0.3167165162886369,0.34009550279670764,0.2129644303276548,0.4469400668756376,0.34009550279670764,0.2129644303276548,0.4469400668756376,False
2122,2021-08-14,Wolfsburg,Bochum,2,True,1,0.3,0.26,0.44,0.18903390759431057,0.08378148384316086,0.7271846085625285,0.18903390759431057,0.08378148384316086,0.7271846085625285,0.19655290576860093,0.26383856153260066,0.5396085326987984,0.18903390759431057,0.08378148384316086,0.7271846085625285,0.1890339075943105,0.08378148384316077,0.7271846085625288,True
2122,2021-08-15,FC Koln,Hertha,2,False,0,0.3649533167611775,0.2866147921522573,0.3484318910865652,0.3649533167611775,0.2866147921522573,0.3484318910865652,0.3649533167611775,0.2866147921522573,0.3484318910865652,0.3649533167611775,0.2866147921522573,0.3484318910865652,0.3351749753811386,0.20525789556950005,0.45956712904936137,0.3351749753811386,0.20525789556950005,0.45956712904936137,False
2122,2021-08-15,Mainz,RB Leipzig,2,False,0,0.5689401918468298,0.25681400838500656,0.1742457997681637,0.5689401918468298,0.25681400838500656,0.1742457997681637,0.5689401918468298,0.25681400838500656,0.1742457997681637,0.5689401918468298,0.25681400838500656,0.1742457997681637,0.532844595400215,0.16497046532632564,0.30218493927345935,0.532844595400215,0.16497046532632564,0.30218493927345935,False
2122,2021-08-20,RB Leipzig,Stuttgart,2,False,0,0.12479447045469094,0.21528955422182838,0.6599159753234807,0.12479447045469094,0.21528955422182838,0.6599159753234807,0.12479447045469094,0.21528955422182838,0.6599159753234807,0.12479447045469094,0.21528955422182838,0.6599159753234807,0.15616948555285748,0.06701949614922065,0.7768110182979219,0.15616948555285748,0.06701949614922065,0.7768110182979219,False
2122,2021-08-21,Bochum,Mainz,2,True,2,0.3,0.26,0.44,0.3117791373469052,0.17517953431981068,0.5130413283332841,0.31060122361221465,0.1836615808878296,0.5057371954999557,0.263229411764431,0.2876132089164884,0.44915737931908073,0.3117791373469052,0.17517953431981068,0.5130413283332841,0.31177913734690543,0.1751795343198109,0.5130413283332836,True
2122,2021-08-21,Ein Frankfurt,Augsburg,1,False,0,0.18113621819979506,0.22927822696598726,0.5895855548342177,0.18113621819979506,0.22927822696598726,0.5895855548342177,0.18113621819979506,0.22927822696598726,0.5895855548342177,0.18113621819979506,0.22927822696598726,0.5895855548342177,0.13313034576827013,0.056222220094542766,0.8106474341371871,0.13313034576827013,0.056222220094542766,0.8106474341371871,False
2122,2021-08-21,Freiburg,Dortmund,2,False,0,0.530988073454381,0.2402588970466355,0.22875302949898343,0.530988073454381,0.2402588970466355,0.22875302949898343,0.530988073454381,0.2402588970466355,0.22875302949898343,0.530988073454381,0.2402588970466355,0.22875302949898343,0.5454862948342108,0.1586864929860581,0.295827212179731,0.5454862948342108,0.1586864929860581,0.295827212179731,False
2122,2021-08-21,Greuther Furth,Bielefeld,1,True,2,0.3,0.26,0.44,0.28053263649733595,0.14483748818197306,0.574629875320691,0.28247937284760233,0.15635373936377575,0.5611668877886219,0.18158245382189947,0.31513982587413364,0.5032777203039669,0.28053263649733595,0.14483748818197306,0.574629875320691,0.2805326364973361,0.14483748818197326,0.5746298753206905,True
2122,2021-08-21,Hertha,Wolfsburg,0,False,0,0.40962333287293956,0.2913276570918923,0.2990490100351681,0.40962333287293956,0.2913276570918923,0.2990490100351681,0.40962333287293956,0.2913276570918923,0.2990490100351681,0.40962333287293956,0.2913276570918923,0.2990490100351681,0.5127871937772359,0.17531357483822568,0.3118992313845384,0.5127871937772359,0.17531357483822568,0.3118992313845384,False
2122,2021-08-21,Leverkusen,M'gladbach,2,False,0,0.2811413258361304,0.2628432184248567,0.4560154557390129,0.2811413258361304,0.2628432184248567,0.4560154557390129,0.2811413258361304,0.2628432184248567,0.4560154557390129,0.2811413258361304,0.2628432184248567,0.4560154557390129,0.30147107407803164,0.16424720111992272,0.5342817248020457,0.30147107407803164,0.16424720111992272,0.5342817248020457,False
2122,2021-08-22,Bayern Munich,FC Koln,2,False,0,0.03610298369800022,0.08844348840594204,0.8754535278960578,0.03610298369800022,0.08844348840594204,0.8754535278960578,0.03610298369800022,0.08844348840594204,0.8754535278960578,0.03610298369800022,0.08844348840594204,0.8754535278960578,0.04797070326049932,0.05,0.9020292967395006,0.04797070326049932,0.05,0.9020292967395006,False
2122,2021-08-22,Hoffenheim,Union Berlin,1,False,0,0.25294081688880604,0.26823499945483303,0.4788241836563609,0.25294081688880604,0.26823499945483303,0.4788241836563609,0.25294081688880604,0.26823499945483303,0.4788241836563609,0.25294081688880604,0.26823499945483303,0.4788241836563609,0.2882194316912162,0.15159344441692027,0.5601871238918634,0.2882194316912162,0.15159344441692027,0.5601871238918634,False
2122,2021-08-27,Dortmund,Hoffenheim,2,False,0,0.18401087421634102,0.20580134290395607,0.610187782879703,0.18401087421634102,0.20580134290395607,0.610187782879703,0.18401087421634102,0.20580134290395607,0.610187782879703,0.18401087421634102,0.20580134290395607,0.610187782879703,0.176000761793625,0.07691592835315375,0.7470833098532212,0.176000761793625,0.07691592835315375,0.7470833098532212,False
2122,2021-08-28,Augsburg,Leverkusen,0,False,0,0.48636290481930583,0.2725456228116037,0.24109147236909054,0.48636290481930583,0.2725456228116037,0.24109147236909054,0.48636290481930583,0.2725456228116037,0.24109147236909054,0.48636290481930583,0.2725456228116037,0.24109147236909054,0.5486022636239509,0.1571641992428105,0.2942335371332386,0.5486022636239509,0.1571641992428105,0.2942335371332386,False
2122,2021-08-28,Bayern Munich,Hertha,2,False,0,0.058808633506212404,0.1256976986295984,0.8154936678641893,0.058808633506212404,0.1256976986295984,0.8154936678641893,0.058808633506212404,0.1256976986295984,0.8154936678641893,0.058808633506212404,0.1256976986295984,0.8154936678641893,0.05101906818892491,0.05,0.8989809318110751,0.05101906818892491,0.05,0.8989809318110751,False
2122,2021-08-28,Bielefeld,Ein Frankfurt,1,False,0,0.5029570533053906,0.29475084645371236,0.20229210024089694,0.5029570533053906,0.29475084645371236,0.20229210024089694,0.5029570533053906,0.29475084645371236,0.20229210024089694,0.5029570533053906,0.29475084645371236,0.20229210024089694,0.43572925478455865,0.22002280795964152,0.34424793725579983,0.43572925478455865,0.22002280795964152,0.34424793725579983,False
2122,2021-08-28,FC Koln,Bochum,2,True,3,0.3,0.26,0.44,0.3541929835168608,0.23981455003586846,0.4059924664472707,0.3433543868134886,0.24385164002869478,0.4127939731578166,0.3642030226688737,0.2864986227327476,0.34929835459837877,0.3541929835168608,0.23981455003586846,0.4059924664472707,0.3541929835168607,0.23981455003586818,0.40599246644727116,True
2122,2021-08-28,Mainz,Greuther Furth,2,True,3,0.3,0.26,0.44,0.288200166755344,0.15157602052968727,0.5602238127149688,0.29056013340427517,0.1732608164237498,0.5361790501719751,0.32640925510753727,0.2959129209038074,0.37767782398865546,0.288200166755344,0.15157602052968727,0.5602238127149688,0.28820016675534366,0.15157602052968713,0.5602238127149692,True
2122,2021-08-28,Stuttgart,Freiburg,0,False,0,0.30872420833537617,0.2827195397615073,0.4085562519031165,0.30872420833537617,0.2827195397615073,0.4085562519031165,0.30872420833537617,0.2827195397615073,0.4085562519031165,0.30872420833537617,0.2827195397615073,0.4085562519031165,0.3254135105020413,0.19160388464548148,0.4829826048524772,0.3254135105020413,0.19160388464548148,0.4829826048524772,False
2122,2021-08-29,Union Berlin,M'gladbach,2,False,0,0.3747418955660494,0.28265243103831394,0.34260567339563663,0.3747418955660494,0.28265243103831394,0.34260567339563663,0.3747418955660494,0.28265243103831394,0.34260567339563663,0.3747418955660494,0.28265243103831394,0.34260567339563663,0.33096753448999594,0.19913612082362298,0.4698963446863811,0.33096753448999594,0.19913612082362298,0.4698963446863811,False
2122,2021-08-29,Wolfsburg,RB Leipzig,2,False,0,0.4101624809747211,0.2923675086407011,0.2974700103845779,0.4101624809747211,0.2923675086407011,0.2974700103845779,0.4101624809747211,0.2923675086407011,0.2974700103845779,0.4101624809747211,0.2923675086407011,0.2974700103845779,0.3336169834964647,0.20294498088128693,0.46343803562224845,0.3336169834964647,0.20294498088128693,0.46343803562224845,False
2122,2021-09-11,Freiburg,FC Koln,1,False,0,0.21891134170923643,0.2615757455313625,0.5195129127594011,0.21891134170923643,0.2615757455313625,0.5195129127594011,0.21891134170923643,0.2615757455313625,0.5195129127594011,0.21891134170923643,0.2615757455313625,0.5195129127594011,0.21597533272771793,0.09907905723921427,0.6849456100330678,0.21597533272771793,0.09907905723921427,0.6849456100330678,False
2122,2021-09-11,Greuther Furth,Wolfsburg,0,True,4,0.3,0.26,0.44,0.5079260274484712,0.17789282553687688,0.31418114701465194,0.4455482192139298,0.2025249778758138,0.35192680291025635,0.41054175303600887,0.2911067766628762,0.298351470301115,0.5079260274484712,0.17789282553687688,0.31418114701465194,0.5079260274484716,0.1778928255368767,0.3141811470146517,True
2122,2021-09-11,Hoffenheim,Mainz,0,False,0,0.19016048044106057,0.24197186842974702,0.5678676511291925,0.19016048044106057,0.24197186842974702,0.5678676511291925,0.19016048044106057,0.24197186842974702,0.5678676511291925,0.19016048044106057,0.24197186842974702,0.5678676511291925,0.26367606471848865,0.1312245458510278,0.6050993894304836,0.26367606471848865,0.1312245458510278,0.6050993894304836,False
2122,2021-09-11,Leverkusen,Dortmund,0,False,0,0.3963251000354636,0.25656889523437404,0.34710600473016234,0.3963251000354636,0.25656889523437404,0.34710600473016234,0.3963251000354636,0.25656889523437404,0.34710600473016234,0.3963251000354636,0.25656889523437404,0.34710600473016234,0.35914991090984133,0.2519884656096521,0.3888616234805066,0.35914991090984133,0.2519884656096521,0.3888616234805066,False
2122,2021-09-11,RB Leipzig,Bayern Munich,0,False,0,0.4349881632483774,0.2600780457825606,0.3049337909690619,0.4349881632483774,0.2600780457825606,0.3049337909690619,0.4349881632483774,0.2600780457825606,0.3049337909690619,0.4349881632483774,0.2600780457825606,0.3049337909690619,0.4760833628213613,0.19554457387951055,0.32837206329912816,0.4760833628213613,0.19554457387951055,0.32837206329912816,False
2122,2021-09-11,Union Berlin,Augsburg,1,False,0,0.22040372762916105,0.2802298578964757,0.49936641447436325,0.22040372762916105,0.2802298578964757,0.49936641447436325,0.22040372762916105,0.2802298578964757,0.49936641447436325,0.22040372762916105,0.2802298578964757,0.49936641447436325,0.16718449502477992,0.07243992779456718,0.7603755771806529,0.16718449502477992,0.07243992779456718,0.7603755771806529,False
2122,2021-09-12,Bochum,Hertha,0,True,4,0.3,0.26,0.44,0.25379850422914785,0.123888554975263,0.6223129407955892,0.2676589529604035,0.1647219884826841,0.5676190585569124,0.29550774117270784,0.29070603233724374,0.4137862264900485,0.25379850422914785,0.123888554975263,0.6223129407955892,0.25379850422914807,0.1238885549752631,0.6223129407955887,True
2122,2021-09-12,Ein Frankfurt,Stuttgart,1,False,0,0.2253638558269853,0.24062257949060034,0.5340135646824145,0.2253638558269853,0.24062257949060034,0.5340135646824145,0.2253638558269853,0.24062257949060034,0.5340135646824145,0.2253638558269853,0.24062257949060034,0.5340135646824145,0.2007642399013778,0.09024351177755562,0.7089922483210666,0.2007642399013778,0.09024351177755562,0.7089922483210666,False
2122,2021-09-12,M'gladbach,Bielefeld,2,False,0,0.11547518549768027,0.2473693403954214,0.6371554741068982,0.11547518549768027,0.2473693403954214,0.6371554741068982,0.11547518549768027,0.2473693403954214,0.6371554741068982,0.11547518549768027,0.2473693403954214,0.6371554741068982,0.20509869771889785,0.09270586699699815,0.702195435284104,0.20509869771889785,0.09270586699699815,0.702195435284104,False
2122,2021-09-17,Hertha,Greuther Furth,2,True,5,0.3,0.26,0.44,0.29755026559749587,0.16035546579740606,0.5420942686050981,0.29853015935849747,0.20021327947844364,0.5012565611630588,0.29403620758579485,0.29051262544401674,0.4154511669701884,0.29755026559749587,0.16035546579740606,0.5420942686050981,0.29755026559749564,0.1603554657974059,0.5420942686050985,True
2122,2021-09-18,Augsburg,M'gladbach,2,False,0,0.4726020162878573,0.26554779264783096,0.26185019106431173,0.4726020162878573,0.26554779264783096,0.26185019106431173,0.4726020162878573,0.26554779264783096,0.26185019106431173,0.4726020162878573,0.26554779264783096,0.26185019106431173,0.5123435314206838,0.17554776883701004,0.31210869974230615,0.5123435314206838,0.17554776883701004,0.31210869974230615,False
2122,2021-09-18,Bayern Munich,Bochum,2,True,5,0.3,0.26,0.44,0.05562745620475029,0.05,0.8943725437952497,0.15337647372285018,0.134,0.7126235262771499,0.05849141213374304,0.12520054901615302,0.8163080388501041,0.05562745620475029,0.05,0.8943725437952497,0.05562745620475029,0.05,0.8943725437952497,True
2122,2021-09-18,Bielefeld,Hoffenheim,1,False,0,0.4955340788269902,0.30157076222586227,0.2028951589471476,0.4955340788269902,0.30157076222586227,0.2028951589471476,0.4955340788269902,0.30157076222586227,0.2028951589471476,0.4955340788269902,0.30157076222586227,0.2028951589471476,0.3529947863754687,0.23715226980728374,0.4098529438172475,0.3529947863754687,0.23715226980728374,0.4098529438172475,False
2122,2021-09-18,FC Koln,RB Leipzig,1,False,0,0.6159595586824477,0.23283928502534865,0.1512011562922037,0.6159595586824477,0.23283928502534865,0.1512011562922037,0.6159595586824477,0.23283928502534865,0.1512011562922037,0.6159595586824477,0.23283928502534865,0.1512011562922037,0.5682679966843021,0.14778821881694715,0.28394378449875074,0.5682679966843021,0.14778821881694715,0.28394378449875074,False
2122,2021-09-18,Mainz,Freiburg,1,False,0,0.3482686275146256,0.2939603865475336,0.35777098593784074,0.3482686275146256,0.2939603865475336,0.35777098593784074,0.3482686275146256,0.2939603865475336,0.35777098593784074,0.3482686275146256,0.2939603865475336,0.35777098593784074,0.3048313592467226,0.1676933476680086,0.5274752930852687,0.3048313592467226,0.1676933476680086,0.5274752930852687,False
2122,2021-09-19,Dortmund,Union Berlin,2,False,0,0.1500180502326728,0.2138428642482773,0.63613908551905,0.1500180502326728,0.2138428642482773,0.63613908551905,0.1500180502326728,0.2138428642482773,0.63613908551905,0.1500180502326728,0.2138428642482773,0.63613908551905,0.16048242210440128,0.06912022172506808,0.7703973561705306,0.16048242210440128,0.06912022172506808,0.7703973561705306,False
2122,2021-09-19,Stuttgart,Leverkusen,0,False,0,0.4325947752199276,0.27648944167933376,0.29091578310073873,0.4325947752199276,0.27648944167933376,0.29091578310073873,0.4325947752199276,0.27648944167933376,0.29091578310073873,0.4325947752199276,0.27648944167933376,0.29091578310073873,0.40882878290855096,0.23785574001452725,0.3533154770769218,0.40882878290855096,0.23785574001452725,0.3533154770769218,False
2122,2021-09-19,Wolfsburg,Ein Frankfurt,1,False,0,0.27833394405660045,0.2608263734479571,0.4608396824954425,0.27833394405660045,0.2608263734479571,0.4608396824954425,0.27833394405660045,0.2608263734479571,0.4608396824954425,0.27833394405660045,0.2608263734479571,0.4608396824954425,0.24461088652555368,0.11742237109523371,0.6379667423792126,0.24461088652555368,0.11742237109523371,0.6379667423792126,False
2122,2021-09-24,Greuther Furth,Bayern Munich,0,True,6,0.3,0.26,0.44,0.3,0.26,0.44,0.5534128258244916,0.15870952524022183,0.28787764893528656,0.7028923892880614,0.18224344392125205,0.11486416679068664,0.8068256516489831,0.05741905048044367,0.13575529787057317,0.8068256516489833,0.0574190504804436,0.13575529787057306,False
2122,2021-09-25,Ein Frankfurt,FC Koln,1,False,0,0.16276551848028736,0.2123893551550289,0.6248451263646838,0.16276551848028736,0.2123893551550289,0.6248451263646838,0.16276551848028736,0.2123893551550289,0.6248451263646838,0.16276551848028736,0.2123893551550289,0.6248451263646838,0.17334737627981478,0.0755552368262494,0.7510973868939358,0.17334737627981478,0.0755552368262494,0.7510973868939358,False
2122,2021-09-25,Hoffenheim,Wolfsburg,2,False,0,0.32722384854479236,0.27295142781631815,0.39982472363888955,0.32722384854479236,0.27295142781631815,0.39982472363888955,0.32722384854479236,0.27295142781631815,0.39982472363888955,0.32722384854479236,0.27295142781631815,0.39982472363888955,0.4117791965674934,0.23583463528715387,0.35238616814535273,0.4117791965674934,0.23583463528715387,0.35238616814535273,False
2122,2021-09-25,Leverkusen,Mainz,2,False,0,0.15680759722569693,0.2386972344465799,0.6044951683277232,0.15680759722569693,0.2386972344465799,0.6044951683277232,0.15680759722569693,0.2386972344465799,0.6044951683277232,0.15680759722569693,0.2386972344465799,0.6044951683277232,0.21459838918641352,0.09825611257151035,0.6871454982420762,0.21459838918641352,0.09825611257151035,0.6871454982420762,False
2122,2021-09-25,M'gladbach,Dortmund,2,False,0,0.4283260672967334,0.24400679133517175,0.327667141368095,0.4283260672967334,0.24400679133517175,0.327667141368095,0.4283260672967334,0.24400679133517175,0.327667141368095,0.4283260672967334,0.24400679133517175,0.327667141368095,0.4587551432602658,0.2057459674133262,0.33549888932640803,0.4587551432602658,0.2057459674133262,0.33549888932640803,False
2122,2021-09-25,RB Leipzig,Hertha,2,False,0,0.12088929096263577,0.2185605525410792,0.660550156496285,0.12088929096263577,0.2185605525410792,0.660550156496285,0.12088929096263577,0.2185605525410792,0.660550156496285,0.12088929096263577,0.2185605525410792,0.660550156496285,0.14703064935806073,0.06265462903791894,0.7903147216040203,0.14703064935806073,0.06265462903791894,0.7903147216040203,False
2122,2021-09-25,Union Berlin,Bielefeld,2,False,0,0.15709999785342377,0.30871735193014344,0.5341826502164327,0.15709999785342377,0.30871735193014344,0.5341826502164327,0.15709999785342377,0.30871735193014344,0.5341826502164327,0.15709999785342377,0.30871735193014344,0.5341826502164327,0.2270872907896772,0.10590542313268225,0.6670072860776406,0.2270872907896772,0.10590542313268225,0.6670072860776406,False
2122,2021-09-26,Bochum,Stuttgart,1,True,6,0.3,0.26,0.44,0.3,0.26,0.44,0.30178233152753897,0.21319087355163827,0.4850267949208228,0.3059335758499597,0.28511654855856994,0.4089498755914703,0.30356466305507795,0.16638174710327652,0.5300535898416455,0.3035646630550782,0.16638174710327674,0.5300535898416452,False
2122,2021-09-26,Freiburg,Augsburg,2,False,0,0.23771294006540544,0.2756784670339782,0.4866085929006164,0.23771294006540544,0.2756784670339782,0.4866085929006164,0.23771294006540544,0.2756784670339782,0.4866085929006164,0.23771294006540544,0.2756784670339782,0.4866085929006164,0.19591285594723368,0.08753632369954964,0.7165508203532166,0.19591285594723368,0.08753632369954964,0.7165508203532166,False
2122,2021-10-01,FC Koln,Greuther Furth,2,True,7,0.3,0.26,0.44,0.3,0.26,0.44,0.29801566759397047,0.2191724895450876,0.48281184286094203,0.3642030226688737,0.2864986227327476,0.34929835459837877,0.29503916898492616,0.157931223862719,0.5470296071523549,0.2950391689849259,0.1579312238627188,0.5470296071523553,False
2122,2021-10-02,Dortmund,Augsburg,2,False,0,0.09757720221930134,0.16800975219842168,0.7344130455822769,0.09757720221930134,0.16800975219842168,0.7344130455822769,0.09757720221930134,0.16800975219842168,0.7344130455822769,0.09757720221930134,0.16800975219842168,0.7344130455822769,0.08127779244704839,0.05,0.8687222075529516,0.08127779244704839,0.05,0.8687222075529516,False
2122,2021-10-02,Hertha,Freiburg,0,False,0,0.3148717509628477,0.2900628180598801,0.3950654309772722,0.3148717509628477,0.2900628180598801,0.3950654309772722,0.3148717509628477,0.2900628180598801,0.3950654309772722,0.3148717509628477,0.2900628180598801,0.3950654309772722,0.35708059383488205,0.24665163222533554,0.39626777393978235,0.35708059383488205,0.24665163222533554,0.39626777393978235,False
2122,2021-10-02,RB Leipzig,Bochum,2,True,7,0.3,0.26,0.44,0.3,0.26,0.44,0.23725435105795223,0.1803312836350603,0.5824143653069875,0.12043099838026725,0.2180512134057849,0.6615177882139478,0.1431358776448806,0.060828209087650686,0.7960359132674688,0.1431358776448805,0.06082820908765062,0.7960359132674689,False
2122,2021-10-02,Stuttgart,Hoffenheim,2,False,0,0.3888261664834098,0.26731777727236716,0.343856056244223,0.3888261664834098,0.26731777727236716,0.343856056244223,0.3888261664834098,0.26731777727236716,0.343856056244223,0.3888261664834098,0.26731777727236716,0.343856056244223,0.3509603394932622,0.23283233506882697,0.41620732543791084,0.3509603394932622,0.23283233506882697,0.41620732543791084,False
2122,2021-10-02,Wolfsburg,M'gladbach,0,False,0,0.30052961374399956,0.2726094641091872,0.42686092214681337,0.30052961374399956,0.2726094641091872,0.42686092214681337,0.30052961374399956,0.2726094641091872,0.42686092214681337,0.30052961374399956,0.2726094641091872,0.42686092214681337,0.25088010267707217,0.12179940163686777,0.6273204956860601,0.25088010267707217,0.12179940163686777,0.6273204956860601,False
2122,2021-10-03,Bayern Munich,Ein Frankfurt,0,False,0,0.09273754598044427,0.1425642563664739,0.7646981976530818,0.09273754598044427,0.1425642563664739,0.7646981976530818,0.09273754598044427,0.1425642563664739,0.7646981976530818,0.09273754598044427,0.1425642563664739,0.7646981976530818,0.10154609509619712,0.05,0.8484539049038028,0.10154609509619712,0.05,0.8484539049038028,False
2122,2021-10-03,Bielefeld,Leverkusen,0,False,0,0.5273472833005507,0.30174353036629536,0.170909186333154,0.5273472833005507,0.30174353036629536,0.170909186333154,0.5273472833005507,0.30174353036629536,0.170909186333154,0.5273472833005507,0.30174353036629536,0.170909186333154,0.5048790224521015,0.17952448944424582,0.3155964881036528,0.5048790224521015,0.17952448944424582,0.3155964881036528,False
2122,2021-10-03,Mainz,Union Berlin,0,False,0,0.3631709372474698,0.30317097674684806,0.3336580860056822,0.3631709372474698,0.30317097674684806,0.3336580860056822,0.3631709372474698,0.30317097674684806,0.3336580860056822,0.3631709372474698,0.30317097674684806,0.3336580860056822,0.3224525570325324,0.18780892345927216,0.48973851950819547,0.3224525570325324,0.18780892345927216,0.48973851950819547,False
2122,2021-10-15,Hoffenheim,FC Koln,2,False,0,0.1645450247138802,0.21903749736371628,0.6164174779224035,0.1645450247138802,0.21903749736371628,0.6164174779224035,0.1645450247138802,0.21903749736371628,0.6164174779224035,0.1645450247138802,0.21903749736371628,0.6164174779224035,0.24083580044341485,0.11485566893545111,0.6443085306211341,0.24083580044341485,0.11485566893545111,0.6443085306211341,False
2122,2021-10-16,Dortmund,Mainz,2,False,0,0.10324879630452817,0.17522679960870396,0.7215244040867679,0.10324879630452817,0.17522679960870396,0.7215244040867679,0.10324879630452817,0.17522679960870396,0.7215244040867679,0.10324879630452817,0.17522679960870396,0.7215244040867679,0.13714771224782527,0.058057183205545995,0.8047951045466287,0.13714771224782527,0.058057183205545995,0.8047951045466287,False
2122,2021-10-16,Ein Frankfurt,Hertha,0,False,0,0.21748871298395983,0.24461563012979282,0.5378956568862474,0.21748871298395983,0.24461563012979282,0.5378956568862474,0.21748871298395983,0.24461563012979282,0.5378956568862474,0.21748871298395983,0.24461563012979282,0.5378956568862474,0.1681421081284336,0.07291996120536762,0.7589379306661987,0.1681421081284336,0.07291996120536762,0.7589379306661987,False
2122,2021-10-16,Freiburg,RB Leipzig,1,False,0,0.5145711532510906,0.2698867822393895,0.21554206450951996,0.5145711532510906,0.2698867822393895,0.21554206450951996,0.5145711532510906,0.2698867822393895,0.21554206450951996,0.5145711532510906,0.2698867822393895,0.21554206450951996,0.39679351514983546,0.24627711688059414,0.3569293679695703,0.39679351514983546,0.24627711688059414,0.3569293679695703,False
2122,2021-10-16,Greuther Furth,Bochum,0,True,8,0.3,0.26,0.44,0.3,0.26,0.44,0.3070099712496652,0.23868959455488953,0.4543004341954453,0.29481229605075454,0.2904789259929549,0.4147087779562906,0.3233665708322175,0.18896531518296508,0.4876681139848175,0.3233665708322175,0.18896531518296508,0.4876681139848175,False
2122,2021-10-16,M'gladbach,Stuttgart,1,False,0,0.2040362666160723,0.24113652034147356,0.5548272130424542,0.2040362666160723,0.24113652034147356,0.5548272130424542,0.2040362666160723,0.24113652034147356,0.5548272130424542,0.2040362666160723,0.24113652034147356,0.5548272130424542,0.2052572783228062,0.09279676060225762,0.7019459610749362,0.2052572783228062,0.09279676060225762,0.7019459610749362,False
2122,2021-10-16,Union Berlin,Wolfsburg,2,False,0,0.3644487600693715,0.3008991832111916,0.334652056719437,0.3644487600693715,0.3008991832111916,0.334652056719437,0.3644487600693715,0.3008991832111916,0.334652056719437,0.3644487600693715,0.3008991832111916,0.334652056719437,0.345256425438503,0.2218267093699107,0.43291686519158634,0.345256425438503,0.2218267093699107,0.43291686519158634,False
2122,2021-10-17,Augsburg,Bielefeld,1,False,0,0.2101742404974427,0.3278848457354656,0.4619409137670917,0.2101742404974427,0.3278848457354656,0.4619409137670917,0.2101742404974427,0.3278848457354656,0.4619409137670917,0.2101742404974427,0.3278848457354656,0.4619409137670917,0.3282390477983512,0.19536400402684342,0.4763969481748054,0.3282390477983512,0.19536400402684342,0.4763969481748054,False
2122,2021-10-17,Leverkusen,Bayern Munich,0,False,0,0.5541303067271653,0.23103587856154634,0.2148338147112883,0.5541303067271653,0.23103587856154634,0.2148338147112883,0.5541303067271653,0.23103587856154634,0.2148338147112883,0.5541303067271653,0.23103587856154634,0.2148338147112883,0.5331164633286176,0.16483346448903302,0.30205007218234936,0.5331164633286176,0.16483346448903302,0.30205007218234936,False
2122,2021-10-22,Mainz,Augsburg,2,False,0,0.28523980280814487,0.29156526933979104,0.42319492785206403,0.28523980280814487,0.29156526933979104,0.42319492785206403,0.28523980280814487,0.29156526933979104,0.42319492785206403,0.28523980280814487,0.29156526933979104,0.42319492785206403,0.21221976474553653,0.09684579094445218,0.6909344443100114,0.21221976474553653,0.09684579094445218,0.6909344443100114,False
2122,2021-10-23,Bayern Munich,Hoffenheim,2,False,0,0.09341182913354268,0.14752379884788078,0.7590643720185766,0.09341182913354268,0.14752379884788078,0.7590643720185766,0.09341182913354268,0.14752379884788078,0.7590643720185766,0.09341182913354268,0.14752379884788078,0.7590643720185766,0.08009160167158287,0.05,0.869908398328417,0.08009160167158287,0.05,0.869908398328417,False
2122,2021-10-23,Bielefeld,Dortmund,0,False,0,0.6380943695150726,0.23952864074249963,0.12237698974242778,0.6380943695150726,0.23952864074249963,0.12237698974242778,0.6380943695150726,0.23952864074249963,0.12237698974242778,0.6380943695150726,0.23952864074249963,0.12237698974242778,0.6601794230547792,0.10855986006612256,0.23126071687909824,0.6601794230547792,0.10855986006612256,0.23126071687909824,False
2122,2021-10-23,Hertha,M'gladbach,2,False,0,0.4223154839534887,0.27307340384571976,0.30461111220079146,0.4223154839534887,0.27307340384571976,0.30461111220079146,0.4223154839534887,0.27307340384571976,0.30461111220079146,0.4223154839534887,0.27307340384571976,0.30461111220079146,0.4203540248018655,0.23005405633078208,0.34959191886735247,0.4203540248018655,0.23005405633078208,0.34959191886735247,False
2122,2021-10-23,RB Leipzig,Greuther Furth,2,True,9,0.3,0.26,0.44,0.3,0.26,0.44,0.26248465456540165,0.21800000000000003,0.5195153454345983,0.12043099838026725,0.2180512134057849,0.6615177882139478,0.11242327282700827,0.05,0.8375767271729917,0.11242327282700816,0.05,0.8375767271729918,False
2122,2021-10-23,Wolfsburg,Freiburg,0,False,0,0.21294029095903735,0.267706138007854,0.5193535710331086,0.21294029095903735,0.267706138007854,0.5193535710331086,0.21294029095903735,0.267706138007854,0.5193535710331086,0.21294029095903735,0.267706138007854,0.5193535710331086,0.25584118350825,0.1253713073465883,0.6187875091451617,0.25584118350825,0.1253713073465883,0.6187875091451617,False
2122,2021-10-24,Bochum,Ein Frankfurt,2,True,9,0.3,0.26,0.44,0.3,0.26,0.44,0.3201953858714275,0.2566634189821686,0.4231411951464039,0.40083555396750076,0.2672629951030905,0.3319014509294088,0.40097692935713763,0.2433170949108429,0.35570597573201945,0.4009769293571381,0.24331709491084266,0.3557059757320193,False
2122,2021-10-24,FC Koln,Leverkusen,1,False,0,0.519459587125995,0.25858352423637615,0.22195688863762875,0.519459587125995,0.25858352423637615,0.22195688863762875,0.519459587125995,0.25858352423637615,0.22195688863762875,0.519459587125995,0.25858352423637615,0.22195688863762875,0.5042550654723651,0.17986005735392435,0.3158848771737105,0.5042550654723651,0.17986005735392435,0.3158848771737105,False
2122,2021-10-24,Stuttgart,Union Berlin,1,False,0,0.32455789132596563,0.2936731097251615,0.3817689989488728,0.32455789132596563,0.2936731097251615,0.3817689989488728,0.32455789132596563,0.2936731097251615,0.3817689989488728,0.32455789132596563,0.2936731097251615,0.3817689989488728,0.3546171375155858,0.24077992184317967,0.40460294064123453,0.3546171375155858,0.24077992184317967,0.40460294064123453,False
2122,2021-10-29,Hoffenheim,Hertha,2,False,0,0.21856475797791536,0.25100430340843316,0.5304309386136515,0.21856475797791536,0.25100430340843316,0.5304309386136515,0.21856475797791536,0.25100430340843316,0.5304309386136515,0.21856475797791536,0.25100430340843316,0.5304309386136515,0.2470931329394346,0.11913786090604017,0.6337690061545252,0.2470931329394346,0.11913786090604017,0.6337690061545252,False
2122,2021-10-30,Bielefeld,Mainz,0,False,0,0.35950645738305625,0.34925099933440445,0.2912425432825394,0.35950645738305625,0.34925099933440445,0.2912425432825394,0.35950645738305625,0.34925099933440445,0.2912425432825394,0.35950645738305625,0.34925099933440445,0.2912425432825394,0.35717245752142873,0.24688010271559058,0.3959474397629807,0.35717245752142873,0.24688010271559058,0.3959474397629807,False
2122,2021-10-30,Dortmund,FC Koln,2,False,0,0.08406377874119716,0.14904936089322368,0.7668868603655792,0.08406377874119716,0.14904936089322368,0.7668868603655792,0.08406377874119716,0.14904936089322368,0.7668868603655792,0.08406377874119716,0.14904936089322368,0.7668868603655792,0.09891139530545011,0.05,0.8510886046945498,0.09891139530545011,0.05,0.8510886046945498,False
2122,2021-10-30,Ein Frankfurt,RB Leipzig,1,False,0,0.456101524731705,0.26253764147720277,0.28136083379109234,0.456101524731705,0.26253764147720277,0.28136083379109234,0.456101524731705,0.26253764147720277,0.28136083379109234,0.456101524731705,0.26253764147720277,0.28136083379109234,0.3632029600890301,0.26388123716601997,0.37291580274494995,0.3632029600890301,0.26388123716601997,0.37291580274494995,False
2122,2021-10-30,Freiburg,Greuther Furth,2,True,10,0.3,0.26,0.44,0.3,0.26,0.44,0.28717336482914196,0.24147334932289924,0.4713532858479588,0.2761638971285525,0.2848216139231195,0.43901448894832806,0.17173364829141943,0.07473349322899238,0.7535328584795882,0.17173364829141935,0.07473349322899231,0.7535328584795884,False
2122,2021-10-30,Leverkusen,Wolfsburg,0,False,0,0.2766322994131383,0.28102430113435095,0.44234339945251067,0.2766322994131383,0.28102430113435095,0.44234339945251067,0.2766322994131383,0.28102430113435095,0.44234339945251067,0.2766322994131383,0.28102430113435095,0.44234339945251067,0.26339241991739765,0.1310078359419263,0.605599744140676,0.26339241991739765,0.1310078359419263,0.605599744140676,False
2122,2021-10-30,Union Berlin,Bayern Munich,0,False,0,0.65056411389015,0.20783819578949767,0.14159769032035235,0.65056411389015,0.20783819578949767,0.14159769032035235,0.65056411389015,0.20783819578949767,0.14159769032035235,0.65056411389015,0.20783819578949767,0.14159769032035235,0.6682796357102259,0.1054142690604623,0.22630609522931183,0.6682796357102259,0.1054142690604623,0.22630609522931183,False
2122,2021-10-31,Augsburg,Stuttgart,2,False,0,0.3494102278485076,0.28763326567252556,0.3629565064789668,0.3494102278485076,0.28763326567252556,0.3629565064789668,0.3494102278485076,0.28763326567252556,0.3629565064789668,0.3494102278485076,0.28763326567252556,0.3629565064789668,0.3731708735876587,0.2636865070476814,0.3631426193646599,0.3731708735876587,0.2636865070476814,0.3631426193646599,False
2122,2021-10-31,M'gladbach,Bochum,2,True,10,0.3,0.26,0.44,0.3,0.26,0.44,0.29189175144140783,0.24408539328757986,0.46402285527101234,0.19638848937985115,0.24456653596845068,0.5590449746516982,0.2189175144140781,0.10085393287579847,0.6802285527101234,0.21891751441407795,0.10085393287579834,0.6802285527101237,False
2122,2021-11-05,Mainz,M'gladbach,1,False,0,0.45971232318570926,0.2699708594710029,0.27031681734328794,0.45971232318570926,0.2699708594710029,0.27031681734328794,0.45971232318570926,0.2699708594710029,0.27031681734328794,0.45971232318570926,0.2699708594710029,0.27031681734328794,0.35072897929903535,0.2323557742926502,0.41691524640831445,0.35072897929903535,0.2323557742926502,0.41691524640831445,False
2122,2021-11-06,Bayern Munich,Freiburg,2,False,0,0.06584439034101723,0.13249606241369857,0.8016595472452841,0.06584439034101723,0.13249606241369857,0.8016595472452841,0.06584439034101723,0.13249606241369857,0.8016595472452841,0.06584439034101723,0.13249606241369857,0.8016595472452841,0.09090632194951395,0.05,0.859093678050486,0.09090632194951395,0.05,0.859093678050486,False
2122,2021-11-06,Bochum,Hoffenheim,2,True,11,0.3,0.26,0.44,0.3,0.26,0.44,0.3,0.26,0.44,0.39569139408817305,0.2730501909696152,0.33125841494221175,0.3470655124654103,0.22516160109057082,0.4277728864440189,0.3470655124654105,0.22516160109057104,0.42777288644401845,False
2122,2021-11-06,RB Leipzig,Dortmund,2,False,0,0.290283869905691,0.2586746249175633,0.45104150517674585,0.290283869905691,0.2586746249175633,0.45104150517674585,0.290283869905691,0.2586746249175633,0.45104150517674585,0.290283869905691,0.2586746249175633,0.45104150517674585,0.3420602283268668,0.21623393178496725,0.4417058398881659,0.3420602283268668,0.21623393178496725,0.4417058398881659,False
2122,2021-11-06,Stuttgart,Bielefeld,0,False,0,0.17594026538612792,0.30461228732976464,0.5194474472841074,0.17594026538612792,0.30461228732976464,0.5194474472841074,0.17594026538612792,0.30461228732976464,0.5194474472841074,0.17594026538612792,0.30461228732976464,0.5194474472841074,0.25183493191019257,0.12247919835350642,0.625685869736301,0.25183493191019257,0.12247919835350642,0.625685869736301,False
2122,2021-11-06,Wolfsburg,Augsburg,2,False,0,0.1651304209319799,0.24790719436032388,0.5869623847076962,0.1651304209319799,0.24790719436032388,0.5869623847076962,0.1651304209319799,0.24790719436032388,0.5869623847076962,0.1651304209319799,0.24790719436032388,0.5869623847076962,0.14285724664341704,0.06069828925989493,0.796444464096688,0.14285724664341704,0.06069828925989493,0.796444464096688,False
2122,2021-11-07,FC Koln,Union Berlin,1,False,0,0.4029091134754841,0.2908956382300643,0.3061952482944516,0.4029091134754841,0.2908956382300643,0.3061952482944516,0.4029091134754841,0.2908956382300643,0.3061952482944516,0.4029091134754841,0.2908956382300643,0.3061952482944516,0.38936726845250696,0.2516204325221323,0.3590122990253607,0.38936726845250696,0.2516204325221323,0.3590122990253607,False
2122,2021-11-07,Greuther Furth,Ein Frankfurt,0,True,11,0.3,0.26,0.44,0.3,0.26,0.44,0.3,0.26,0.44,0.40083555396750076,0.2672629951030905,0.3319014509294088,0.48056822813466393,0.1929753272001902,0.32645644466514584,0.4805682281346643,0.19297532720018998,0.32645644466514573,False
2122,2021-11-07,Hertha,Leverkusen,1,False,0,0.4373373345652997,0.2817373310114891,0.2809253344232112,0.4373373345652997,0.2817373310114891,0.2809253344232112,0.4373373345652997,0.2817373310114891,0.2809253344232112,0.4373373345652997,0.2817373310114891,0.2809253344232112,0.4350330174105346,0.22046812009365888,0.3444988624958065,0.4350330174105346,0.22046812009365888,0.3444988624958065,False
2122,2021-11-19,Augsburg,Bayern Munich,2,False,0,0.747504909913846,0.1613962154707995,0.09109887461535449,0.747504909913846,0.1613962154707995,0.09109887461535449,0.747504909913846,0.1613962154707995,0.09109887461535449,0.747504909913846,0.1613962154707995,0.09109887461535449,0.847684616724715,0.05,0.102315383275285,0.847684616724715,0.05,0.102315383275285,False
2122,2021-11-20,Bielefeld,Wolfsburg,1,False,0,0.4994433313190679,0.3165739306418396,0.18398273803909257,0.4994433313190679,0.3165739306418396,0.18398273803909257,0.4994433313190679,0.3165739306418396,0.18398273803909257,0.4994433313190679,0.3165739306418396,0.18398273803909257,0.4956682279024159,0.18452870630820914,0.3198030657893749,0.4956682279024159,0.18452870630820914,0.3198030657893749,False
2122,2021-11-20,Dortmund,Stuttgart,2,False,0,0.12708940283752412,0.18630350989979017,0.6866070872626857,0.12708940283752412,0.18630350989979017,0.6866070872626857,0.12708940283752412,0.18630350989979017,0.6866070872626857,0.12708940283752412,0.18630350989979017,0.6866070872626857,0.10684386120706736,0.05,0.8431561387929326,0.10684386120706736,0.05,0.8431561387929326,False
2122,2021-11-20,Hoffenheim,RB Leipzig,2,False,0,0.4533715061005973,0.26804224940164145,0.27858624449776126,0.4533715061005973,0.26804224940164145,0.27858624449776126,0.4533715061005973,0.26804224940164145,0.27858624449776126,0.4533715061005973,0.26804224940164145,0.27858624449776126,0.4477310260221486,0.21247425499341135,0.3397947189844401,0.44773102602214904,0.21247425499341113,0.3397947189844399,False
2122,2021-11-20,Leverkusen,Bochum,2,True,12,0.3,0.26,0.44,0.3,0.26,0.44,0.3,0.26,0.44,0.18051277749364542,0.2493086045913948,0.5701786179149597,0.2088697253695079,0.09488314856100065,0.6962471260694915,0.2088697253695079,0.09488314856100065,0.6962471260694915,False
2122,2021-11-20,M'gladbach,Greuther Furth,2,True,12,0.3,0.26,0.44,0.3,0.26,0.44,0.3,0.26,0.44,0.19638848937985115,0.24456653596845068,0.5590449746516982,0.14909903239802566,0.06363260600241441,0.7872683615995599,0.14909903239802544,0.06363260600241433,0.7872683615995602,False
2122,2021-11-20,Union Berlin,Hertha,2,False,0,0.25712364192294246,0.2910621874483895,0.451814170628668,0.25712364192294246,0.2910621874483895,0.451814170628668,0.25712364192294246,0.2910621874483895,0.451814170628668,0.25712364192294246,0.2910621874483895,0.451814170628668,0.22120955686389682,0.10225251984553443,0.6765379232905687,0.22120955686389682,0.10225251984553443,0.6765379232905687,False
2122,2021-11-21,Freiburg,Ein Frankfurt,0,False,0,0.3788125190789486,0.26571057103719453,0.355476909883857,0.3788125190789486,0.26571057103719453,0.355476909883857,0.3788125190789486,0.26571057103719453,0.355476909883857,0.3788125190789486,0.26571057103719453,0.355476909883857,0.3083511970356952,0.17142186448864552,0.5202269384756594,0.3083511970356952,0.17142186448864552,0.5202269384756594,False
2122,2021-11-21,Mainz,FC Koln,1,False,0,0.26591838706364,0.280044907166333,0.45403670577002697,0.26591838706364,0.280044907166333,0.45403670577002697,0.26591838706364,0.280044907166333,0.45403670577002697,0.26591838706364,0.280044907166333,0.45403670577002697,0.24116035918558137,0.11507438360189576,0.643765257212523,0.24116035918558137,0.11507438360189576,0.643765257212523,False
2122,2021-11-26,Stuttgart,Mainz,2,False,0,0.2561423109551656,0.2791611510202919,0.4646965380245426,0.2561423109551656,0.2791611510202919,0.4646965380245426,0.2561423109551656,0.2791611510202919,0.4646965380245426,0.2561423109551656,0.2791611510202919,0.4646965380245426,0.34240387615225787,0.2168183588269884,0.4407777650207537,0.34240387615225787,0.2168183588269884,0.4407777650207537,False
2122,2021-11-27,Bayern Munich,Bielefeld,2,False,0,0.03246660131779632,0.1162317986868097,0.851301599995394,0.03246660131779632,0.1162317986868097,0.851301599995394,0.03246660131779632,0.1162317986868097,0.851301599995394,0.03246660131779632,0.1162317986868097,0.851301599995394,0.045626244588688546,0.05,0.9043737554113114,0.045626244588688546,0.05,0.9043737554113114,False
2122,2021-11-27,Bochum,Freiburg,2,True,13,0.3,0.26,0.44,0.3,0.26,0.44,0.3,0.26,0.44,0.3156835267952866,0.2899969885866726,0.3943194846180408,0.3478785933319196,0.22670469900900056,0.4254167076590798,0.3478785933319196,0.22670469900900056,0.4254167076590798,False
2122,2021-11-27,FC Koln,M'gladbach,2,False,0,0.5059933483297558,0.2525520562827138,0.24145459538753036,0.5059933483297558,0.2525520562827138,0.24145459538753036,0.5059933483297558,0.2525520562827138,0.24145459538753036,0.5059933483297558,0.2525520562827138,0.24145459538753036,0.4404541130257768,0.21702250617511895,0.3425233807991042,0.4404541130257768,0.21702250617511895,0.3425233807991042,False
2122,2021-11-27,Greuther Furth,Hoffenheim,0,True,13,0.3,0.26,0.44,0.3,0.26,0.44,0.3,0.26,0.44,0.39569139408817305,0.2730501909696152,0.33125841494221175,0.4594750335881868,0.2053132018344594,0.33521176457735374,0.45947503358818725,0.20531320183445914,0.33521176457735363,False
2122,2021-11-27,Hertha,Augsburg,1,False,0,0.25462151578124087,0.283107378360805,0.46227110585795417,0.25462151578124087,0.283107378360805,0.46227110585795417,0.25462151578124087,0.283107378360805,0.46227110585795417,0.25462151578124087,0.283107378360805,0.46227110585795417,0.2675782648015107,0.13424468322263283,0.5981770519758565,0.2675782648015107,0.13424468322263283,0.5981770519758565,False
2122,2021-11-27,Wolfsburg,Dortmund,0,False,0,0.41715555368453416,0.26138074388080845,0.3214637024346575,0.41715555368453416,0.26138074388080845,0.3214637024346575,0.41715555368453416,0.26138074388080845,0.3214637024346575,0.41715555368453416,0.26138074388080845,0.3214637024346575,0.39390203815977504,0.24834392642172504,0.35775403541849987,0.39390203815977504,0.24834392642172504,0.35775403541849987,False
2122,2021-11-28,Ein Frankfurt,Union Berlin,2,False,0,0.2524419872863377,0.2620180707803044,0.485539941933358,0.2524419872863377,0.2620180707803044,0.485539941933358,0.2524419872863377,0.2620180707803044,0.485539941933358,0.2524419872863377,0.2620180707803044,0.485539941933358,0.27189205780134906,0.13767120313927236,0.5904367390593785,0.27189205780134906,0.13767120313927236,0.5904367390593785,False
2122,2021-11-28,RB Leipzig,Leverkusen,0,False,0,0.21308557105076767,0.2648660037711144,0.522048425178118,0.21308557105076767,0.2648660037711144,0.522048425178118,0.21308557105076767,0.2648660037711144,0.522048425178118,0.21308557105076767,0.2648660037711144,0.522048425178118,0.25543805266095837,0.12507731618611764,0.619484631152924,0.25543805266095854,0.12507731618611778,0.6194846311529236,False
2122,2021-12-03,Union Berlin,RB Leipzig,2,False,0,0.4842828974031537,0.2851301694755564,0.23058693312128992,0.4842828974031537,0.2851301694755564,0.23058693312128992,0.4842828974031537,0.2851301694755564,0.23058693312128992,0.4842828974031537,0.2851301694755564,0.23058693312128992,0.35622260193940575,0.24455231964240343,0.3992250784181908,0.35622260193940564,0.24455231964240315,0.39922507841819127,False
2122,2021-12-04,Augsburg,Bochum,0,True,14,0.3,0.26,0.44,0.3,0.26,0.44,0.3,0.26,0.44,0.3368980317261228,0.29380966480764376,0.3692923034662334,0.3544437259342374,0.24038373361300455,0.405172540452758,0.3544437259342374,0.24038373361300455,0.405172540452758,False
2122,2021-12-04,Bielefeld,FC Koln,1,False,0,0.33673482247020153,0.339981989105812,0.32328318842398657,0.33673482247020153,0.339981989105812,0.32328318842398657,0.33673482247020153,0.339981989105812,0.32328318842398657,0.33673482247020153,0.339981989105812,0.32328318842398657,0.33192736634465925,0.20049861438458425,0.4675740192707565,0.33192736634465925,0.20049861438458425,0.4675740192707565,False
2122,2021-12-04,Dortmund,Bayern Munich,0,False,0,0.47433376288701473,0.22716142074336493,0.2985048163696204,0.47433376288701473,0.22716142074336493,0.2985048163696204,0.47433376288701473,0.22716142074336493,0.2985048163696204,0.47433376288701473,0.22716142074336493,0.2985048163696204,0.394390040795051,0.24799389335576863,0.35761606584918043,0.394390040795051,0.24799389335576863,0.35761606584918043,False
2122,2021-12-04,Hoffenheim,Ein Frankfurt,2,False,0,0.30988288582072415,0.2450462678054174,0.4450708463738584,0.30988288582072415,0.2450462678054174,0.4450708463738584,0.30988288582072415,0.2450462678054174,0.4450708463738584,0.30988288582072415,0.2450462678054174,0.4450708463738584,0.33500809677461435,0.20500742971063343,0.4599844735147522,0.3350080967746146,0.20500742971063365,0.4599844735147517,False
2122,2021-12-04,Leverkusen,Greuther Furth,2,True,14,0.3,0.26,0.44,0.3,0.26,0.44,0.3,0.26,0.44,0.18051277749364542,0.2493086045913948,0.5701786179149597,0.11138605213030346,0.05,0.8386139478696965,0.11138605213030346,0.05,0.8386139478696965,False
2122,2021-12-04,Mainz,Wolfsburg,2,False,0,0.4449267768859109,0.2884971172648057,0.2665761058492834,0.4449267768859109,0.2884971172648057,0.2665761058492834,0.4449267768859109,0.2884971172648057,0.2665761058492834,0.4449267768859109,0.2884971172648057,0.2665761058492834,0.3585748438296928,0.2504635350291166,0.39096162114119054,0.3585748438296928,0.2504635350291166,0.39096162114119054,False
2122,2021-12-05,M'gladbach,Freiburg,0,False,0,0.21353365746621478,0.24870706030501727,0.5377592822287679,0.21353365746621478,0.24870706030501727,0.5377592822287679,0.21353365746621478,0.24870706030501727,0.5377592822287679,0.21353365746621478,0.24870706030501727,0.5377592822287679,0.27679453064230713,0.14168512065169855,0.5815203487059943,0.27679453064230713,0.14168512065169855,0.5815203487059943,False
2122,2021-12-05,Stuttgart,Hertha,1,False,0,0.28850572899034266,0.28299185158348955,0.4285024194261679,0.28850572899034266,0.28299185158348955,0.4285024194261679,0.28850572899034266,0.28299185158348955,0.4285024194261679,0.28850572899034266,0.28299185158348955,0.4285024194261679,0.29213658892203737,0.15519134473742266,0.5526720663405399,0.29213658892203737,0.15519134473742266,0.5526720663405399,False
2122,2021-12-10,FC Koln,Augsburg,0,False,0,0.3199209890269602,0.2850602318760073,0.3950187790970325,0.3199209890269602,0.2850602318760073,0.3950187790970325,0.3199209890269602,0.2850602318760073,0.3950187790970325,0.3199209890269602,0.2850602318760073,0.3950187790970325,0.24948666397292982,0.12081370819121169,0.6296996278358584,0.24948666397292982,0.12081370819121169,0.6296996278358584,False
2122,2021-12-11,Bayern Munich,Mainz,2,False,0,0.04762162521508562,0.11185053378803483,0.8405278409968795,0.04762162521508562,0.11185053378803483,0.8405278409968795,0.04762162521508562,0.11185053378803483,0.8405278409968795,0.04762162521508562,0.11185053378803483,0.8405278409968795,0.06989784052769131,0.05,0.8801021594723086,0.06989784052769131,0.05,0.8801021594723086,False
2122,2021-12-11,Bochum,Dortmund,1,True,15,0.3,0.26,0.44,0.3,0.26,0.44,0.3,0.26,0.44,0.5532686158123687,0.23649236127252887,0.21023902291510246,0.559194035974597,0.1520655885194312,0.28874037550597187,0.559194035974597,0.1520655885194312,0.28874037550597187,False
2122,2021-12-11,Freiburg,Hoffenheim,0,False,0,0.3741144945361173,0.2713973592605024,0.3544881462033803,0.3741144945361173,0.2713973592605024,0.3544881462033803,0.3741144945361173,0.2713973592605024,0.3544881462033803,0.3741144945361173,0.2713973592605024,0.3544881462033803,0.29839595453275314,0.16118364149225536,0.5404204039749915,0.298395954532753,0.1611836414922552,0.5404204039749918,False
2122,2021-12-11,Hertha,Bielefeld,2,False,0,0.18108156818157004,0.3150317618915253,0.5038866699269047,0.18108156818157004,0.3150317618915253,0.5038866699269047,0.18108156818157004,0.3150317618915253,0.5038866699269047,0.18108156818157004,0.3150317618915253,0.5038866699269047,0.2768463899459944,0.14172829598869516,0.5814253140653104,0.2768463899459944,0.14172829598869516,0.5814253140653104,False
2122,2021-12-11,RB Leipzig,M'gladbach,2,False,0,0.1964320857535275,0.24593507752971452,0.5576328367167579,0.1964320857535275,0.24593507752971452,0.5576328367167579,0.1964320857535275,0.24593507752971452,0.5576328367167579,0.1964320857535275,0.24593507752971452,0.5576328367167579,0.22858524905496325,0.1068522076255902,0.6645625433194465,0.2285852490549634,0.10685220762559032,0.6645625433194463,False
2122,2021-12-11,Wolfsburg,Stuttgart,0,False,0,0.20402248684057026,0.2601569976410563,0.5358205155183733,0.20402248684057026,0.2601569976410563,0.5358205155183733,0.20402248684057026,0.2601569976410563,0.5358205155183733,0.20402248684057026,0.2601569976410563,0.5358205155183733,0.20821540038676237,0.0945029642279989,0.6972816353852388,0.20821540038676237,0.0945029642279989,0.6972816353852388,False
2122,2021-12-12,Ein Frankfurt,Leverkusen,2,False,0,0.3534917265767041,0.26190949436299893,0.38459877906029694,0.3534917265767041,0.26190949436299893,0.38459877906029694,0.3534917265767041,0.26190949436299893,0.38459877906029694,0.3534917265767041,0.26190949436299893,0.38459877906029694,0.32794054526285515,0.19495998129336967,0.4770994734437752,0.32794054526285515,0.19495998129336967,0.4770994734437752,False
2122,2021-12-12,Greuther Furth,Union Berlin,2,True,15,0.3,0.26,0.44,0.3,0.26,0.44,0.3,0.26,0.44,0.3310238335587897,0.30059384647197596,0.3683823199692343,0.5292213381935024,0.1668042895477343,0.30397437225876334,0.5292213381935024,0.1668042895477343,0.30397437225876334,False
2122,2021-12-14,Bielefeld,Bochum,2,True,16,0.3,0.26,0.44,0.3,0.26,0.44,0.3,0.26,0.44,0.3915617228570115,0.3430964228624309,0.2653418542805577,0.36261863899130425,0.26202149026522054,0.37535987074347527,0.36261863899130425,0.26202149026522054,0.37535987074347527,False
2122,2021-12-14,Mainz,Hertha,2,False,0,0.327118655763931,0.29608446433317653,0.3767968799028925,0.327118655763931,0.29608446433317653,0.3767968799028925,0.327118655763931,0.29608446433317653,0.3767968799028925,0.327118655763931,0.29608446433317653,0.3767968799028925,0.2571502302679686,0.12633065287624362,0.6165191168557878,0.2571502302679686,0.12633065287624362,0.6165191168557878,False
2122,2021-12-14,Stuttgart,Bayern Munich,0,False,0,0.7007898390029068,0.17997419736813564,0.11923596362895765,0.7007898390029068,0.17997419736813564,0.11923596362895765,0.7007898390029068,0.17997419736813564,0.11923596362895765,0.7007898390029068,0.17997419736813564,0.11923596362895765,0.7749322144117304,0.06763299473488729,0.15743479085338233,0.7749322144117304,0.06763299473488729,0.15743479085338233,False
2122,2021-12-14,Wolfsburg,FC Koln,0,False,0,0.14888548515765504,0.2301999599089158,0.6209145549334292,0.14888548515765504,0.2301999599089158,0.6209145549334292,0.14888548515765504,0.2301999599089158,0.6209145549334292,0.14888548515765504,0.2301999599089158,0.6209145549334292,0.2180791373789597,0.1003458684734928,0.6815749941475475,0.2180791373789597,0.1003458684734928,0.6815749941475475,False
2122,2021-12-15,Augsburg,RB Leipzig,1,False,0,0.5820673358995457,0.25044330315378305,0.16748936094667122,0.5820673358995457,0.25044330315378305,0.16748936094667122,0.5820673358995457,0.25044330315378305,0.16748936094667122,0.5820673358995457,0.25044330315378305,0.16748936094667122,0.5474551624049265,0.15772341090225606,0.29482142669281747,0.5474551624049261,0.15772341090225625,0.29482142669281763,False
2122,2021-12-15,Dortmund,Greuther Furth,2,True,16,0.3,0.26,0.44,0.3,0.26,0.44,0.3,0.26,0.44,0.12239930224544085,0.18865195216648434,0.6889487455880748,0.0719319287218317,0.05,0.8780680712781682,0.0719319287218317,0.05,0.8780680712781682,False
2122,2021-12-15,Leverkusen,Hoffenheim,1,False,0,0.2564541254648096,0.2553592835816712,0.4881865909535193,0.2564541254648096,0.2553592835816712,0.4881865909535193,0.2564541254648096,0.2553592835816712,0.4881865909535193,0.2564541254648096,0.2553592835816712,0.4881865909535193,0.2709604141901137,0.13692308179176124,0.592116504018125,0.2709604141901135,0.1369230817917611,0.5921165040181254,False
2122,2021-12-15,M'gladbach,Ein Frankfurt,0,False,0,0.28167941994208484,0.24302354181881547,0.4752970382390996,0.28167941994208484,0.24302354181881547,0.4752970382390996,0.28167941994208484,0.24302354181881547,0.4752970382390996,0.28167941994208484,0.24302354181881547,0.4752970382390996,0.3544286537881498,0.2403493976449484,0.40522194856690175,0.3544286537881498,0.2403493976449484,0.40522194856690175,False
2122,2021-12-15,Union Berlin,Freiburg,1,False,0,0.2754743782930916,0.29188092166805946,0.43264470003884903,0.2754743782930916,0.29188092166805946,0.43264470003884903,0.2754743782930916,0.29188092166805946,0.43264470003884903,0.2754743782930916,0.29188092166805946,0.43264470003884903,0.304546007552216,0.1673965258709054,0.5280574665768787,0.304546007552216,0.1673965258709054,0.5280574665768787,False
2122,2021-12-17,Bayern Munich,Wolfsburg,2,False,0,0.11266236594263618,0.18062930634778773,0.7067083277095761,0.11266236594263618,0.18062930634778773,0.7067083277095761,0.11266236594263618,0.18062930634778773,0.7067083277095761,0.11266236594263618,0.18062930634778773,0.7067083277095761,0.07178898625945627,0.05,0.8782110137405437,0.07178898625945627,0.05,0.8782110137405437,False
2122,2021-12-18,Bochum,Union Berlin,0,True,17,0.3,0.26,0.44,0.3,0.26,0.44,0.3,0.26,0.44,0.3310238335587897,0.30059384647197596,0.3683823199692343,0.34281116679059814,0.21751607801038245,0.43967275519901944,0.34281116679059814,0.21751607801038245,0.43967275519901944,False
2122,2021-12-18,Ein Frankfurt,Mainz,2,False,0,0.18876494563250587,0.23538225215379088,0.5758528022137033,0.18876494563250587,0.23538225215379088,0.5758528022137033,0.18876494563250587,0.23538225215379088,0.5758528022137033,0.18876494563250587,0.23538225215379088,0.5758528022137033,0.22086309026410275,0.10204019856042926,0.677096711175468,0.22086309026410275,0.10204019856042926,0.677096711175468,False
2122,2021-12-18,Greuther Furth,Augsburg,1,True,17,0.3,0.26,0.44,0.3,0.26,0.44,0.3,0.26,0.44,0.2553325534201768,0.28313863295337516,0.46152881362644815,0.33977396463378595,0.21244053038464575,0.4477855049815683,0.33977396463378595,0.21244053038464575,0.4477855049815683,False
2122,2021-12-18,Hertha,Dortmund,2,False,0,0.552210852718721,0.23687589058080452,0.21091325670047456,0.552210852718721,0.23687589058080452,0.21091325670047456,0.552210852718721,0.23687589058080452,0.21091325670047456,0.552210852718721,0.23687589058080452,0.21091325670047456,0.6399059798107148,0.11663433789808939,0.24345968229119583,0.6399059798107148,0.11663433789808939,0.24345968229119583,False
2122,2021-12-18,Hoffenheim,M'gladbach,1,False,0,0.33421251199879887,0.2552939317974542,0.410493556203747,0.33421251199879887,0.2552939317974542,0.410493556203747,0.33421251199879887,0.2552939317974542,0.410493556203747,0.33421251199879887,0.2552939317974542,0.410493556203747,0.2487595207811865,0.12030230346512272,0.6309381757536908,0.24875952078118677,0.12030230346512284,0.6309381757536904,False
2122,2021-12-18,RB Leipzig,Bielefeld,0,False,0,0.07086703324459115,0.21392538369530378,0.715207583060105,0.07086703324459115,0.21392538369530378,0.715207583060105,0.07086703324459115,0.21392538369530378,0.715207583060105,0.07086703324459115,0.21392538369530378,0.715207583060105,0.13932482518542308,0.05905957323562558,0.8016156015789513,0.13932482518542327,0.05905957323562565,0.8016156015789511,False
2122,2021-12-19,FC Koln,Stuttgart,2,False,0,0.3776487314845357,0.2799080492551672,0.3424432192602971,0.3776487314845357,0.2799080492551672,0.3424432192602971,0.3776487314845357,0.2799080492551672,0.3424432192602971,0.3776487314845357,0.2799080492551672,0.3424432192602971,0.3108515420656456,0.17414979219377866,0.5149986657405757,0.3108515420656456,0.17414979219377866,0.5149986657405757,False
2122,2021-12-19,Freiburg,Leverkusen,2,False,0,0.41735745962140997,0.2817920474707093,0.30085049290788074,0.41735745962140997,0.2817920474707093,0.30085049290788074,0.41735745962140997,0.2817920474707093,0.30085049290788074,0.41735745962140997,0.2817920474707093,0.30085049290788074,0.3397360676155037,0.2123789823812041,0.4478849500032922,0.3397360676155037,0.2123789823812041,0.4478849500032922,False
2122,2022-01-07,Bayern Munich,M'gladbach,0,False,0,0.10875328752800684,0.16204492580320431,0.7292017866687889,0.10875328752800684,0.16204492580320431,0.7292017866687889,0.10875328752800684,0.16204492580320431,0.7292017866687889,0.10875328752800684,0.16204492580320431,0.7292017866687889,0.0696709079722465,0.05,0.8803290920277534,0.0696709079722465,0.05,0.8803290920277534,False
2122,2022-01-08,Ein Frankfurt,Dortmund,0,False,0,0.46426946455893586,0.2333412444321281,0.3023892910089361,0.46426946455893586,0.2333412444321281,0.3023892910089361,0.46426946455893586,0.2333412444321281,0.3023892910089361,0.46426946455893586,0.2333412444321281,0.3023892910089361,0.3560585850095034,0.2441578848635443,0.39978353012695234,0.3560585850095034,0.2441578848635443,0.39978353012695234,False
2122,2022-01-08,Freiburg,Bielefeld,1,False,0,0.16878505314426734,0.30498576444780523,0.5262291824079275,0.16878505314426734,0.30498576444780523,0.5262291824079275,0.16878505314426734,0.30498576444780523,0.5262291824079275,0.16878505314426734,0.30498576444780523,0.5262291824079275,0.20484181032862983,0.09255874931348716,0.702599440357883,0.20484181032862983,0.09255874931348716,0.702599440357883,False
2122,2022-01-08,Greuther Furth,Stuttgart,1,True,18,0.3,0.26,0.44,0.3,0.26,0.44,0.3,0.26,0.44,0.3059335758499597,0.28511654855856994,0.4089498755914703,0.36008176541087317,0.2545351380702699,0.385383096518857,0.36008176541087317,0.2545351380702699,0.385383096518857,False
2122,2022-01-08,Hoffenheim,Augsburg,2,False,0,0.18264630123659453,0.23589437843555305,0.5814593203278524,0.18264630123659453,0.23589437843555305,0.5814593203278524,0.18264630123659453,0.23589437843555305,0.5814593203278524,0.18264630123659453,0.23589437843555305,0.5814593203278524,0.1794832325432552,0.07872022534279612,0.7417965421139487,0.1794832325432554,0.07872022534279621,0.7417965421139484,False
2122,2022-01-08,Leverkusen,Union Berlin,1,False,0,0.21149381316402865,0.2700996152871684,0.5184065715488029,0.21149381316402865,0.2700996152871684,0.5184065715488029,0.21149381316402865,0.2700996152871684,0.5184065715488029,0.21149381316402865,0.2700996152871684,0.5184065715488029,0.2657513578646756,0.13282162728881156,0.6014270148465128,0.2657513578646756,0.13282162728881156,0.6014270148465128,False
2122,2022-01-08,RB Leipzig,Mainz,2,False,0,0.10293613362480808,0.2046380825445964,0.6924257838305955,0.10293613362480808,0.2046380825445964,0.6924257838305955,0.10293613362480808,0.2046380825445964,0.6924257838305955,0.10293613362480808,0.2046380825445964,0.6924257838305955,0.2273352146429119,0.10606166895592042,0.6666031164011678,0.22733521464291206,0.10606166895592054,0.6666031164011674,False
2122,2022-01-09,Bochum,Wolfsburg,2,True,18,0.3,0.26,0.44,0.3,0.26,0.44,0.3,0.26,0.44,0.41054175303600887,0.2911067766628762,0.298351470301115,0.33438244820297436,0.2040742837697467,0.46154326802727896,0.33438244820297436,0.2040742837697467,0.46154326802727896,False
2122,2022-01-09,Hertha,FC Koln,0,False,0,0.23563623891972274,0.2699292209896758,0.49443454009060156,0.23563623891972274,0.2699292209896758,0.49443454009060156,0.23563623891972274,0.2699292209896758,0.49443454009060156,0.23563623891972274,0.2699292209896758,0.49443454009060156,0.3034527496230265,0.16626660648452077,0.5302806438924528,0.3034527496230265,0.16626660648452077,0.5302806438924528,False
2122,2022-01-14,Dortmund,Freiburg,2,False,0,0.13522912437046367,0.19540825431578018,0.6693626213137562,0.13522912437046367,0.19540825431578018,0.6693626213137562,0.13522912437046367,0.19540825431578018,0.6693626213137562,0.13522912437046367,0.19540825431578018,0.6693626213137562,0.1751706136595545,0.07648892903104262,0.7483404573094029,0.1751706136595545,0.07648892903104262,0.7483404573094029,False
2122,2022-01-15,FC Koln,Bayern Munich,0,False,0,0.7794109690326214,0.14248150023614384,0.07810753073123486,0.7794109690326214,0.14248150023614384,0.07810753073123486,0.7794109690326214,0.14248150023614384,0.07810753073123486,0.7794109690326214,0.14248150023614384,0.07810753073123486,0.7573544596935696,0.07344981360547187,0.1691957267009585,0.7573544596935696,0.07344981360547187,0.1691957267009585,False
2122,2022-01-15,M'gladbach,Leverkusen,0,False,0,0.32392902613111585,0.2683213066153621,0.407749667253522,0.32392902613111585,0.2683213066153621,0.407749667253522,0.32392902613111585,0.2683213066153621,0.407749667253522,0.32392902613111585,0.2683213066153621,0.407749667253522,0.3414701907653155,0.21523939471213055,0.443290414522554,0.3414701907653155,0.21523939471213055,0.443290414522554,False
2122,2022-01-15,Mainz,Bochum,2,True,19,0.3,0.26,0.44,0.3,0.26,0.44,0.3,0.26,0.44,0.32640925510753727,0.2959129209038074,0.37767782398865546,0.2835855653546382,0.1474748968254812,0.5689395378198806,0.2835855653546382,0.1474748968254812,0.5689395378198806,False
2122,2022-01-15,Stuttgart,RB Leipzig,0,False,0,0.5309675072922859,0.2624085171609042,0.20662397554680997,0.5309675072922859,0.2624085171609042,0.20662397554680997,0.5309675072922859,0.2624085171609042,0.20662397554680997,0.5309675072922859,0.2624085171609042,0.20662397554680997,0.4508463796078537,0.2105533940044381,0.3386002263877083,0.4508463796078532,0.21055339400443837,0.3386002263877085,False
2122,2022-01-15,Union Berlin,Hoffenheim,2,False,0,0.34842213322621524,0.28054225178375447,0.37103561499003024,0.34842213322621524,0.28054225178375447,0.37103561499003024,0.34842213322621524,0.28054225178375447,0.37103561499003024,0.34842213322621524,0.28054225178375447,0.37103561499003024,0.3166776760911623,0.18078808498225618,0.5025342389265816,0.3166776760911621,0.18078808498225596,0.5025342389265819,False
2122,2022-01-15,Wolfsburg,Hertha,1,False,0,0.19714664893255968,0.26423673832929784,0.5386166127381425,0.19714664893255968,0.26423673832929784,0.5386166127381425,0.19714664893255968,0.26423673832929784,0.5386166127381425,0.19714664893255968,0.26423673832929784,0.5386166127381425,0.24078658308622938,0.11482253378730087,0.6443908831264697,0.24078658308622938,0.11482253378730087,0.6443908831264697,False
2122,2022-01-16,Augsburg,Ein Frankfurt,1,False,0,0.4507214005284876,0.2620986819555328,0.28717991751597965,0.4507214005284876,0.2620986819555328,0.28717991751597965,0.4507214005284876,0.2620986819555328,0.28717991751597965,0.4507214005284876,0.2620986819555328,0.28717991751597965,0.5145368756742206,0.17439231756868603,0.3110708067570935,0.5145368756742206,0.17439231756868603,0.3110708067570935,False
2122,2022-01-16,Bielefeld,Greuther Furth,1,True,19,0.3,0.26,0.44,0.3,0.26,0.44,0.3,0.26,0.44,0.3915617228570115,0.3430964228624309,0.2653418542805577,0.23115934608955283,0.10849476420288694,0.6603458897075603,0.23115934608955283,0.10849476420288694,0.6603458897075603,False
2122,2022-01-21,Ein Frankfurt,Bielefeld,0,False,0,0.12719636843202886,0.24912630977967942,0.6236773217882918,0.12719636843202886,0.24912630977967942,0.6236773217882918,0.12719636843202886,0.24912630977967942,0.6236773217882918,0.12719636843202886,0.24912630977967942,0.6236773217882918,0.17186927808942068,0.07480239212868996,0.7533283297818893,0.17186927808942068,0.07480239212868996,0.7533283297818893,False
2122,2022-01-22,Bochum,FC Koln,1,True,20,0.3,0.26,0.44,0.3,0.26,0.44,0.3,0.26,0.44,0.23632466334341778,0.26999670013856164,0.4936786365180206,0.29870531130728184,0.16148810673446246,0.5398065819582557,0.29870531130728184,0.16148810673446246,0.5398065819582557,False
2122,2022-01-22,Freiburg,Stuttgart,2,False,0,0.28666325466065756,0.2798464831646771,0.4334902621746653,0.28666325466065756,0.2798464831646771,0.4334902621746653,0.28666325466065756,0.2798464831646771,0.4334902621746653,0.28666325466065756,0.2798464831646771,0.4334902621746653,0.21443986862435258,0.09816168112251238,0.6873984502531351,0.21443986862435258,0.09816168112251238,0.6873984502531351,False
2122,2022-01-22,Greuther Furth,Mainz,2,True,20,0.3,0.26,0.44,0.3,0.26,0.44,0.3,0.26,0.44,0.263229411764431,0.2876132089164884,0.44915737931908073,0.42683276350179966,0.2257761186301234,0.34739111786807697,0.42683276350179966,0.2257761186301234,0.34739111786807697,False
2122,2022-01-22,Hoffenheim,Dortmund,0,False,0,0.4620101305116089,0.23853796370561328,0.29945190578277786,0.4620101305116089,0.23853796370561328,0.29945190578277786,0.4620101305116089,0.23853796370561328,0.29945190578277786,0.4620101305116089,0.23853796370561328,0.29945190578277786,0.44290377432317357,0.21548168150432745,0.34161454417249904,0.4429037743231739,0.21548168150432717,0.34161454417249887,False
2122,2022-01-22,Leverkusen,Augsburg,2,False,0,0.15021390174157015,0.2319980008841465,0.6177880973742834,0.15021390174157015,0.2319980008841465,0.6177880973742834,0.15021390174157015,0.2319980008841465,0.6177880973742834,0.15021390174157015,0.2319980008841465,0.6177880973742834,0.15430789150731972,0.06612102607288034,0.7795710824197999,0.15430789150731972,0.06612102607288034,0.7795710824197999,False
2122,2022-01-22,M'gladbach,Union Berlin,0,False,0,0.22973056141079545,0.264066432769161,0.5062030058200435,0.22973056141079545,0.264066432769161,0.5062030058200435,0.22973056141079545,0.264066432769161,0.5062030058200435,0.22973056141079545,0.264066432769161,0.5062030058200435,0.3312779857984472,0.19957471322092085,0.4691473009806319,0.3312779857984472,0.19957471322092085,0.4691473009806319,False
2122,2022-01-23,Hertha,Bayern Munich,0,False,0,0.7018993831998483,0.1827466645445721,0.11535395225557957,0.7018993831998483,0.1827466645445721,0.11535395225557957,0.7018993831998483,0.1827466645445721,0.11535395225557957,0.7018993831998483,0.1827466645445721,0.11535395225557957,0.8014969303326852,0.059097062059088594,0.13940600760822613,0.8014969303326852,0.059097062059088594,0.13940600760822613,False
2122,2022-01-23,RB Leipzig,Wolfsburg,2,False,0,0.19616247906870052,0.2650649280409646,0.5387725928903349,0.19616247906870052,0.2650649280409646,0.5387725928903349,0.19616247906870052,0.2650649280409646,0.5387725928903349,0.19616247906870052,0.2650649280409646,0.5387725928903349,0.20343876868251198,0.09175789101406102,0.7048033403034271,0.20343876868251226,0.09175789101406112,0.7048033403034266,False
2122,2022-02-04,Hertha,Bochum,1,True,21,0.3,0.26,0.44,0.3,0.26,0.44,0.3,0.26,0.44,0.29403620758579485,0.29051262544401674,0.4154511669701884,0.3279568202392655,0.19498196695046793,0.47706121281026653,0.3279568202392655,0.19498196695046793,0.47706121281026653,False
2122,2022-02-05,Augsburg,Union Berlin,2,False,0,0.3741921377895741,0.30024556945150965,0.3255622927589162,0.3741921377895741,0.30024556945150965,0.3255622927589162,0.3741921377895741,0.30024556945150965,0.3255622927589162,0.3741921377895741,0.30024556945150965,0.3255622927589162,0.47110735284652056,0.19842876833295794,0.3304638788205216,0.47110735284652056,0.19842876833295794,0.3304638788205216,False
2122,2022-02-05,Bayern Munich,RB Leipzig,2,False,0,0.1939244986392133,0.23057483856499883,0.5755006627957879,0.1939244986392133,0.23057483856499883,0.5755006627957879,0.1939244986392133,0.23057483856499883,0.5755006627957879,0.1939244986392133,0.23057483856499883,0.5755006627957879,0.12660303471504117,0.053279862942650434,0.8201171023423084,0.12660303471504097,0.05327986294265038,0.8201171023423086,False
2122,2022-02-05,Bielefeld,M'gladbach,1,False,0,0.5193409655973331,0.2958540611767671,0.18480497322589984,0.5193409655973331,0.2958540611767671,0.18480497322589984,0.5193409655973331,0.2958540611767671,0.18480497322589984,0.5193409655973331,0.2958540611767671,0.18480497322589984,0.33312795926401556,0.20223047468110422,0.4646415660548802,0.33312795926401556,0.20223047468110422,0.4646415660548802,False
2122,2022-02-05,FC Koln,Freiburg,2,False,0,0.38773156211472903,0.28312758006269256,0.32914085782257835,0.38773156211472903,0.28312758006269256,0.32914085782257835,0.38773156211472903,0.28312758006269256,0.32914085782257835,0.38773156211472903,0.28312758006269256,0.32914085782257835,0.35566094379021557,0.2432104116183001,0.4011286445914844,0.35566094379021557,0.2432104116183001,0.4011286445914844,False
2122,2022-02-05,Mainz,Hoffenheim,2,False,0,0.43203043006998004,0.27198060050359785,0.29598896942642217,0.43203043006998004,0.27198060050359785,0.29598896942642217,0.43203043006998004,0.27198060050359785,0.29598896942642217,0.43203043006998004,0.27198060050359785,0.29598896942642217,0.34573384453320033,0.22269411491355326,0.4315720405532464,0.3457338445332002,0.22269411491355304,0.4315720405532467,False
2122,2022-02-05,Stuttgart,Ein Frankfurt,0,False,0,0.39378190147945596,0.2616175926065943,0.34460050591394975,0.39378190147945596,0.2616175926065943,0.34460050591394975,0.39378190147945596,0.2616175926065943,0.34460050591394975,0.39378190147945596,0.2616175926065943,0.34460050591394975,0.4357250011854538,0.22002552604111045,0.3442494727734357,0.4357250011854538,0.22002552604111045,0.3442494727734357,False
2122,2022-02-06,Dortmund,Leverkusen,0,False,0,0.22587265894489175,0.2354597460600662,0.5386675949950421,0.22587265894489175,0.2354597460600662,0.5386675949950421,0.22587265894489175,0.2354597460600662,0.5386675949950421,0.22587265894489175,0.2354597460600662,0.5386675949950421,0.2047472467495989,0.09250463143362854,0.7027481218167726,0.2047472467495989,0.09250463143362854,0.7027481218167726,False
2122,2022-02-06,Wolfsburg,Greuther Furth,2,True,21,0.3,0.26,0.44,0.3,0.26,0.44,0.3,0.26,0.44,0.19655290576860093,0.26383856153260066,0.5396085326987984,0.20568619423888398,0.09304289205659119,0.7012709137045248,0.20568619423888398,0.09304289205659119,0.7012709137045248,False
2122,2022-02-11,RB Leipzig,FC Koln,2,False,0,0.08538046514504186,0.1773013317546574,0.7373182031003008,0.08538046514504186,0.1773013317546574,0.7373182031003008,0.08538046514504186,0.1773013317546574,0.7373182031003008,0.08538046514504186,0.1773013317546574,0.7373182031003008,0.1846459142204234,0.08143498591664491,0.7339190998629317,0.1846459142204236,0.081434985916645,0.7339190998629315,False
2122,2022-02-12,Bochum,Bayern Munich,2,True,22,0.3,0.26,0.44,0.3,0.26,0.44,0.3,0.26,0.44,0.7028923892880614,0.18224344392125205,0.11486416679068664,0.7783043121747045,0.06653298103287515,0.15516270679242034,0.7783043121747045,0.06653298103287515,0.15516270679242034,False
2122,2022-02-12,Ein Frankfurt,Wolfsburg,0,False,0,0.3278025505192919,0.2671470478740473,0.4050504016066609,0.3278025505192919,0.2671470478740473,0.4050504016066609,0.3278025505192919,0.2671470478740473,0.4050504016066609,0.3278025505192919,0.2671470478740473,0.4050504016066609,0.23162394873459793,0.10879336984072936,0.6595826814246727,0.23162394873459793,0.10879336984072936,0.6595826814246727,False
2122,2022-02-12,Freiburg,Mainz,1,False,0,0.24551715020249443,0.2805537270872954,0.4739291227102102,0.24551715020249443,0.2805537270872954,0.4739291227102102,0.24551715020249443,0.2805537270872954,0.4739291227102102,0.24551715020249443,0.2805537270872954,0.4739291227102102,0.2731798830158361,0.13871290717740284,0.588107209806761,0.2731798830158361,0.13871290717740284,0.588107209806761,False
2122,2022-02-12,Greuther Furth,Hertha,2,True,22,0.3,0.26,0.44,0.3,0.26,0.44,0.3,0.26,0.44,0.29550774117270784,0.29070603233724374,0.4137862264900485,0.3440875575790787,0.2197393828578678,0.4361730595630535,0.3440875575790787,0.2197393828578678,0.4361730595630535,False
2122,2022-02-12,Leverkusen,Stuttgart,2,False,0,0.18740570870695414,0.2459452077010054,0.5666490835920406,0.18740570870695414,0.2459452077010054,0.5666490835920406,0.18740570870695414,0.2459452077010054,0.5666490835920406,0.18740570870695414,0.2459452077010054,0.5666490835920406,0.13779128459418755,0.058352905196435156,0.8038558102093774,0.13779128459418755,0.058352905196435156,0.8038558102093774,False
2122,2022-02-12,M'gladbach,Augsburg,2,False,0,0.1634840235565998,0.22821094698848973,0.6083050294549105,0.1634840235565998,0.22821094698848973,0.6083050294549105,0.1634840235565998,0.22821094698848973,0.6083050294549105,0.1634840235565998,0.22821094698848973,0.6083050294549105,0.23092893353286179,0.10834692006080493,0.6607241464063333,0.23092893353286179,0.10834692006080493,0.6607241464063333,False
2122,2022-02-13,Hoffenheim,Bielefeld,2,False,0,0.12866410825915128,0.2565930634934448,0.6147428282474039,0.12866410825915128,0.2565930634934448,0.6147428282474039,0.12866410825915128,0.2565930634934448,0.6147428282474039,0.12866410825915128,0.2565930634934448,0.6147428282474039,0.23535739998342034,0.1112172787646177,0.653425321251962,0.2353573999834207,0.11121727876461783,0.6534253212519615,False
2122,2022-02-13,Union Berlin,Dortmund,0,False,0,0.4990753667156884,0.2549032007930172,0.24602143249129446,0.4990753667156884,0.2549032007930172,0.24602143249129446,0.4990753667156884,0.2549032007930172,0.24602143249129446,0.4990753667156884,0.2549032007930172,0.24602143249129446,0.42884479247468693,0.22446284989094892,0.3466923576343641,0.42884479247468693,0.22446284989094892,0.3466923576343641,False
2122,2022-02-18,Mainz,Leverkusen,2,False,0,0.47360183105947906,0.2773644199388069,0.2490337490017141,0.47360183105947906,0.2773644199388069,0.2490337490017141,0.47360183105947906,0.2773644199388069,0.2490337490017141,0.47360183105947906,0.2773644199388069,0.2490337490017141,0.4069467460400908,0.23915375842256212,0.3538994955373471,0.4069467460400908,0.23915375842256212,0.3538994955373471,False
2122,2022-02-19,Augsburg,Freiburg,0,False,0,0.3592222945293657,0.2914505471415034,0.3493271583291309,0.3592222945293657,0.2914505471415034,0.3493271583291309,0.3592222945293657,0.2914505471415034,0.3493271583291309,0.3592222945293657,0.2914505471415034,0.3493271583291309,0.3899688458282073,0.25118328257696376,0.35884787159482906,0.3899688458282073,0.25118328257696376,0.35884787159482906,False
2122,2022-02-19,Bielefeld,Union Berlin,2,False,0,0.42312315550462787,0.343635322257874,0.2332415222374981,0.42312315550462787,0.343635322257874,0.2332415222374981,0.42312315550462787,0.343635322257874,0.2332415222374981,0.42312315550462787,0.343635322257874,0.2332415222374981,0.3568809908942383,0.246157724210317,0.3969612848954447,0.3568809908942383,0.246157724210317,0.3969612848954447,False
2122,2022-02-19,FC Koln,Ein Frankfurt,2,False,0,0.4839683012776924,0.2503172064279594,0.26571449229434824,0.4839683012776924,0.2503172064279594,0.26571449229434824,0.4839683012776924,0.2503172064279594,0.26571449229434824,0.4839683012776924,0.2503172064279594,0.26571449229434824,0.35937085937595237,0.2525835991015275,0.38804554152252013,0.35937085937595237,0.2525835991015275,0.38804554152252013,False
2122,2022-02-19,Stuttgart,Bochum,1,True,23,0.3,0.26,0.44,0.3,0.26,0.44,0.3,0.26,0.44,0.2878009802142802,0.2827487714694404,0.4294502483162795,0.3533201203304321,0.23786597314609814,0.40881390652346977,0.3533201203304321,0.23786597314609814,0.40881390652346977,False
2122,2022-02-19,Wolfsburg,Hoffenheim,0,False,0,0.275629050084986,0.266318318722056,0.4580526311929581,0.275629050084986,0.266318318722056,0.4580526311929581,0.275629050084986,0.266318318722056,0.4580526311929581,0.275629050084986,0.266318318722056,0.4580526311929581,0.3218440311953221,0.1870462242019661,0.49110974460271173,0.32184403119532196,0.18704622420196587,0.4911097446027121,False
2122,2022-02-20,Bayern Munich,Greuther Furth,2,True,23,0.3,0.26,0.44,0.3,0.26,0.44,0.3,0.26,0.44,0.05849141213374304,0.12520054901615302,0.8163080388501041,0.039796569311433806,0.05,0.9102034306885661,0.039796569311433806,0.05,0.9102034306885661,False
2122,2022-02-20,Dortmund,M'gladbach,2,False,0,0.20678190134965044,0.21732108469947486,0.5758970139508747,0.20678190134965044,0.21732108469947486,0.5758970139508747,0.20678190134965044,0.21732108469947486,0.5758970139508747,0.20678190134965044,0.21732108469947486,0.5758970139508747,0.14771634530317626,0.06297821517031703,0.7893054395265068,0.14771634530317626,0.06297821517031703,0.7893054395265068,False
2122,2022-02-20,Hertha,RB Leipzig,0,False,0,0.5338020931371927,0.2665365181839864,0.19966138867882088,0.5338020931371927,0.2665365181839864,0.19966138867882088,0.5338020931371927,0.2665365181839864,0.19966138867882088,0.5338020931371927,0.2665365181839864,0.19966138867882088,0.5412317037784374,0.16078185511014817,0.2979864411114145,0.541231703778437,0.16078185511014836,0.29798644111141465,False
2122,2022-02-25,Hoffenheim,Stuttgart,2,False,0,0.2264275952263321,0.24691297078779142,0.5266594339858766,0.2264275952263321,0.24691297078779142,0.5266594339858766,0.2264275952263321,0.24691297078779142,0.5266594339858766,0.2264275952263321,0.24691297078779142,0.5266594339858766,0.18230422047871125,0.08019759207833352,0.7374981874429551,0.18230422047871142,0.08019759207833359,0.7374981874429549,False
2122,2022-02-26,Ein Frankfurt,Bayern Munich,0,False,0,0.6304336546081251,0.1953153706590153,0.17425097473285972,0.6304336546081251,0.1953153706590153,0.17425097473285972,0.6304336546081251,0.1953153706590153,0.17425097473285972,0.6304336546081251,0.1953153706590153,0.17425097473285972,0.650175786472403,0.11250727210861453,0.2373169414189824,0.650175786472403,0.11250727210861453,0.2373169414189824,False
2122,2022-02-26,Freiburg,Hertha,2,False,0,0.27685076637051964,0.28508270216992676,0.4380665314595537,0.27685076637051964,0.28508270216992676,0.4380665314595537,0.27685076637051964,0.28508270216992676,0.4380665314595537,0.27685076637051964,0.28508270216992676,0.4380665314595537,0.1856981271171394,0.08199432026320806,0.7323075526196525,0.1856981271171394,0.08199432026320806,0.7323075526196525,False
2122,2022-02-26,Greuther Furth,FC Koln,1,True,24,0.3,0.26,0.44,0.3,0.26,0.44,0.3,0.26,0.44,0.23632466334341778,0.26999670013856164,0.4936786365180206,0.3721432024535242,0.2644719839418309,0.36338481360464486,0.3721432024535242,0.2644719839418309,0.36338481360464486,False
2122,2022-02-26,Leverkusen,Bielefeld,2,False,0,0.106954258900161,0.2514130129918084,0.6416327281080306,0.106954258900161,0.2514130129918084,0.6416327281080306,0.106954258900161,0.2514130129918084,0.6416327281080306,0.106954258900161,0.2514130129918084,0.6416327281080306,0.17070664836134666,0.07421276909855606,0.7550805825400972,0.17070664836134666,0.07421276909855606,0.7550805825400972,False
2122,2022-02-26,M'gladbach,Wolfsburg,1,False,0,0.3000117893711164,0.27254261517410794,0.4274455954547757,0.3000117893711164,0.27254261517410794,0.4274455954547757,0.3000117893711164,0.27254261517410794,0.4274455954547757,0.3000117893711164,0.27254261517410794,0.4274455954547757,0.3031732036031522,0.16597951786488502,0.5308472785319628,0.3031732036031522,0.16597951786488502,0.5308472785319628,False
2122,2022-02-26,Union Berlin,Mainz,2,False,0,0.22777954683616045,0.2854463811661925,0.4867740719976471,0.22777954683616045,0.2854463811661925,0.4867740719976471,0.22777954683616045,0.2854463811661925,0.4867740719976471,0.22777954683616045,0.2854463811661925,0.4867740719976471,0.29512803728699866,0.15801614784131013,0.5468558148716912,0.29512803728699866,0.15801614784131013,0.5468558148716912,False
2122,2022-02-27,Augsburg,Dortmund,1,False,0,0.6043443309387321,0.22091335721974426,0.1747423118415236,0.6043443309387321,0.22091335721974426,0.1747423118415236,0.6043443309387321,0.22091335721974426,0.1747423118415236,0.6043443309387321,0.22091335721974426,0.1747423118415236,0.6847954915255835,0.09913532497751192,0.21606918349690468,0.6847954915255835,0.09913532497751192,0.21606918349690468,False
2122,2022-02-27,Bochum,RB Leipzig,0,True,24,0.3,0.26,0.44,0.3,0.26,0.44,0.3,0.26,0.44,0.5347908008395974,0.26614294759379575,0.1990662515666069,0.4422263706389103,0.21590676944603504,0.34186685991505467,0.4422263706389099,0.2159067694460353,0.34186685991505483,False
2122,2022-03-04,Bielefeld,Augsburg,0,False,0,0.3527202274974937,0.34717968185194514,0.3001000906505611,0.3527202274974937,0.34717968185194514,0.3001000906505611,0.3527202274974937,0.34717968185194514,0.3001000906505611,0.3527202274974937,0.34717968185194514,0.3001000906505611,0.26586195588374756,0.13290731589035334,0.6012307282258992,0.26586195588374756,0.13290731589035334,0.6012307282258992,False
2122,2022-03-05,Bayern Munich,Leverkusen,1,False,0,0.12426682134423632,0.1836588463209476,0.6920743323348161,0.12426682134423632,0.1836588463209476,0.6920743323348161,0.12426682134423632,0.1836588463209476,0.6920743323348161,0.12426682134423632,0.1836588463209476,0.6920743323348161,0.14144971060811323,0.0600434717187286,0.7985068176731581,0.14144971060811323,0.0600434717187286,0.7985068176731581,False
2122,2022-03-05,Bochum,Greuther Furth,2,True,25,0.3,0.26,0.44,0.3,0.26,0.44,0.3,0.26,0.44,0.29481229605075454,0.2904789259929549,0.4147087779562906,0.21066767999125413,0.0959331014153388,0.693399218593407,0.21066767999125413,0.0959331014153388,0.693399218593407,False
2122,2022-03-05,Hertha,Ein Frankfurt,0,False,0,0.3998735927521983,0.2674430663464117,0.33268334090139,0.3998735927521983,0.2674430663464117,0.33268334090139,0.3998735927521983,0.2674430663464117,0.33268334090139,0.3998735927521983,0.2674430663464117,0.33268334090139,0.4424979060632793,0.21573628298951342,0.34176581094720726,0.4424979060632793,0.21573628298951342,0.34176581094720726,False
2122,2022-03-05,RB Leipzig,Freiburg,1,False,0,0.1320882716098351,0.2246926950881067,0.6432190333020583,0.1320882716098351,0.2246926950881067,0.6432190333020583,0.1320882716098351,0.2246926950881067,0.6432190333020583,0.1320882716098351,0.2246926950881067,0.6432190333020583,0.22023394707767613,0.1016554803481743,0.6781105725741496,0.2202339470776763,0.10165548034817441,0.6781105725741493,False
2122,2022-03-05,Stuttgart,M'gladbach,2,False,0,0.41687358260396096,0.267601307125406,0.3155251102706331,0.41687358260396096,0.267601307125406,0.3155251102706331,0.41687358260396096,0.267601307125406,0.3155251102706331,0.41687358260396096,0.267601307125406,0.3155251102706331,0.3611490891908225,0.25757832409896236,0.3812725867102151,0.3611490891908225,0.25757832409896236,0.3812725867102151,False
2122,2022-03-05,Wolfsburg,Union Berlin,2,False,0,0.2280219587970039,0.2830782845681867,0.48889975663480933,0.2280219587970039,0.2830782845681867,0.48889975663480933,0.2280219587970039,0.2830782845681867,0.48889975663480933,0.2280219587970039,0.2830782845681867,0.48889975663480933,0.3208178980417776,0.18577281378740243,0.49340928817081997,0.3208178980417776,0.18577281378740243,0.49340928817081997,False
2122,2022-03-06,FC Koln,Hoffenheim,0,False,0,0.47740097589129066,0.2563671023683019,0.26623192174040733,0.47740097589129066,0.2563671023683019,0.26623192174040733,0.47740097589129066,0.2563671023683019,0.26623192174040733,0.47740097589129066,0.2563671023683019,0.26623192174040733,0.3573283478356868,0.24726950490592353,0.39540214725838974,0.3573283478356867,0.24726950490592328,0.39540214725839007,False
2122,2022-03-12,Freiburg,Wolfsburg,2,False,0,0.3901918930001358,0.29046175212266157,0.31934635487720264,0.3901918930001358,0.29046175212266157,0.31934635487720264,0.3901918930001358,0.29046175212266157,0.31934635487720264,0.3901918930001358,0.29046175212266157,0.31934635487720264,0.27024750183540874,0.1363536600205937,0.5933988381439975,0.27024750183540874,0.1363536600205937,0.5933988381439975,False
2122,2022-03-12,Hoffenheim,Bayern Munich,1,False,0,0.6258068287171509,0.2004251726792517,0.17376799860359748,0.6258068287171509,0.2004251726792517,0.17376799860359748,0.6258068287171509,0.2004251726792517,0.17376799860359748,0.6258068287171509,0.2004251726792517,0.17376799860359748,0.6107848605403191,0.1287745112499159,0.260440628209765,0.6107848605403196,0.12877451124991574,0.2604406282097648,False
2122,2022-03-12,M'gladbach,Hertha,2,False,0,0.19701591912566715,0.24496958537988156,0.5580144954944514,0.19701591912566715,0.24496958537988156,0.5580144954944514,0.19701591912566715,0.24496958537988156,0.5580144954944514,0.19701591912566715,0.24496958537988156,0.5580144954944514,0.20779710624991476,0.09426045370518417,0.697942440044901,0.20779710624991476,0.09426045370518417,0.697942440044901,False
2122,2022-03-12,Union Berlin,Stuttgart,1,False,0,0.2661587627062832,0.28601331023149806,0.4478279270622187,0.2661587627062832,0.28601331023149806,0.4478279270622187,0.2661587627062832,0.28601331023149806,0.4478279270622187,0.2661587627062832,0.28601331023149806,0.4478279270622187,0.21117069888745812,0.0962282507974822,0.6926010503150597,0.21117069888745812,0.0962282507974822,0.6926010503150597,False
2122,2022-03-13,Dortmund,Bielefeld,2,False,0,0.06927526892930368,0.18108275697368006,0.7496419740970163,0.06927526892930368,0.18108275697368006,0.7496419740970163,0.06927526892930368,0.18108275697368006,0.7496419740970163,0.06927526892930368,0.18108275697368006,0.7496419740970163,0.10509257824919807,0.05,0.8449074217508019,0.10509257824919807,0.05,0.8449074217508019,False
2122,2022-03-13,Ein Frankfurt,Bochum,2,True,26,0.3,0.26,0.44,0.3,0.26,0.44,0.3,0.26,0.44,0.21681598751454761,0.24424362730624058,0.5389403851792117,0.24186811957001053,0.11555259205442535,0.6425792883755641,0.24186811957001053,0.11555259205442535,0.6425792883755641,False
2122,2022-03-13,Greuther Furth,RB Leipzig,0,True,26,0.3,0.26,0.44,0.3,0.26,0.44,0.3,0.26,0.44,0.5347908008395974,0.26614294759379575,0.1990662515666069,0.6410510687366509,0.11617033292232223,0.2427785983410269,0.6410510687366504,0.11617033292232237,0.24277859834102716,False
2122,2022-03-13,Leverkusen,FC Koln,0,False,0,0.134339227775938,0.21370523357015736,0.6519555386539045,0.134339227775938,0.21370523357015736,0.6519555386539045,0.134339227775938,0.21370523357015736,0.6519555386539045,0.134339227775938,0.21370523357015736,0.6519555386539045,0.16597737644544508,0.07183688896170443,0.7621857345928504,0.16597737644544508,0.07183688896170443,0.7621857345928504,False
2122,2022-03-16,Mainz,Dortmund,0,False,0,0.59049114444256,0.22712889991683408,0.18237995564060594,0.59049114444256,0.22712889991683408,0.18237995564060594,0.59049114444256,0.22712889991683408,0.18237995564060594,0.59049114444256,0.22712889991683408,0.18237995564060594,0.5337307261161307,0.1645242283865334,0.301745045497336,0.5337307261161307,0.1645242283865334,0.301745045497336,False
2122,2022-03-18,Bochum,M'gladbach,0,True,27,0.3,0.26,0.44,0.3,0.26,0.44,0.3,0.26,0.44,0.42328165346703195,0.27285112733760225,0.3038672191953658,0.3146734443869458,0.17845752892600572,0.5068690266870485,0.3146734443869458,0.17845752892600572,0.5068690266870485,False
2122,2022-03-19,Bayern Munich,Union Berlin,2,False,0,0.07634309025547334,0.1515849785312258,0.772071931213301,0.07634309025547334,0.1515849785312258,0.772071931213301,0.07634309025547334,0.1515849785312258,0.772071931213301,0.07634309025547334,0.1515849785312258,0.772071931213301,0.08886872475959116,0.05,0.8611312752404088,0.08886872475959116,0.05,0.8611312752404088,False
2122,2022-03-19,Greuther Furth,Freiburg,1,True,27,0.3,0.26,0.44,0.3,0.26,0.44,0.3,0.26,0.44,0.3156835267952866,0.2899969885866726,0.3943194846180408,0.5364635941012785,0.1631535446128852,0.30038286128583624,0.5364635941012785,0.1631535446128852,0.30038286128583624,False
2122,2022-03-19,Hertha,Hoffenheim,2,False,0,0.3947466894619423,0.27322797312435293,0.3320253374137048,0.3947466894619423,0.27322797312435293,0.3320253374137048,0.3947466894619423,0.27322797312435293,0.3320253374137048,0.3947466894619423,0.27322797312435293,0.3320253374137048,0.538090642417934,0.16234142997878517,0.29956792760328077,0.5380906424179337,0.16234142997878537,0.299567927603281,False
2122,2022-03-19,Mainz,Bielefeld,2,False,0,0.203360338153875,0.3281346530045387,0.4685050088415864,0.203360338153875,0.3281346530045387,0.4685050088415864,0.203360338153875,0.3281346530045387,0.4685050088415864,0.203360338153875,0.3281346530045387,0.4685050088415864,0.2500102907356427,0.12118323224886092,0.6288064770154963,0.2500102907356427,0.12118323224886092,0.6288064770154963,False
2122,2022-03-19,Stuttgart,Augsburg,2,False,0,0.2481324175502846,0.27449609301298267,0.4773714894367328,0.2481324175502846,0.27449609301298267,0.4773714894367328,0.2481324175502846,0.27449609301298267,0.4773714894367328,0.2481324175502846,0.27449609301298267,0.4773714894367328,0.30218124743317964,0.16496671284514355,0.5328520397216767,0.30218124743317964,0.16496671284514355,0.5328520397216767,False
2122,2022-03-20,FC Koln,Dortmund,1,False,0,0.6398311178375458,0.20380691529362688,0.15636196686882733,0.6398311178375458,0.20380691529362688,0.15636196686882733,0.6398311178375458,0.20380691529362688,0.15636196686882733,0.6398311178375458,0.20380691529362688,0.15636196686882733,0.5797818861809413,0.14247625447174778,0.277741859347311,0.5797818861809413,0.14247625447174778,0.277741859347311,False
2122,2022-03-20,RB Leipzig,Ein Frankfurt,1,False,0,0.17695113767493223,0.2286283593027209,0.594420503022347,0.17695113767493223,0.2286283593027209,0.594420503022347,0.17695113767493223,0.2286283593027209,0.594420503022347,0.17695113767493223,0.2286283593027209,0.594420503022347,0.22624561892755055,0.10537632002316379,0.6683780610492857,0.2262456189275507,0.1053763200231639,0.6683780610492854,False
2122,2022-03-20,Wolfsburg,Leverkusen,0,False,0,0.31752681019459095,0.2863603393902921,0.3961128504151169,0.31752681019459095,0.2863603393902921,0.3961128504151169,0.31752681019459095,0.2863603393902921,0.3961128504151169,0.31752681019459095,0.2863603393902921,0.3961128504151169,0.37506277725698817,0.2622468256058681,0.36269039713714374,0.37506277725698817,0.2622468256058681,0.36269039713714374,False
2122,2022-04-01,Union Berlin,FC Koln,2,False,0,0.2026272288158532,0.2652988042026282,0.5320739669815187,0.2026272288158532,0.2652988042026282,0.5320739669815187,0.2026272288158532,0.2652988042026282,0.5320739669815187,0.2026272288158532,0.2652988042026282,0.5320739669815187,0.2763445099979273,0.14131110110548126,0.5823443888965916,0.2763445099979273,0.14131110110548126,0.5823443888965916,False
2122,2022-04-02,Bielefeld,Stuttgart,1,False,0,0.4051972548374588,0.3348072572878946,0.25999548787464666,0.4051972548374588,0.3348072572878946,0.25999548787464666,0.4051972548374588,0.3348072572878946,0.25999548787464666,0.4051972548374588,0.3348072572878946,0.25999548787464666,0.3047447156792045,0.16760313733279444,0.527652146988001,0.3047447156792045,0.16760313733279444,0.527652146988001,False
2122,2022-04-02,Dortmund,RB Leipzig,0,False,0,0.3175689489493411,0.2621487949551098,0.4202822560955492,0.3175689489493411,0.2621487949551098,0.4202822560955492,0.3175689489493411,0.2621487949551098,0.4202822560955492,0.3175689489493411,0.2621487949551098,0.4202822560955492,0.24670104553057998,0.11886538439518847,0.6344335700742316,0.2467010455305798,0.11886538439518836,0.6344335700742318,False
2122,2022-04-02,Ein Frankfurt,Greuther Furth,1,True,28,0.3,0.26,0.44,0.3,0.26,0.44,0.3,0.26,0.44,0.21681598751454761,0.24424362730624058,0.5389403851792117,0.13893050314855812,0.05887759508768298,0.8021919017637589,0.13893050314855812,0.05887759508768298,0.8021919017637589,False
2122,2022-04-02,Freiburg,Bayern Munich,0,False,0,0.6836861219017265,0.1891753551696656,0.12713852292860794,0.6836861219017265,0.1891753551696656,0.12713852292860794,0.6836861219017265,0.1891753551696656,0.12713852292860794,0.6836861219017265,0.1891753551696656,0.12713852292860794,0.6315432736610007,0.120052884327256,0.24840384201174334,0.6315432736610007,0.120052884327256,0.24840384201174334,False
2122,2022-04-02,Hoffenheim,Bochum,0,True,28,0.3,0.26,0.44,0.3,0.26,0.44,0.3,0.26,0.44,0.21790247835322482,0.2506355679816865,0.5314619536650886,0.22411438125045952,0.10404564894528874,0.6718399698042519,0.22411438125045957,0.10404564894528884,0.6718399698042516,False
2122,2022-04-02,Leverkusen,Hertha,2,False,0,0.18109459732075886,0.2497346640690905,0.5691707386101507,0.18109459732075886,0.2497346640690905,0.5691707386101507,0.18109459732075886,0.2497346640690905,0.5691707386101507,0.18109459732075886,0.2497346640690905,0.5691707386101507,0.12053783583632711,0.05058677876137508,0.8288753854022978,0.12053783583632711,0.05058677876137508,0.8288753854022978,False
2122,2022-04-03,Augsburg,Wolfsburg,2,False,0,0.45724713170270437,0.2840965412310208,0.25865632706627484,0.45724713170270437,0.2840965412310208,0.25865632706627484,0.45724713170270437,0.2840965412310208,0.25865632706627484,0.45724713170270437,0.2840965412310208,0.25865632706627484,0.35420926009762455,0.2398513671194676,0.4059393727829078,0.35420926009762455,0.2398513671194676,0.4059393727829078,False
2122,2022-04-03,M'gladbach,Mainz,1,False,0,0.17059296225209802,0.23465269880890768,0.5947543389389944,0.17059296225209802,0.23465269880890768,0.5947543389389944,0.17059296225209802,0.23465269880890768,0.5947543389389944,0.17059296225209802,0.23465269880890768,0.5947543389389944,0.2952269921708144,0.15811078471394063,0.5466622231152449,0.2952269921708144,0.15811078471394063,0.5466622231152449,False
2122,2022-04-06,Augsburg,Mainz,2,False,0,0.30304195685227064,0.2939093645235386,0.40304867862419075,0.30304195685227064,0.2939093645235386,0.40304867862419075,0.30304195685227064,0.2939093645235386,0.40304867862419075,0.30304195685227064,0.2939093645235386,0.40304867862419075,0.3543645541683336,0.2402035473430712,0.4054318984885951,0.3543645541683336,0.2402035473430712,0.4054318984885951,False
2122,2022-04-08,Stuttgart,Dortmund,0,False,0,0.5483651714323495,0.23304974076548102,0.21858508780216954,0.5483651714323495,0.23304974076548102,0.21858508780216954,0.5483651714323495,0.23304974076548102,0.21858508780216954,0.5483651714323495,0.23304974076548102,0.21858508780216954,0.6112403891992031,0.12857938038200414,0.26018023041879274,0.6112403891992031,0.12857938038200414,0.26018023041879274,False
2122,2022-04-09,Bayern Munich,Augsburg,2,False,0,0.04416387896186813,0.1051872965142034,0.8506488245239283,0.04416387896186813,0.1051872965142034,0.8506488245239283,0.04416387896186813,0.1051872965142034,0.8506488245239283,0.04416387896186813,0.1051872965142034,0.8506488245239283,0.055252716987289896,0.05,0.8947472830127101,0.055252716987289896,0.05,0.8947472830127101,False
2122,2022-04-09,FC Koln,Mainz,2,False,0,0.3284380060386515,0.2881990119147853,0.38336298204656327,0.3284380060386515,0.2881990119147853,0.38336298204656327,0.3284380060386515,0.2881990119147853,0.38336298204656327,0.3284380060386515,0.2881990119147853,0.38336298204656327,0.3180495925906249,0.18241360591481354,0.49953680149456153,0.3180495925906249,0.18241360591481354,0.49953680149456153,False
2122,2022-04-09,Greuther Furth,M'gladbach,0,True,29,0.3,0.26,0.44,0.3,0.26,0.44,0.3,0.26,0.44,0.42328165346703195,0.27285112733760225,0.3038672191953658,0.4420853220225586,0.21599537651729328,0.34191930146014804,0.4420853220225586,0.21599537651729328,0.34191930146014804,False
2122,2022-04-09,Hertha,Union Berlin,0,False,0,0.33020754826063853,0.3006936947304961,0.3690987570088654,0.33020754826063853,0.3006936947304961,0.3690987570088654,0.33020754826063853,0.3006936947304961,0.3690987570088654,0.33020754826063853,0.3006936947304961,0.3690987570088654,0.41725940800630595,0.23212442744668593,0.35061616454700817,0.41725940800630595,0.23212442744668593,0.35061616454700817,False
2122,2022-04-09,Wolfsburg,Bielefeld,2,False,0,0.11774327077084104,0.2694862670588686,0.6127704621702904,0.11774327077084104,0.2694862670588686,0.6127704621702904,0.11774327077084104,0.2694862670588686,0.6127704621702904,0.11774327077084104,0.2694862670588686,0.6127704621702904,0.25508184842636217,0.12481810868169992,0.6201000428919379,0.25508184842636217,0.12481810868169992,0.6201000428919379,False
2122,2022-04-10,Bochum,Leverkusen,1,True,29,0.3,0.26,0.44,0.3,0.26,0.44,0.3,0.26,0.44,0.43829232047706296,0.28148112263670577,0.2802265568862314,0.46229701759211517,0.2036243898277079,0.3340785925801769,0.46229701759211517,0.2036243898277079,0.3340785925801769,False
2122,2022-04-10,Ein Frankfurt,Freiburg,0,False,0,0.23544225472187996,0.24766634930333334,0.5168913959747868,0.23544225472187996,0.24766634930333334,0.5168913959747868,0.23544225472187996,0.24766634930333334,0.5168913959747868,0.23544225472187996,0.24766634930333334,0.5168913959747868,0.2908301830519207,0.1539790272960243,0.555190789652055,0.2908301830519207,0.1539790272960243,0.555190789652055,False
2122,2022-04-10,RB Leipzig,Hoffenheim,2,False,0,0.1762122029231462,0.2341383820035579,0.5896494150732959,0.1762122029231462,0.2341383820035579,0.5896494150732959,0.1762122029231462,0.2341383820035579,0.5896494150732959,0.1762122029231462,0.2341383820035579,0.5896494150732959,0.19070162808127253,0.08468307555689061,0.7246152963618369,0.19070162808127253,0.08468307555689061,0.7246152963618369,False
2122,2022-04-16,Augsburg,Hertha,0,False,0,0.33761862428315237,0.293965333213684,0.36841604250316357,0.33761862428315237,0.293965333213684,0.36841604250316357,0.33761862428315237,0.293965333213684,0.36841604250316357,0.33761862428315237,0.293965333213684,0.36841604250316357,0.24480925507603318,0.11755863990719313,0.6376321050167737,0.24480925507603318,0.11755863990719313,0.6376321050167737,False
2122,2022-04-16,Dortmund,Wolfsburg,2,False,0,0.20697153569398338,0.2354207956611957,0.557607668644821,0.20697153569398338,0.2354207956611957,0.557607668644821,0.20697153569398338,0.2354207956611957,0.557607668644821,0.20697153569398338,0.2354207956611957,0.557607668644821,0.1405401451193125,0.05962163098671054,0.7998382238939769,0.1405401451193125,0.05962163098671054,0.7998382238939769,False
2122,2022-04-16,Freiburg,Bochum,2,True,30,0.3,0.26,0.44,0.3,0.26,0.44,0.3,0.26,0.44,0.2761638971285525,0.2848216139231195,0.43901448894832806,0.2320604715202699,0.109074532066136,0.6588649964135941,0.2320604715202699,0.109074532066136,0.6588649964135941,False
2122,2022-04-16,M'gladbach,FC Koln,0,False,0,0.14637198079483718,0.21053734253675851,0.6430906766684044,0.14637198079483718,0.21053734253675851,0.6430906766684044,0.14637198079483718,0.21053734253675851,0.6430906766684044,0.14637198079483718,0.21053734253675851,0.6430906766684044,0.26971675290382036,0.13593143800469903,0.5943518090914807,0.26971675290382036,0.13593143800469903,0.5943518090914807,False
2122,2022-04-16,Mainz,Stuttgart,1,False,0,0.3385557715627914,0.2899021139338775,0.3715421145033311,0.3385557715627914,0.2899021139338775,0.3715421145033311,0.3385557715627914,0.2899021139338775,0.3715421145033311,0.3385557715627914,0.2899021139338775,0.3715421145033311,0.24242894627265796,0.11593275838310937,0.6416382953442327,0.24242894627265796,0.11593275838310937,0.6416382953442327,False
2122,2022-04-17,Bielefeld,Bayern Munich,0,False,0,0.7611007781239159,0.17409463724037638,0.06480458463570773,0.7611007781239159,0.17409463724037638,0.06480458463570773,0.7611007781239159,0.17409463724037638,0.06480458463570773,0.7611007781239159,0.17409463724037638,0.06480458463570773,0.8123944202027438,0.05567694844593547,0.1319286313513207,0.8123944202027438,0.05567694844593547,0.1319286313513207,False
2122,2022-04-17,Hoffenheim,Greuther Furth,1,True,30,0.3,0.26,0.44,0.3,0.26,0.44,0.3,0.26,0.44,0.21790247835322482,0.2506355679816865,0.5314619536650886,0.1587870188301038,0.06829119572064202,0.7729217854492542,0.15878701883010407,0.06829119572064211,0.7729217854492538,False
2122,2022-04-17,Leverkusen,RB Leipzig,0,False,0,0.39186573224510785,0.2877498445518422,0.3203844232030499,0.39186573224510785,0.2877498445518422,0.3203844232030499,0.39186573224510785,0.2877498445518422,0.3203844232030499,0.39186573224510785,0.2877498445518422,0.3203844232030499,0.3351267316105106,0.20518541858382258,0.45968784980566685,0.33512673161051043,0.20518541858382236,0.45968784980566724,False
2122,2022-04-17,Union Berlin,Ein Frankfurt,2,False,0,0.35268078558966315,0.2748526296173738,0.3724665847929631,0.35268078558966315,0.2748526296173738,0.3724665847929631,0.35268078558966315,0.2748526296173738,0.3724665847929631,0.35268078558966315,0.2748526296173738,0.3724665847929631,0.3061179775147374,0.16904165594189297,0.5248403665433696,0.3061179775147374,0.16904165594189297,0.5248403665433696,False
2122,2022-04-22,Wolfsburg,Mainz,2,False,0,0.17186984941492292,0.25432584028344635,0.5738043103016308,0.17186984941492292,0.25432584028344635,0.5738043103016308,0.17186984941492292,0.25432584028344635,0.5738043103016308,0.17186984941492292,0.25432584028344635,0.5738043103016308,0.30611116038587205,0.16903446841498557,0.5248543711991425,0.30611116038587205,0.16903446841498557,0.5248543711991425,False
2122,2022-04-23,Bayern Munich,Dortmund,2,False,0,0.1800633356178774,0.1932540145618953,0.6266826498202274,0.1800633356178774,0.1932540145618953,0.6266826498202274,0.1800633356178774,0.1932540145618953,0.6266826498202274,0.1800633356178774,0.1932540145618953,0.6266826498202274,0.18718299846659733,0.08278721101589022,0.7300297905175124,0.18718299846659733,0.08278721101589022,0.7300297905175124,False
2122,2022-04-23,Ein Frankfurt,Hoffenheim,1,False,0,0.30659894227079343,0.2446359472397952,0.44876511048941126,0.30659894227079343,0.2446359472397952,0.44876511048941126,0.30659894227079343,0.2446359472397952,0.44876511048941126,0.30659894227079343,0.2446359472397952,0.44876511048941126,0.2918746067590686,0.15494721388770363,0.5531781793532278,0.29187460675906846,0.15494721388770344,0.553178179353228,False
2122,2022-04-23,FC Koln,Bielefeld,2,False,0,0.22788899490596998,0.3252480339982594,0.44686297109577067,0.22788899490596998,0.3252480339982594,0.44686297109577067,0.22788899490596998,0.3252480339982594,0.44686297109577067,0.22788899490596998,0.3252480339982594,0.44686297109577067,0.21592555398490898,0.0990492218579514,0.6850252241571396,0.21592555398490898,0.0990492218579514,0.6850252241571396,False
2122,2022-04-23,Freiburg,M'gladbach,1,False,0,0.40163814520092667,0.27235286834204697,0.3260089864570265,0.40163814520092667,0.27235286834204697,0.3260089864570265,0.40163814520092667,0.27235286834204697,0.3260089864570265,0.40163814520092667,0.27235286834204697,0.3260089864570265,0.24734303348986586,0.11931182412059461,0.6333451423895395,0.24734303348986586,0.11931182412059461,0.6333451423895395,False
2122,2022-04-23,Greuther Furth,Leverkusen,0,True,31,0.3,0.26,0.44,0.3,0.26,0.44,0.3,0.26,0.44,0.43829232047706296,0.28148112263670577,0.2802265568862314,0.6257746324266862,0.1224422305879567,0.2517831369853571,0.6257746324266862,0.1224422305879567,0.2517831369853571,False
2122,2022-04-23,RB Leipzig,Union Berlin,0,False,0,0.1452262510685672,0.24374256190628052,0.6110311870251522,0.1452262510685672,0.24374256190628052,0.6110311870251522,0.1452262510685672,0.24374256190628052,0.6110311870251522,0.1452262510685672,0.24374256190628052,0.6110311870251522,0.1861115222775805,0.08221464370781156,0.7316738340146081,0.18611152227758068,0.08221464370781165,0.7316738340146077,False
2122,2022-04-24,Bochum,Augsburg,0,True,31,0.3,0.26,0.44,0.3,0.26,0.44,0.3,0.26,0.44,0.2553325534201768,0.28313863295337516,0.46152881362644815,0.267172501019591,0.133927207039557,0.598900291940852,0.267172501019591,0.133927207039557,0.598900291940852,False
2122,2022-04-24,Hertha,Stuttgart,2,False,0,0.3051292412814607,0.28516292123426273,0.4097078374842765,0.3051292412814607,0.28516292123426273,0.4097078374842765,0.3051292412814607,0.28516292123426273,0.4097078374842765,0.3051292412814607,0.28516292123426273,0.4097078374842765,0.33061779774578226,0.19864439185564955,0.4707378103985682,0.33061779774578226,0.19864439185564955,0.4707378103985682,False
2122,2022-04-29,Union Berlin,Greuther Furth,1,True,32,0.3,0.26,0.44,0.3,0.26,0.44,0.3,0.26,0.44,0.2564741231072617,0.2907717298723865,0.4527541470203518,0.13267568832779783,0.0560157284614583,0.8113085832107438,0.13267568832779783,0.0560157284614583,0.8113085832107438,False
2122,2022-04-30,Augsburg,FC Koln,0,False,0,0.2752490227424167,0.2792408462672385,0.4455101309903449,0.2752490227424167,0.2792408462672385,0.4455101309903449,0.2752490227424167,0.2792408462672385,0.4455101309903449,0.2752490227424167,0.2792408462672385,0.4455101309903449,0.34894469189499444,0.22877262523679276,0.4222826828682128,0.34894469189499444,0.22877262523679276,0.4222826828682128,False
2122,2022-04-30,Bielefeld,Hertha,1,False,0,0.39217731599164474,0.3431303738582715,0.2646923101500838,0.39217731599164474,0.3431303738582715,0.2646923101500838,0.39217731599164474,0.3431303738582715,0.2646923101500838,0.39217731599164474,0.3431303738582715,0.2646923101500838,0.30287288501608906,0.16567191713977983,0.5314551978441311,0.30287288501608906,0.16567191713977983,0.5314551978441311,False
2122,2022-04-30,Dortmund,Bochum,0,True,32,0.3,0.26,0.44,0.3,0.26,0.44,0.3,0.26,0.44,0.12239930224544085,0.18865195216648434,0.6889487455880748,0.11559526744594566,0.05,0.8344047325540543,0.11559526744594566,0.05,0.8344047325540543,False
2122,2022-04-30,Hoffenheim,Freiburg,0,False,0,0.23631675855237205,0.25392483847839314,0.5097584029692348,0.23631675855237205,0.25392483847839314,0.5097584029692348,0.23631675855237205,0.25392483847839314,0.5097584029692348,0.23631675855237205,0.25392483847839314,0.5097584029692348,0.3299576794944835,0.1977229866392005,0.47231933386631597,0.32995767949448357,0.19772298663920074,0.4723193338663157,False
2122,2022-04-30,Mainz,Bayern Munich,2,False,0,0.7348107533840381,0.16862863284203108,0.09656061377393091,0.7348107533840381,0.16862863284203108,0.09656061377393091,0.7348107533840381,0.16862863284203108,0.09656061377393091,0.7348107533840381,0.16862863284203108,0.09656061377393091,0.7623832986770841,0.07177116458248314,0.16584553674043287,0.7623832986770841,0.07177116458248314,0.16584553674043287,False
2122,2022-04-30,Stuttgart,Wolfsburg,1,False,0,0.40473330358467025,0.2856746182589507,0.3095920781563792,0.40473330358467025,0.2856746182589507,0.3095920781563792,0.40473330358467025,0.2856746182589507,0.3095920781563792,0.40473330358467025,0.2856746182589507,0.3095920781563792,0.35653880511700636,0.24531886874631348,0.39814232613668016,0.35653880511700636,0.24531886874631348,0.39814232613668016,False
2122,2022-05-02,Leverkusen,Ein Frankfurt,2,False,0,0.25871544932441864,0.2499411293718998,0.4913434213036816,0.25871544932441864,0.2499411293718998,0.4913434213036816,0.25871544932441864,0.2499411293718998,0.4913434213036816,0.25871544932441864,0.2499411293718998,0.4913434213036816,0.21764955473715614,0.10008625573156117,0.6822641895312826,0.21764955473715614,0.10008625573156117,0.6822641895312826,False
2122,2022-05-02,M'gladbach,RB Leipzig,2,False,0,0.42235264466015165,0.27414528555824147,0.303502069781607,0.42235264466015165,0.27414528555824147,0.303502069781607,0.42235264466015165,0.27414528555824147,0.303502069781607,0.42235264466015165,0.27414528555824147,0.303502069781607,0.47262184697488446,0.19754715439482753,0.3298309986302881,0.472621846974884,0.19754715439482773,0.32983099863028825,False
2122,2022-05-06,Bochum,Bielefeld,2,True,33,0.3,0.26,0.44,0.3,0.26,0.44,0.3,0.26,0.44,0.18158245382189947,0.31513982587413364,0.5032777203039669,0.24410550578110024,0.11707584000109231,0.6388186542178075,0.24410550578110024,0.11707584000109231,0.6388186542178075,False
2122,2022-05-07,FC Koln,Wolfsburg,0,False,0,0.4892697750396741,0.27113343381665184,0.23959679114367394,0.4892697750396741,0.27113343381665184,0.23959679114367394,0.4892697750396741,0.27113343381665184,0.23959679114367394,0.4892697750396741,0.27113343381665184,0.23959679114367394,0.2703241964434023,0.13641479187150718,0.5932610116850906,0.2703241964434023,0.13641479187150718,0.5932610116850906,False
2122,2022-05-07,Freiburg,Union Berlin,0,False,0,0.3120425430213615,0.2967009172958304,0.3912565396828082,0.3120425430213615,0.2967009172958304,0.3912565396828082,0.3120425430213615,0.2967009172958304,0.3912565396828082,0.3120425430213615,0.2967009172958304,0.3912565396828082,0.28693585678334904,0.15043814677097145,0.5626259964456796,0.28693585678334904,0.15043814677097145,0.5626259964456796,False
2122,2022-05-07,Greuther Furth,Dortmund,0,True,33,0.3,0.26,0.44,0.3,0.26,0.44,0.3,0.26,0.44,0.5532686158123687,0.23649236127252887,0.21023902291510246,0.704120323925512,0.09200578281330997,0.2038738932611779,0.704120323925512,0.09200578281330997,0.2038738932611779,False
2122,2022-05-07,Hertha,Mainz,0,False,0,0.2625087543703904,0.28759689761382534,0.4498943480157843,0.2625087543703904,0.28759689761382534,0.4498943480157843,0.2625087543703904,0.28759689761382534,0.4498943480157843,0.2625087543703904,0.28759689761382534,0.4498943480157843,0.3623906179798387,0.2613109205753693,0.376298461444792,0.3623906179798387,0.2613109205753693,0.376298461444792,False
2122,2022-05-07,Hoffenheim,Leverkusen,0,False,0,0.35260127171008243,0.2675784402044012,0.37982028808551643,0.35260127171008243,0.2675784402044012,0.37982028808551643,0.35260127171008243,0.2675784402044012,0.37982028808551643,0.35260127171008243,0.2675784402044012,0.37982028808551643,0.4037096912817673,0.24140251594813905,0.35488779277009375,0.4037096912817677,0.24140251594813877,0.3548877927700935,False
2122,2022-05-08,Bayern Munich,Stuttgart,1,False,0,0.06046160235967591,0.12334923543559971,0.8161891622047244,0.06046160235967591,0.12334923543559971,0.8161891622047244,0.06046160235967591,0.12334923543559971,0.8161891622047244,0.06046160235967591,0.12334923543559971,0.8161891622047244,0.050967649993714836,0.05,0.8990323500062851,0.050967649993714836,0.05,0.8990323500062851,False
2122,2022-05-08,Ein Frankfurt,M'gladbach,1,False,0,0.33459353118655244,0.2496413026939919,0.41576516611945574,0.33459353118655244,0.2496413026939919,0.41576516611945574,0.33459353118655244,0.2496413026939919,0.41576516611945574,0.33459353118655244,0.2496413026939919,0.41576516611945574,0.3035547192639248,0.1663715117503666,0.5300737689857086,0.3035547192639248,0.1663715117503666,0.5300737689857086,False
2122,2022-05-08,RB Leipzig,Augsburg,2,False,0,0.09776703677928678,0.19715587625656802,0.7050770869641453,0.09776703677928678,0.19715587625656802,0.7050770869641453,0.09776703677928678,0.19715587625656802,0.7050770869641453,0.09776703677928678,0.19715587625656802,0.7050770869641453,0.1269317799285562,0.05342693661434482,0.819641283457099,0.1269317799285562,0.05342693661434488,0.819641283457099,False
2122,2022-05-14,Augsburg,Greuther Furth,2,True,34,0.3,0.26,0.44,0.3,0.26,0.44,0.3,0.26,0.44,0.3368980317261228,0.29380966480764376,0.3692923034662334,0.23881980148717338,0.11350516098596679,0.6476750375268598,0.23881980148717338,0.11350516098596679,0.6476750375268598,False
2122,2022-05-14,Bielefeld,RB Leipzig,1,False,0,0.6081473372222989,0.2723934408548271,0.11945922192287407,0.6081473372222989,0.2723934408548271,0.11945922192287407,0.6081473372222989,0.2723934408548271,0.11945922192287407,0.6081473372222989,0.2723934408548271,0.11945922192287407,0.6375421262480071,0.1175952948064241,0.2448625789455689,0.6375421262480067,0.11759529480642422,0.24486257894556906,False
2122,2022-05-14,Dortmund,Hertha,2,False,0,0.1229068415882218,0.18914961620046808,0.6879435422113102,0.1229068415882218,0.18914961620046808,0.6879435422113102,0.1229068415882218,0.18914961620046808,0.6879435422113102,0.1229068415882218,0.18914961620046808,0.6879435422113102,0.09363456660136239,0.05,0.8563654333986376,0.09363456660136239,0.05,0.8563654333986376,False
2122,2022-05-14,Leverkusen,Freiburg,2,False,0,0.19627042527278465,0.25392723499802905,0.5498023397291862,0.19627042527278465,0.25392723499802905,0.5498023397291862,0.19627042527278465,0.25392723499802905,0.5498023397291862,0.19627042527278465,0.25392723499802905,0.5498023397291862,0.21774163757388493,0.10014186399590665,0.6821164984302085,0.21774163757388493,0.10014186399590665,0.6821164984302085,False
2122,2022-05-14,M'gladbach,Hoffenheim,2,False,0,0.27904591800077677,0.2483472505929582,0.4726068314062651,0.27904591800077677,0.2483472505929582,0.4726068314062651,0.27904591800077677,0.2483472505929582,0.4726068314062651,0.27904591800077677,0.2483472505929582,0.4726068314062651,0.2764956207301167,0.14143656316164882,0.5820678161082345,0.2764956207301165,0.14143656316164863,0.5820678161082349,False
2122,2022-05-14,Mainz,Ein Frankfurt,1,False,0,0.4378838291419605,0.2660233489400045,0.296092821918035,0.4378838291419605,0.2660233489400045,0.296092821918035,0.4378838291419605,0.2660233489400045,0.296092821918035,0.4378838291419605,0.2660233489400045,0.296092821918035,0.3099883476704128,0.1732002705518039,0.5168113817777833,0.3099883476704128,0.1732002705518039,0.5168113817777833,False
2122,2022-05-14,Stuttgart,FC Koln,2,False,0,0.22883972814192022,0.26090234834925663,0.5102579235088233,0.22883972814192022,0.26090234834925663,0.5102579235088233,0.22883972814192022,0.26090234834925663,0.5102579235088233,0.22883972814192022,0.26090234834925663,0.5102579235088233,0.3633625748923489,0.2643994264754451,0.37223799863220597,0.3633625748923489,0.2643994264754451,0.37223799863220597,False
2122,2022-05-14,Union Berlin,Bochum,2,True,34,0.3,0.26,0.44,0.3,0.26,0.44,0.3,0.26,0.44,0.2564741231072617,0.2907717298723865,0.4527541470203518,0.207565316108308,0.09412624877819438,0.6983084351134976,0.207565316108308,0.09412624877819438,0.6983084351134976,False
2122,2022-05-14,Wolfsburg,Bayern Munich,1,False,0,0.5727841240245831,0.2305876331675408,0.19662824280787614,0.5727841240245831,0.2305876331675408,0.19662824280787614,0.5727841240245831,0.2305876331675408,0.19662824280787614,0.5727841240245831,0.2305876331675408,0.19662824280787614,0.6762696310376863,0.10235453421871774,0.22137583474359598,0.6762696310376863,0.10235453421871774,0.22137583474359598,False
2223,2022-08-05,Ein Frankfurt,Bayern Munich,0,False,0,0.6244945678173955,0.20468174776716597,0.17082368441543858,0.6244945678173955,0.20468174776716597,0.17082368441543858,0.6244945678173955,0.20468174776716597,0.17082368441543858,0.6244945678173955,0.20468174776716597,0.17082368441543858,0.6540305101212323,0.11097786057433752,0.23499162930443027,0.6540305101212323,0.11097786057433752,0.23499162930443027,False
2223,2022-08-06,Augsburg,Freiburg,0,False,0,0.3910770320975094,0.2894258190009062,0.3194971489015845,0.3910770320975094,0.2894258190009062,0.3194971489015845,0.3910770320975094,0.2894258190009062,0.3194971489015845,0.3910770320975094,0.2894258190009062,0.3194971489015845,0.3946757667568633,0.2477891778979442,0.3575350553451924,0.3946757667568633,0.2477891778979442,0.3575350553451924,False
2223,2022-08-06,Bochum,Mainz,0,False,0,0.31991990143136473,0.3140746640747298,0.36600543449390555,0.31991990143136473,0.3140746640747298,0.36600543449390555,0.31991990143136473,0.3140746640747298,0.36600543449390555,0.31991990143136473,0.3140746640747298,0.36600543449390555,0.3322058930178185,0.20089761544235588,0.46689649153982565,0.3322058930178185,0.20089761544235588,0.46689649153982565,False
2223,2022-08-06,Dortmund,Leverkusen,2,False,0,0.2577669237596937,0.2238766907349252,0.5183563855053812,0.2577669237596937,0.2238766907349252,0.5183563855053812,0.2577669237596937,0.2238766907349252,0.5183563855053812,0.2577669237596937,0.2238766907349252,0.5183563855053812,0.2785995429996377,0.14319701567904705,0.5782034413213153,0.2785995429996377,0.14319701567904705,0.5782034413213153,False
2223,2022-08-06,M'gladbach,Hoffenheim,2,False,0,0.28763976016515386,0.24086441485814752,0.4714958249766986,0.28763976016515386,0.24086441485814752,0.4714958249766986,0.28763976016515386,0.24086441485814752,0.4714958249766986,0.28763976016515386,0.24086441485814752,0.4714958249766986,0.2558076688543348,0.1253468403197506,0.6188454908259147,0.2558076688543348,0.1253468403197506,0.6188454908259147,False
2223,2022-08-06,Union Berlin,Hertha,2,False,0,0.18998951146439647,0.2662894494078901,0.5437210391277134,0.18998951146439647,0.2662894494078901,0.5437210391277134,0.18998951146439647,0.2662894494078901,0.5437210391277134,0.18998951146439647,0.2662894494078901,0.5437210391277134,0.14690120702640397,0.06259361320877921,0.7905051797648168,0.14690120702640397,0.06259361320877921,0.7905051797648168,False
2223,2022-08-06,Wolfsburg,Werder Bremen,1,True,1,0.20260645298522828,0.2674960137249222,0.5298975332898496,0.25931727276905625,0.12793486082309605,0.6127478664078477,0.25931727276905625,0.12793486082309605,0.6127478664078477,0.21518165966539643,0.2728560139812711,0.5119623263533326,0.25931727276905625,0.12793486082309605,0.6127478664078477,0.2593172727690561,0.1279348608230959,0.612747866407848,True
2223,2022-08-07,FC Koln,Schalke 04,2,True,1,0.18387948110936864,0.2599230923594412,0.5561974265311901,0.2643657384820485,0.1317530381854618,0.6038812233324897,0.2643657384820485,0.1317530381854618,0.6038812233324897,0.2844618268735212,0.2842686676071744,0.43126950551930443,0.2643657384820485,0.1317530381854618,0.6038812233324897,0.2643657384820483,0.13175303818546166,0.6038812233324902,True
2223,2022-08-07,Stuttgart,RB Leipzig,1,False,0,0.5641249448628898,0.2527033188685046,0.1831717362686056,0.5641249448628898,0.2527033188685046,0.1831717362686056,0.5641249448628898,0.2527033188685046,0.1831717362686056,0.5641249448628898,0.2527033188685046,0.1831717362686056,0.5659702236996896,0.1488636375980687,0.2851661387022416,0.5659702236996896,0.1488636375980687,0.2851661387022416,False
2223,2022-08-12,Freiburg,Dortmund,0,False,0,0.47802301912505885,0.24023541869135945,0.2817415621835818,0.47802301912505885,0.24023541869135945,0.2817415621835818,0.47802301912505885,0.24023541869135945,0.2817415621835818,0.47802301912505885,0.24023541869135945,0.2817415621835818,0.40573943837866655,0.23999005852621458,0.35427050309511887,0.40573943837866655,0.23999005852621458,0.35427050309511887,False
2223,2022-08-13,Hertha,Ein Frankfurt,1,False,0,0.41756114884048695,0.2750346943996735,0.30740415675983956,0.41756114884048695,0.2750346943996735,0.30740415675983956,0.41756114884048695,0.2750346943996735,0.30740415675983956,0.41756114884048695,0.2750346943996735,0.30740415675983956,0.40587051524679785,0.23989912367775637,0.35423036107544587,0.40587051524679785,0.23989912367775637,0.35423036107544587,False
2223,2022-08-13,Hoffenheim,Bochum,2,False,0,0.20102023652774992,0.25666619034978316,0.542313573122467,0.20102023652774992,0.25666619034978316,0.542313573122467,0.20102023652774992,0.25666619034978316,0.542313573122467,0.20102023652774992,0.25666619034978316,0.542313573122467,0.28041814599318277,0.14473970246706494,0.5748421515397523,0.28041814599318277,0.14473970246706494,0.5748421515397523,False
2223,2022-08-13,Leverkusen,Augsburg,0,False,0,0.12433329913760058,0.2053050435365492,0.6703616573258503,0.12433329913760058,0.2053050435365492,0.6703616573258503,0.12433329913760058,0.2053050435365492,0.6703616573258503,0.12433329913760058,0.2053050435365492,0.6703616573258503,0.11962888311309092,0.05018642719078742,0.8301846896961216,0.11962888311309092,0.05018642719078742,0.8301846896961216,False
2223,2022-08-13,RB Leipzig,FC Koln,1,False,0,0.10631182588721079,0.19807652598028688,0.6956116481325024,0.10631182588721079,0.19807652598028688,0.6956116481325024,0.10631182588721079,0.19807652598028688,0.6956116481325024,0.10631182588721079,0.19807652598028688,0.6956116481325024,0.19172260876863695,0.08523774912592834,0.7230396421054347,0.19172260876863695,0.08523774912592834,0.7230396421054347,False
2223,2022-08-13,Schalke 04,M'gladbach,1,True,2,0.5207999388124838,0.25744781103948894,0.2217522501480274,0.36155238061321193,0.2587666881658798,0.3796809312209083,0.37747713643313907,0.25863480045324067,0.3638880631136202,0.3901808092852077,0.2721776217998901,0.33764156891490227,0.36155238061321193,0.2587666881658798,0.3796809312209083,0.36155238061321193,0.2587666881658801,0.37968093122090796,True
2223,2022-08-13,Werder Bremen,Stuttgart,1,True,2,0.2961338814373787,0.28781675574158805,0.4160493628210332,0.2730935765967608,0.13864281758040709,0.5882636058228321,0.2753976070808226,0.15356021139652518,0.5710421815226522,0.2809746470738746,0.2859943000785318,0.43303105284759363,0.2730935765967608,0.13864281758040709,0.5882636058228321,0.2730935765967611,0.13864281758040722,0.5882636058228318,True
2223,2022-08-14,Bayern Munich,Wolfsburg,2,False,0,0.08938791287033666,0.1599670383900346,0.7506450487396288,0.08938791287033666,0.1599670383900346,0.7506450487396288,0.08938791287033666,0.1599670383900346,0.7506450487396288,0.08938791287033666,0.1599670383900346,0.7506450487396288,0.08705013717327277,0.05,0.8629498628267271,0.08705013717327277,0.05,0.8629498628267271,False
2223,2022-08-14,Mainz,Union Berlin,1,False,0,0.3385978201213954,0.30565907921325,0.35574310066535464,0.3385978201213954,0.30565907921325,0.35574310066535464,0.3385978201213954,0.30565907921325,0.35574310066535464,0.3385978201213954,0.30565907921325,0.35574310066535464,0.35190150716162844,0.23480115035516233,0.4132973424832093,0.35190150716162844,0.23480115035516233,0.4132973424832093,False
2223,2022-08-19,M'gladbach,Hertha,2,False,0,0.1794393723158604,0.22961497257158495,0.5909456551125547,0.1794393723158604,0.22961497257158495,0.5909456551125547,0.1794393723158604,0.22961497257158495,0.5909456551125547,0.1794393723158604,0.22961497257158495,0.5909456551125547,0.1689341197773057,0.07331808808306889,0.7577477921396254,0.1689341197773057,0.07331808808306889,0.7577477921396254,False
2223,2022-08-20,Augsburg,Mainz,0,False,0,0.33611975040688613,0.3009407332058237,0.36293951638729016,0.33611975040688613,0.3009407332058237,0.36293951638729016,0.33611975040688613,0.3009407332058237,0.36293951638729016,0.33611975040688613,0.3009407332058237,0.36293951638729016,0.3600589329800053,0.25447156073175675,0.385469506288238,0.3600589329800053,0.25447156073175675,0.385469506288238,False
2223,2022-08-20,Dortmund,Werder Bremen,0,True,3,0.10501413262106488,0.16753691632483625,0.7274489510540989,0.12083124014723366,0.050716186615629134,0.8284525732371372,0.1176678186419999,0.07408033255747055,0.8082518488005296,0.11447305460793435,0.17552031051136704,0.7100066348806987,0.12083124014723366,0.050716186615629134,0.8284525732371372,0.12083124014723347,0.05071618661562907,0.8284525732371375,True
2223,2022-08-20,Leverkusen,Hoffenheim,0,False,0,0.20313638666167833,0.22107413718956587,0.5757894761487559,0.20313638666167833,0.22107413718956587,0.5757894761487559,0.20313638666167833,0.22107413718956587,0.5757894761487559,0.20313638666167833,0.22107413718956587,0.5757894761487559,0.18016021733520812,0.07907345996579511,0.7407663226989968,0.18016021733520812,0.07907345996579511,0.7407663226989968,False
2223,2022-08-20,Stuttgart,Freiburg,0,False,0,0.3680852832456391,0.28418507936798043,0.3477296373863806,0.3680852832456391,0.28418507936798043,0.3477296373863806,0.3680852832456391,0.28418507936798043,0.3477296373863806,0.3680852832456391,0.28418507936798043,0.3477296373863806,0.38035398811387666,0.25826348299886925,0.3613825288872541,0.38035398811387666,0.25826348299886925,0.3613825288872541,False
2223,2022-08-20,Union Berlin,RB Leipzig,2,False,0,0.4591985916723659,0.28934369709861263,0.25145771122902144,0.4591985916723659,0.28934369709861263,0.25145771122902144,0.4591985916723659,0.28934369709861263,0.25145771122902144,0.4591985916723659,0.28934369709861263,0.25145771122902144,0.34081874083755603,0.21415410476715496,0.44502715439528906,0.34081874083755603,0.21415410476715496,0.44502715439528906,False
2223,2022-08-20,Wolfsburg,Schalke 04,1,True,3,0.1327586832526605,0.2347038162000195,0.63253750054732,0.25710422366315555,0.12629681384543828,0.6165989624914061,0.23223511558105656,0.14797821431635452,0.6197866701025889,0.21518165966539643,0.2728560139812711,0.5119623263533326,0.25710422366315555,0.12629681384543828,0.6165989624914061,0.25710422366315533,0.12629681384543814,0.6165989624914066,True
2223,2022-08-21,Bochum,Bayern Munich,0,False,0,0.7021038730422398,0.1904806149531276,0.10741551200463269,0.7021038730422398,0.1904806149531276,0.10741551200463269,0.7021038730422398,0.1904806149531276,0.10741551200463269,0.7021038730422398,0.1904806149531276,0.10741551200463269,0.7639741602307228,0.07124258652047555,0.16478325324880166,0.7639741602307228,0.07124258652047555,0.16478325324880166,False
2223,2022-08-21,Ein Frankfurt,FC Koln,1,False,0,0.22245965477463353,0.2543682150676559,0.5231721301577106,0.22245965477463353,0.2543682150676559,0.5231721301577106,0.22245965477463353,0.2543682150676559,0.5231721301577106,0.22245965477463353,0.2543682150676559,0.5231721301577106,0.3124013027976502,0.17587576676815447,0.5117229304341953,0.3124013027976502,0.17587576676815447,0.5117229304341953,False
2223,2022-08-26,Freiburg,Bochum,2,False,0,0.20852286445084173,0.2793194187252123,0.512157716823946,0.20852286445084173,0.2793194187252123,0.512157716823946,0.20852286445084173,0.2793194187252123,0.512157716823946,0.20852286445084173,0.2793194187252123,0.512157716823946,0.19936813633288386,0.08945926954861898,0.7111725941184972,0.19936813633288386,0.08945926954861898,0.7111725941184972,False
2223,2022-08-27,Bayern Munich,M'gladbach,1,False,0,0.08766443641864008,0.14041118029442745,0.7719243832869324,0.08766443641864008,0.14041118029442745,0.7719243832869324,0.08766443641864008,0.14041118029442745,0.7719243832869324,0.08766443641864008,0.14041118029442745,0.7719243832869324,0.10180548877655027,0.05,0.8481945112234497,0.10180548877655027,0.05,0.8481945112234497,False
2223,2022-08-27,Hertha,Dortmund,0,False,0,0.6046057014526227,0.21329373729919546,0.1821005612481818,0.6046057014526227,0.21329373729919546,0.1821005612481818,0.6046057014526227,0.21329373729919546,0.1821005612481818,0.6046057014526227,0.21329373729919546,0.1821005612481818,0.6831338523120352,0.0997590934748279,0.21710705421313697,0.6831338523120352,0.0997590934748279,0.21710705421313697,False
2223,2022-08-27,Hoffenheim,Augsburg,2,False,0,0.19239988810932734,0.2390978238216178,0.5685022880690549,0.19239988810932734,0.2390978238216178,0.5685022880690549,0.19239988810932734,0.2390978238216178,0.5685022880690549,0.19239988810932734,0.2390978238216178,0.5685022880690549,0.2209903140772452,0.1021181257761158,0.676891560146639,0.2209903140772452,0.1021181257761158,0.676891560146639,False
2223,2022-08-27,Mainz,Leverkusen,0,False,0,0.46108532174191225,0.2698499875819319,0.2690646906761558,0.46108532174191225,0.2698499875819319,0.2690646906761558,0.46108532174191225,0.2698499875819319,0.2690646906761558,0.46108532174191225,0.2698499875819319,0.2690646906761558,0.3534651466388901,0.23818628509532289,0.40834856826578697,0.3534651466388901,0.23818628509532289,0.40834856826578697,False
2223,2022-08-27,RB Leipzig,Wolfsburg,2,False,0,0.1536839013908783,0.24030971280528338,0.6060063858038384,0.1536839013908783,0.24030971280528338,0.6060063858038384,0.1536839013908783,0.24030971280528338,0.6060063858038384,0.1536839013908783,0.24030971280528338,0.6060063858038384,0.19196774173898193,0.08537123407521716,0.7226610241858009,0.19196774173898193,0.08537123407521716,0.7226610241858009,False
2223,2022-08-27,Schalke 04,Union Berlin,0,True,4,0.47823872726087263,0.29252322236477296,0.22923805037435446,0.43015756912057507,0.2236098348879254,0.3462325959914995,0.4445819165626643,0.24428385113097967,0.311134232306356,0.3598405631921355,0.302826551126393,0.3373328856814715,0.43015756912057507,0.2236098348879254,0.3462325959914995,0.43015756912057546,0.22360983488792513,0.34623259599149936,True
2223,2022-08-28,FC Koln,Stuttgart,1,False,0,0.2778672944931139,0.27968945475097473,0.44244325075591134,0.2778672944931139,0.27968945475097473,0.44244325075591134,0.2778672944931139,0.27968945475097473,0.44244325075591134,0.2778672944931139,0.27968945475097473,0.44244325075591134,0.21954348503734855,0.1012344943413924,0.679222020621259,0.21954348503734855,0.1012344943413924,0.679222020621259,False
2223,2022-08-28,Werder Bremen,Ein Frankfurt,0,True,4,0.3917827518585857,0.2800408203076207,0.3281764278337937,0.3198233575577341,0.18455343650970843,0.49562320593255743,0.3414111758479896,0.2131996516490821,0.4453891725029283,0.3742634447690353,0.2812151450772659,0.34452141015369886,0.3198233575577341,0.18455343650970843,0.49562320593255743,0.31982335755773433,0.18455343650970862,0.4956232059325571,True
2223,2022-09-02,Dortmund,Hoffenheim,2,False,0,0.16542660006031268,0.18470100516035717,0.6498723947793302,0.16542660006031268,0.18470100516035717,0.6498723947793302,0.16542660006031268,0.18470100516035717,0.6498723947793302,0.16542660006031268,0.18470100516035717,0.6498723947793302,0.1614010358017842,0.06957118992703677,0.769027774271179,0.1614010358017842,0.06957118992703677,0.769027774271179,False
2223,2022-09-03,Bochum,Werder Bremen,0,True,5,0.288264010827064,0.30775781121202805,0.4039781779609079,0.33014958461363453,0.1979899544062063,0.4718604609801592,0.3133953550990063,0.241897097128535,0.4447075477724587,0.302527689151959,0.3098684541120796,0.3876038567359615,0.33014958461363453,0.1979899544062063,0.4718604609801592,0.33014958461363436,0.1979899544062061,0.4718604609801596,True
2223,2022-09-03,Ein Frankfurt,RB Leipzig,2,False,0,0.47439213109288575,0.26790316097280265,0.25770470793431166,0.47439213109288575,0.26790316097280265,0.25770470793431166,0.47439213109288575,0.26790316097280265,0.25770470793431166,0.47439213109288575,0.26790316097280265,0.25770470793431166,0.4015378105514012,0.24292292393802725,0.3555392655105716,0.4015378105514012,0.24292292393802725,0.3555392655105716,False
2223,2022-09-03,Leverkusen,Freiburg,0,False,0,0.1947955011511563,0.23585759678737325,0.5693469020614705,0.1947955011511563,0.23585759678737325,0.5693469020614705,0.1947955011511563,0.23585759678737325,0.5693469020614705,0.1947955011511563,0.23585759678737325,0.5693469020614705,0.2530277926166698,0.12333353258438798,0.6236386747989422,0.2530277926166698,0.12333353258438798,0.6236386747989422,False
2223,2022-09-03,Stuttgart,Schalke 04,1,True,5,0.19331637663491363,0.2667081900563852,0.5399754333087012,0.306738541149462,0.16969790823955444,0.5235635506109836,0.26136967534364264,0.20850202096628673,0.5301283036900707,0.2958891408578337,0.28821639752420636,0.41589446161796,0.306738541149462,0.16969790823955444,0.5235635506109836,0.306738541149462,0.16969790823955444,0.5235635506109836,True
2223,2022-09-03,Union Berlin,Bayern Munich,1,False,0,0.6033150346697719,0.22570061887653353,0.17098434645369462,0.6033150346697719,0.22570061887653353,0.17098434645369462,0.6033150346697719,0.22570061887653353,0.17098434645369462,0.6033150346697719,0.22570061887653353,0.17098434645369462,0.5293730093676073,0.16672722572203236,0.3038997649103604,0.5293730093676077,0.1667272257220321,0.3038997649103602,False
2223,2022-09-03,Wolfsburg,FC Koln,0,False,0,0.21950335100009172,0.268543036585236,0.5119536124146723,0.21950335100009172,0.268543036585236,0.5119536124146723,0.21950335100009172,0.268543036585236,0.5119536124146723,0.21950335100009172,0.268543036585236,0.5119536124146723,0.3195769063789919,0.184253477250668,0.4961696163703401,0.3195769063789919,0.184253477250668,0.4961696163703401,False
2223,2022-09-04,Augsburg,Hertha,0,False,0,0.28340346004925937,0.2895005740659099,0.42709596588483073,0.28340346004925937,0.2895005740659099,0.42709596588483073,0.28340346004925937,0.2895005740659099,0.42709596588483073,0.28340346004925937,0.2895005740659099,0.42709596588483073,0.27312979429943146,0.13867222515461805,0.5881979805459504,0.27312979429943146,0.13867222515461805,0.5881979805459504,False
2223,2022-09-04,M'gladbach,Mainz,0,False,0,0.22701584547614834,0.25531434032773204,0.5176698141961196,0.22701584547614834,0.25531434032773204,0.5176698141961196,0.22701584547614834,0.25531434032773204,0.5176698141961196,0.22701584547614834,0.25531434032773204,0.5176698141961196,0.25669300069759654,0.12599474751397066,0.6173122517884327,0.25669300069759654,0.12599474751397066,0.6173122517884327,False
2223,2022-09-09,Werder Bremen,Augsburg,0,True,6,0.2710287645211293,0.29064779760917264,0.4383234378696981,0.2710287645211293,0.29064779760917264,0.4383234378696981,0.24489044299548066,0.19570067670195912,0.5594088803025602,0.2567752747501205,0.28806848290992365,0.4551562423399559,0.21875212146983203,0.1007535557947456,0.6804943227354223,0.2187521214698322,0.10075355579474574,0.680494322735422,False
2223,2022-09-10,Bayern Munich,Stuttgart,1,False,0,0.05081664052579712,0.11257629761708983,0.8366070618571131,0.05081664052579712,0.11257629761708983,0.8366070618571131,0.05081664052579712,0.11257629761708983,0.8366070618571131,0.05081664052579712,0.11257629761708983,0.8366070618571131,0.0573628594264976,0.05,0.8926371405735023,0.0573628594264976,0.05,0.8926371405735023,False
2223,2022-09-10,Ein Frankfurt,Wolfsburg,0,False,0,0.2934988313375701,0.2775192817958657,0.4289818868665642,0.2934988313375701,0.2775192817958657,0.4289818868665642,0.2934988313375701,0.2775192817958657,0.4289818868665642,0.2934988313375701,0.2775192817958657,0.4289818868665642,0.2503078839232171,0.12139371517785046,0.6282984008989324,0.2503078839232171,0.12139371517785046,0.6282984008989324,False
2223,2022-09-10,Hertha,Leverkusen,1,False,0,0.5332037367436162,0.24905820379071028,0.21773805946567365,0.5332037367436162,0.24905820379071028,0.21773805946567365,0.5332037367436162,0.24905820379071028,0.21773805946567365,0.5332037367436162,0.24905820379071028,0.21773805946567365,0.544990333420704,0.15892974776367674,0.29607991881561924,0.544990333420704,0.15892974776367674,0.29607991881561924,False
2223,2022-09-10,Hoffenheim,Mainz,2,False,0,0.23775971908295232,0.25518021113038,0.5070600697866676,0.23775971908295232,0.25518021113038,0.5070600697866676,0.23775971908295232,0.25518021113038,0.5070600697866676,0.23775971908295232,0.25518021113038,0.5070600697866676,0.3076725107141165,0.1706930315396389,0.5216344577462446,0.3076725107141165,0.1706930315396389,0.5216344577462446,False
2223,2022-09-10,RB Leipzig,Dortmund,2,False,0,0.2667673526897477,0.24266725596706745,0.4905653913431849,0.2667673526897477,0.24266725596706745,0.4905653913431849,0.2667673526897477,0.24266725596706745,0.4905653913431849,0.2667673526897477,0.24266725596706745,0.4905653913431849,0.35103612451524974,0.23298906285155202,0.4159748126331982,0.35103612451524974,0.23298906285155202,0.4159748126331982,False
2223,2022-09-10,Schalke 04,Bochum,2,True,6,0.36943253773710116,0.31758086832044113,0.3129865939424577,0.36943253773710116,0.31758086832044113,0.3129865939424577,0.3229164662524189,0.22946917675966721,0.44761435698791385,0.2630402452162556,0.303883751497411,0.43307600328633356,0.2764003947677366,0.14135748519889332,0.5822421200333701,0.2764003947677366,0.14135748519889332,0.5822421200333701,False
2223,2022-09-11,FC Koln,Union Berlin,0,False,0,0.35789883206702616,0.2974055436073459,0.34469562432562784,0.35789883206702616,0.2974055436073459,0.34469562432562784,0.35789883206702616,0.2974055436073459,0.34469562432562784,0.35789883206702616,0.2974055436073459,0.34469562432562784,0.3556043379569614,0.2430765293834088,0.4013191326596299,0.3556043379569612,0.24307652938340854,0.40131913265963026,False
2223,2022-09-11,Freiburg,M'gladbach,1,False,0,0.31906603109609466,0.26319016933796785,0.4177437995659376,0.31906603109609466,0.26319016933796785,0.4177437995659376,0.31906603109609466,0.26319016933796785,0.4177437995659376,0.31906603109609466,0.26319016933796785,0.4177437995659376,0.27449752454787124,0.13978798581757076,0.5857144896345581,0.27449752454787124,0.13978798581757076,0.5857144896345581,False
2223,2022-09-16,Mainz,Hertha,1,False,0,0.2362852416293594,0.27837832516355343,0.48533643320708725,0.2362852416293594,0.27837832516355343,0.48533643320708725,0.2362852416293594,0.27837832516355343,0.48533643320708725,0.2362852416293594,0.27837832516355343,0.48533643320708725,0.2114873684994633,0.09641437572880043,0.6920982557717362,0.2114873684994633,0.09641437572880043,0.6920982557717362,False
2223,2022-09-17,Augsburg,Bayern Munich,2,False,0,0.7300953757126991,0.17105049162871874,0.09885413265858216,0.7300953757126991,0.17105049162871874,0.09885413265858216,0.7300953757126991,0.17105049162871874,0.09885413265858216,0.7300953757126991,0.17105049162871874,0.09885413265858216,0.7919778742363928,0.06212231747566591,0.14589980828794144,0.7919778742363928,0.06212231747566591,0.14589980828794144,False
2223,2022-09-17,Dortmund,Schalke 04,2,True,7,0.05871355293374308,0.12490987355307662,0.8163765735131804,0.05871355293374308,0.12490987355307662,0.8163765735131804,0.08685091101460989,0.09669812849984744,0.8164509604855428,0.11447305460793435,0.17552031051136704,0.7100066348806987,0.1290569481359101,0.054380510920003663,0.8165625409440863,0.1290569481359101,0.054380510920003663,0.8165625409440863,False
2223,2022-09-17,Leverkusen,Werder Bremen,1,True,7,0.13429792016126768,0.2092353242401265,0.6564667555986058,0.13429792016126768,0.2092353242401265,0.6564667555986058,0.15785310639810207,0.15995573853464246,0.6821911550672555,0.1447546450595558,0.2167475749022056,0.6384977800382386,0.1931858857533537,0.08603635997641643,0.7207777542702298,0.1931858857533535,0.08603635997641632,0.7207777542702302,False
2223,2022-09-17,M'gladbach,RB Leipzig,2,False,0,0.4699638685964708,0.2612450555114788,0.2687910758920503,0.4699638685964708,0.2612450555114788,0.2687910758920503,0.4699638685964708,0.2612450555114788,0.2687910758920503,0.4699638685964708,0.2612450555114788,0.2687910758920503,0.3597894483770416,0.25372575270323816,0.38648479891972026,0.3597894483770416,0.25372575270323816,0.38648479891972026,False
2223,2022-09-17,Stuttgart,Ein Frankfurt,0,False,0,0.3846710712610956,0.27765831316086176,0.33767061557804273,0.3846710712610956,0.27765831316086176,0.33767061557804273,0.3846710712610956,0.27765831316086176,0.33767061557804273,0.3846710712610956,0.27765831316086176,0.33767061557804273,0.35787930508052923,0.24866326297795444,0.3934574319415164,0.35787930508052923,0.24866326297795444,0.3934574319415164,False
2223,2022-09-18,Bochum,FC Koln,1,False,0,0.30905214781971146,0.3046948301765666,0.38625302200372186,0.30905214781971146,0.3046948301765666,0.38625302200372186,0.30905214781971146,0.3046948301765666,0.38625302200372186,0.30905214781971146,0.3046948301765666,0.38625302200372186,0.40469808503679705,0.24071369916036012,0.35458821580284283,0.40469808503679705,0.24071369916036012,0.35458821580284283,False
2223,2022-09-18,Hoffenheim,Freiburg,1,False,0,0.28578702988811777,0.2554813918276163,0.458731578284266,0.28578702988811777,0.2554813918276163,0.458731578284266,0.28578702988811777,0.2554813918276163,0.458731578284266,0.28578702988811777,0.2554813918276163,0.458731578284266,0.3367753877838553,0.20769457472122702,0.4555300374949177,0.3367753877838553,0.20769457472122702,0.4555300374949177,False
2223,2022-09-18,Union Berlin,Wolfsburg,2,False,0,0.28951971301121104,0.29962028999855983,0.4108599969902291,0.28951971301121104,0.29962028999855983,0.4108599969902291,0.28951971301121104,0.29962028999855983,0.4108599969902291,0.28951971301121104,0.29962028999855983,0.4108599969902291,0.18800699610087115,0.0832290285255045,0.7287639753736244,0.18800699610087124,0.0832290285255046,0.7287639753736241,False
2223,2022-09-30,Bayern Munich,Leverkusen,2,False,0,0.1421619746951585,0.1838177975086021,0.6740202277962394,0.1421619746951585,0.1838177975086021,0.6740202277962394,0.1421619746951585,0.1838177975086021,0.6740202277962394,0.1421619746951585,0.1838177975086021,0.6740202277962394,0.15039230089627986,0.0642469866741638,0.7853607124295563,0.15039230089627986,0.0642469866741638,0.7853607124295563,False
2223,2022-10-01,Ein Frankfurt,Union Berlin,2,False,0,0.2866694327280526,0.2839851278322938,0.42934543943965364,0.2866694327280526,0.2839851278322938,0.42934543943965364,0.2866694327280526,0.2839851278322938,0.42934543943965364,0.2866694327280526,0.2839851278322938,0.42934543943965364,0.3628408349435776,0.2627219586179481,0.3744372064384743,0.3628408349435775,0.26272195861794784,0.3744372064384746,False
2223,2022-10-01,FC Koln,Dortmund,2,False,0,0.5550640475829343,0.2261126859952596,0.21882326642180627,0.5550640475829343,0.2261126859952596,0.21882326642180627,0.5550640475829343,0.2261126859952596,0.21882326642180627,0.5550640475829343,0.2261126859952596,0.21882326642180627,0.45069842986177316,0.21064426532182037,0.3386573048164065,0.45069842986177316,0.21064426532182037,0.3386573048164065,False
2223,2022-10-01,Freiburg,Mainz,2,False,0,0.24487223499824512,0.2764208651681756,0.4787068998335793,0.24487223499824512,0.2764208651681756,0.4787068998335793,0.24487223499824512,0.2764208651681756,0.4787068998335793,0.24487223499824512,0.2764208651681756,0.4787068998335793,0.2399158744185427,0.11423770572588707,0.6458464198555702,0.2399158744185427,0.11423770572588707,0.6458464198555702,False
2223,2022-10-01,RB Leipzig,Bochum,2,False,0,0.09689729273234386,0.20965517860441257,0.6934475286632437,0.09689729273234386,0.20965517860441257,0.6934475286632437,0.09689729273234386,0.20965517860441257,0.6934475286632437,0.09689729273234386,0.20965517860441257,0.6934475286632437,0.13350788337061428,0.056393865876644834,0.8100982507527409,0.13350788337061428,0.056393865876644834,0.8100982507527409,False
2223,2022-10-01,Werder Bremen,M'gladbach,2,True,8,0.40833969981440427,0.2706362806693245,0.32102401951627113,0.40833969981440427,0.2706362806693245,0.32102401951627113,0.3936259399103158,0.26515805547308996,0.34121600461659407,0.3901808092852077,0.2721776217998901,0.33764156891490227,0.35929383346744287,0.2523755300152094,0.3883306365173477,0.35929383346744304,0.25237553001520974,0.3883306365173472,False
2223,2022-10-01,Wolfsburg,Stuttgart,2,False,0,0.20905157597046242,0.2670000710160883,0.5239483530134493,0.20905157597046242,0.2670000710160883,0.5239483530134493,0.20905157597046242,0.2670000710160883,0.5239483530134493,0.20905157597046242,0.2670000710160883,0.5239483530134493,0.2486408482401678,0.12021903127479809,0.6311401204850342,0.2486408482401678,0.12021903127479809,0.6311401204850342,False
2223,2022-10-02,Hertha,Hoffenheim,1,False,0,0.4236490082990103,0.26336304387968795,0.3129879478213018,0.4236490082990103,0.26336304387968795,0.3129879478213018,0.4236490082990103,0.26336304387968795,0.3129879478213018,0.4236490082990103,0.26336304387968795,0.3129879478213018,0.3940665087832702,0.2482259002037529,0.35770759101297694,0.3940665087832702,0.2482259002037529,0.35770759101297694,False
2223,2022-10-02,Schalke 04,Augsburg,0,True,8,0.3667028072653333,0.30450616043667844,0.3287910322979883,0.3667028072653333,0.30450616043667844,0.3287910322979883,0.3399201559353204,0.2558182087149908,0.40426163534968884,0.2567752747501205,0.28806848290992365,0.4551562423399559,0.277427302831957,0.14221298803105295,0.58035970913699,0.277427302831957,0.14221298803105295,0.58035970913699,False
2223,2022-10-07,Hoffenheim,Werder Bremen,0,True,9,0.20640591700083477,0.2412415202854196,0.5523525627137457,0.20640591700083477,0.2412415202854196,0.5523525627137457,0.22089989353213008,0.22167923414242888,0.5574208723254411,0.22008495743831125,0.24670014565911996,0.5332148969025687,0.2788757996573114,0.143430089570466,0.5776941107722227,0.27887579965731124,0.14343008957046585,0.5776941107722229,False
2223,2022-10-08,Augsburg,Wolfsburg,1,False,0,0.40123504927209097,0.29639214500267413,0.30237280572523495,0.40123504927209097,0.29639214500267413,0.30237280572523495,0.40123504927209097,0.29639214500267413,0.30237280572523495,0.40123504927209097,0.29639214500267413,0.30237280572523495,0.34230589631928093,0.21665133399014885,0.44104276969057027,0.34230589631928093,0.21665133399014885,0.44104276969057027,False
2223,2022-10-08,Bochum,Ein Frankfurt,2,False,0,0.3882891149491069,0.29648882844772123,0.31522205660317193,0.3882891149491069,0.29648882844772123,0.31522205660317193,0.3882891149491069,0.29648882844772123,0.31522205660317193,0.3882891149491069,0.29648882844772123,0.31522205660317193,0.45846933974540144,0.20591800045882241,0.3356126597957762,0.458469339745401,0.20591800045882266,0.3356126597957763,False
2223,2022-10-08,Dortmund,Bayern Munich,1,False,0,0.4727294407867399,0.219645669581269,0.30762488963199114,0.4727294407867399,0.219645669581269,0.30762488963199114,0.4727294407867399,0.219645669581269,0.30762488963199114,0.4727294407867399,0.219645669581269,0.30762488963199114,0.4054034555117282,0.2402233013460239,0.354373243142248,0.4054034555117282,0.2402233013460239,0.354373243142248,False
2223,2022-10-08,Leverkusen,Schalke 04,2,True,9,0.08049441092131498,0.1672164098530281,0.752289179225657,0.08049441092131498,0.1672164098530281,0.752289179225657,0.09943282655959403,0.14907254463138275,0.7514946288090232,0.1447546450595558,0.2167475749022056,0.6384977800382386,0.1751864891127102,0.07649708374480133,0.7483164271424885,0.1751864891127102,0.07649708374480133,0.7483164271424885,False
2223,2022-10-08,Mainz,RB Leipzig,1,False,0,0.5268325458329219,0.2686819568456569,0.20448549732142124,0.5268325458329219,0.2686819568456569,0.20448549732142124,0.5268325458329219,0.2686819568456569,0.20448549732142124,0.5268325458329219,0.2686819568456569,0.20448549732142124,0.41257974676064285,0.23528911136686412,0.352131141872493,0.41257974676064285,0.23528911136686412,0.352131141872493,False
2223,2022-10-09,Hertha,Freiburg,1,False,0,0.4000252499629415,0.28237198246474093,0.3176027675723177,0.4000252499629415,0.28237198246474093,0.3176027675723177,0.4000252499629415,0.28237198246474093,0.3176027675723177,0.4000252499629415,0.28237198246474093,0.3176027675723177,0.4891952438058875,0.18811180142703826,0.32269295476707427,0.4891952438058875,0.18811180142703826,0.32269295476707427,False
2223,2022-10-09,M'gladbach,FC Koln,2,False,0,0.21410444317661761,0.24236840953328675,0.5435271472900955,0.21410444317661761,0.24236840953328675,0.5435271472900955,0.21410444317661761,0.24236840953328675,0.5435271472900955,0.21410444317661761,0.24236840953328675,0.5435271472900955,0.29416417881880247,0.15709840318897325,0.5487374179922244,0.29416417881880247,0.15709840318897325,0.5487374179922244,False
2223,2022-10-09,Stuttgart,Union Berlin,0,False,0,0.3696606920901164,0.2992527766425585,0.331086531267325,0.3696606920901164,0.2992527766425585,0.331086531267325,0.3696606920901164,0.2992527766425585,0.331086531267325,0.3696606920901164,0.2992527766425585,0.331086531267325,0.5358650576512981,0.16345303201078845,0.3006819103379136,0.5358650576512981,0.16345303201078845,0.3006819103379136,False
2223,2022-10-14,Schalke 04,Hoffenheim,0,True,10,0.5103785950503696,0.257390450666071,0.23223095428355928,0.5103785950503696,0.257390450666071,0.23223095428355928,0.4949138247227026,0.2559890245426484,0.24909715073464891,0.3788744091990374,0.2694181606646973,0.3517074301362652,0.3557308917736995,0.24337618943184475,0.4008929187944558,0.3557308917736995,0.24337618943184475,0.4008929187944558,False
2223,2022-10-15,Ein Frankfurt,Leverkusen,2,False,0,0.40298235247415004,0.26159722136128544,0.3354204261645645,0.40298235247415004,0.26159722136128544,0.3354204261645645,0.40298235247415004,0.26159722136128544,0.3354204261645645,0.40298235247415004,0.26159722136128544,0.3354204261645645,0.346350606761433,0.22382796309843164,0.42982143014013546,0.346350606761433,0.2238279630984319,0.42982143014013513,False
2223,2022-10-15,RB Leipzig,Hertha,2,False,0,0.08598407810797551,0.17940343336489437,0.7346124885271301,0.08598407810797551,0.17940343336489437,0.7346124885271301,0.08598407810797551,0.17940343336489437,0.7346124885271301,0.08598407810797551,0.17940343336489437,0.7346124885271301,0.13296167507171638,0.05614558744391926,0.8108927374843643,0.13296167507171638,0.05614558744391926,0.8108927374843643,False
2223,2022-10-15,Stuttgart,Bochum,2,False,0,0.2707251313346269,0.30182660206648687,0.42744826659888635,0.2707251313346269,0.30182660206648687,0.42744826659888635,0.2707251313346269,0.30182660206648687,0.42744826659888635,0.2707251313346269,0.30182660206648687,0.42744826659888635,0.30790440936576785,0.1709415193451106,0.5211540712891216,0.30790440936576785,0.1709415193451106,0.5211540712891216,False
2223,2022-10-15,Werder Bremen,Mainz,0,True,10,0.32098422368240886,0.29652747172289506,0.3824883045946962,0.32098422368240886,0.29652747172289506,0.3824883045946962,0.31794406834294503,0.2822498003745738,0.39980613128248127,0.3054830019729424,0.29565274529733,0.3988642527297277,0.2905826702877705,0.15375075823968237,0.555666571472547,0.2905826702877708,0.15375075823968257,0.5556665714725467,False
2223,2022-10-15,Wolfsburg,M'gladbach,1,False,0,0.3013855274449077,0.2695527550323254,0.42906171752276684,0.3013855274449077,0.2695527550323254,0.42906171752276684,0.3013855274449077,0.2695527550323254,0.42906171752276684,0.3013855274449077,0.2695527550323254,0.42906171752276684,0.34825894735766705,0.22743652689315988,0.4243045257491731,0.34825894735766705,0.22743652689315988,0.4243045257491731,False
2223,2022-10-16,Bayern Munich,Freiburg,2,False,0,0.08032231410209031,0.144473661431602,0.7752040244663078,0.08032231410209031,0.144473661431602,0.7752040244663078,0.08032231410209031,0.144473661431602,0.7752040244663078,0.08032231410209031,0.144473661431602,0.7752040244663078,0.1350317829730105,0.0570883697583297,0.8078798472686599,0.1350317829730105,0.0570883697583297,0.8078798472686599,False
2223,2022-10-16,FC Koln,Augsburg,2,False,0,0.2535918802457974,0.2814440146061417,0.4649641051480611,0.2535918802457974,0.2814440146061417,0.4649641051480611,0.2535918802457974,0.2814440146061417,0.4649641051480611,0.2535918802457974,0.2814440146061417,0.4649641051480611,0.223506329282662,0.1036683614437038,0.6728253092736342,0.223506329282662,0.1036683614437038,0.6728253092736342,False
2223,2022-10-16,Union Berlin,Dortmund,2,False,0,0.45467673868416114,0.25679378359696536,0.2885294777188735,0.45467673868416114,0.25679378359696536,0.2885294777188735,0.45467673868416114,0.25679378359696536,0.2885294777188735,0.45467673868416114,0.25679378359696536,0.2885294777188735,0.3312170622430327,0.19948848622890486,0.4692944515280625,0.3312170622430327,0.19948848622890486,0.4692944515280625,False
2223,2022-10-21,Mainz,FC Koln,2,False,0,0.2740105684101718,0.2853580794791255,0.4406313521107028,0.2740105684101718,0.2853580794791255,0.4406313521107028,0.2740105684101718,0.2853580794791255,0.4406313521107028,0.2740105684101718,0.2853580794791255,0.4406313521107028,0.31246213978696935,0.17594408882128934,0.5115937713917413,0.31246213978696935,0.17594408882128934,0.5115937713917413,False
2223,2022-10-22,Augsburg,RB Leipzig,1,False,0,0.5843751411343484,0.25013903832881745,0.16548582053683425,0.5843751411343484,0.25013903832881745,0.16548582053683425,0.5843751411343484,0.25013903832881745,0.16548582053683425,0.5843751411343484,0.25013903832881745,0.16548582053683425,0.5289085293944499,0.1669633100622636,0.3041281605432866,0.5289085293944499,0.1669633100622636,0.3041281605432866,False
2223,2022-10-22,Dortmund,Stuttgart,2,False,0,0.10902375521224678,0.1684107169357861,0.7225655278519671,0.10902375521224678,0.1684107169357861,0.7225655278519671,0.10902375521224678,0.1684107169357861,0.7225655278519671,0.10902375521224678,0.1684107169357861,0.7225655278519671,0.1240967479099933,0.05216237912685891,0.8237408729631478,0.1240967479099933,0.05216237912685891,0.8237408729631478,False
2223,2022-10-22,Freiburg,Werder Bremen,2,True,11,0.21464284535827863,0.2634293232311483,0.5219278314105731,0.21464284535827863,0.2634293232311483,0.5219278314105731,0.21464284535827863,0.2634293232311483,0.5219278314105731,0.22791117825377882,0.26845823532449137,0.5036305864217298,0.23197959829884407,0.1090223977183288,0.6589980039828272,0.23197959829884388,0.10902239771832868,0.6589980039828275,False
2223,2022-10-22,Hoffenheim,Bayern Munich,0,False,0,0.6401047458777279,0.19205647051321734,0.16783878360905471,0.6401047458777279,0.19205647051321734,0.16783878360905471,0.6401047458777279,0.19205647051321734,0.16783878360905471,0.6401047458777279,0.19205647051321734,0.16783878360905471,0.6369342775071722,0.1178430752407352,0.2452226472520925,0.6369342775071722,0.1178430752407352,0.2452226472520925,False
2223,2022-10-22,Leverkusen,Wolfsburg,1,False,0,0.20684926647471685,0.2492641058730151,0.5438866276522681,0.20684926647471685,0.2492641058730151,0.5438866276522681,0.20684926647471685,0.2492641058730151,0.5438866276522681,0.20684926647471685,0.2492641058730151,0.5438866276522681,0.22679699645250934,0.1057227022537853,0.6674803012937053,0.22679699645250934,0.1057227022537853,0.6674803012937053,False
2223,2022-10-22,M'gladbach,Ein Frankfurt,0,False,0,0.2869037585278016,0.2527801404215341,0.4603161010506643,0.2869037585278016,0.2527801404215341,0.4603161010506643,0.2869037585278016,0.2527801404215341,0.4603161010506643,0.2869037585278016,0.2527801404215341,0.4603161010506643,0.29345788421768326,0.1564305146533875,0.5501116011289292,0.29345788421768315,0.15643051465338734,0.5501116011289295,False
2223,2022-10-23,Bochum,Union Berlin,2,False,0,0.37225985671684975,0.3186587368457014,0.30908140643744886,0.37225985671684975,0.3186587368457014,0.30908140643744886,0.37225985671684975,0.3186587368457014,0.30908140643744886,0.37225985671684975,0.3186587368457014,0.30908140643744886,0.585604285972279,0.1398376273780424,0.2745580866496786,0.585604285972279,0.1398376273780424,0.2745580866496786,False
2223,2022-10-23,Hertha,Schalke 04,2,True,11,0.21623553524556405,0.27578055250023914,0.5079839122541969,0.21623553524556405,0.27578055250023914,0.5079839122541969,0.21623553524556405,0.27578055250023914,0.5079839122541969,0.32475229073061146,0.29072732977066895,0.38452037949871953,0.3053159827538309,0.16819927997643738,0.5264847372697318,0.3053159827538309,0.16819927997643738,0.5264847372697318,False
2223,2022-10-28,Werder Bremen,Hertha,2,True,12,0.2685906249903712,0.2830095193276565,0.4483998556819724,0.2685906249903712,0.2830095193276565,0.4483998556819724,0.2685906249903712,0.2830095193276565,0.4483998556819724,0.2541540789827487,0.2802455025953391,0.46560041842191213,0.24272226017768025,0.11613202440353966,0.6411457154187801,0.24272226017768042,0.11613202440353979,0.6411457154187798,False
2223,2022-10-29,Bayern Munich,Mainz,2,False,0,0.062267445921531966,0.1316454518832108,0.8060871021952571,0.062267445921531966,0.1316454518832108,0.8060871021952571,0.062267445921531966,0.1316454518832108,0.8060871021952571,0.062267445921531966,0.1316454518832108,0.8060871021952571,0.10092056838972333,0.05,0.8490794316102767,0.10092056838972333,0.05,0.8490794316102767,False
2223,2022-10-29,Ein Frankfurt,Dortmund,0,False,0,0.4673259594051531,0.23658253395935122,0.29609150663549577,0.4673259594051531,0.23658253395935122,0.29609150663549577,0.4673259594051531,0.23658253395935122,0.29609150663549577,0.4673259594051531,0.23658253395935122,0.29609150663549577,0.36017001865342113,0.25478145861418333,0.38504852273239554,0.3601700186534213,0.25478145861418366,0.38504852273239515,False
2223,2022-10-29,RB Leipzig,Leverkusen,2,False,0,0.22540798174878512,0.253078538873271,0.5215134793779439,0.22540798174878512,0.253078538873271,0.5215134793779439,0.22540798174878512,0.253078538873271,0.5215134793779439,0.22540798174878512,0.253078538873271,0.5215134793779439,0.2602091354947369,0.12860102573945448,0.6111898387658086,0.2602091354947369,0.12860102573945448,0.6111898387658086,False
2223,2022-10-29,Stuttgart,Augsburg,2,False,0,0.26448094438130043,0.2862517012192333,0.4492673543994663,0.26448094438130043,0.2862517012192333,0.4492673543994663,0.26448094438130043,0.2862517012192333,0.4492673543994663,0.26448094438130043,0.2862517012192333,0.4492673543994663,0.3114274240157209,0.17478793304716506,0.513784642937114,0.3114274240157209,0.17478793304716506,0.513784642937114,False
2223,2022-10-29,Wolfsburg,Bochum,2,False,0,0.1970943445449625,0.28357225336232345,0.5193334020927141,0.1970943445449625,0.28357225336232345,0.5193334020927141,0.1970943445449625,0.28357225336232345,0.5193334020927141,0.1970943445449625,0.28357225336232345,0.5193334020927141,0.23626266122457767,0.11181167544896081,0.6519256633264615,0.23626266122457767,0.11181167544896081,0.6519256633264615,False
2223,2022-10-30,FC Koln,Hoffenheim,1,False,0,0.3763090355842215,0.2642237757051112,0.35946718871066735,0.3763090355842215,0.2642237757051112,0.35946718871066735,0.3763090355842215,0.2642237757051112,0.35946718871066735,0.3763090355842215,0.2642237757051112,0.35946718871066735,0.3038131836269212,0.16663786058147398,0.5295489557916049,0.3038131836269212,0.16663786058147398,0.5295489557916049,False
2223,2022-10-30,Schalke 04,Freiburg,0,True,12,0.4818252760051748,0.27885839655503425,0.23931632743979114,0.4818252760051748,0.27885839655503425,0.23931632743979114,0.4818252760051748,0.27885839655503425,0.23931632743979114,0.3580675980481253,0.28754812284393017,0.35438427910794446,0.49389980248870347,0.18550209172478518,0.3205981057865114,0.49389980248870347,0.18550209172478518,0.3205981057865114,False
2223,2022-10-30,Union Berlin,M'gladbach,2,False,0,0.30422147873887107,0.27725622269672984,0.41852229856439915,0.30422147873887107,0.27725622269672984,0.41852229856439915,0.30422147873887107,0.27725622269672984,0.41852229856439915,0.30422147873887107,0.27725622269672984,0.41852229856439915,0.22902970940235812,0.10713440298797607,0.6638358876096658,0.22902970940235812,0.10713440298797607,0.6638358876096658,False
2223,2022-11-04,M'gladbach,Stuttgart,2,False,0,0.2032673799440895,0.2404506993656465,0.556281920690264,0.2032673799440895,0.2404506993656465,0.556281920690264,0.2032673799440895,0.2404506993656465,0.556281920690264,0.2032673799440895,0.2404506993656465,0.556281920690264,0.20961170935599419,0.09531550223251713,0.6950727884114887,0.20961170935599419,0.09531550223251713,0.6950727884114887,False
2223,2022-11-05,Augsburg,Ein Frankfurt,0,False,0,0.40820785493478534,0.2821809937697323,0.30961115129548233,0.40820785493478534,0.2821809937697323,0.30961115129548233,0.40820785493478534,0.2821809937697323,0.30961115129548233,0.40820785493478534,0.2821809937697323,0.30961115129548233,0.42562077865155473,0.22657065858999118,0.3478085627584542,0.42562077865155423,0.22657065858999142,0.34780856275845434,False
2223,2022-11-05,Dortmund,Bochum,2,False,0,0.10512623786756459,0.1822237005568731,0.7126500615755623,0.10512623786756459,0.1822237005568731,0.7126500615755623,0.10512623786756459,0.1822237005568731,0.7126500615755623,0.10512623786756459,0.1822237005568731,0.7126500615755623,0.10722871214198354,0.05,0.8427712878580164,0.10722871214198354,0.05,0.8427712878580164,False
2223,2022-11-05,Hertha,Bayern Munich,0,False,0,0.7431238623328508,0.16189854689842773,0.09497759076872153,0.7431238623328508,0.16189854689842773,0.09497759076872153,0.7431238623328508,0.16189854689842773,0.09497759076872153,0.7431238623328508,0.16189854689842773,0.09497759076872153,0.7959270442196589,0.06086284087996117,0.14321011490038,0.7959270442196589,0.06086284087996117,0.14321011490038,False
2223,2022-11-05,Hoffenheim,RB Leipzig,0,False,0,0.4865336192932114,0.2554331092655954,0.2580332714411933,0.4865336192932114,0.2554331092655954,0.2580332714411933,0.4865336192932114,0.2554331092655954,0.2580332714411933,0.4865336192932114,0.2554331092655954,0.2580332714411933,0.38218690954923445,0.25689820740974567,0.3609148830410199,0.38218690954923445,0.25689820740974567,0.3609148830410199,False
2223,2022-11-05,Mainz,Wolfsburg,0,False,0,0.34700355725622795,0.29849312259621874,0.35450332014755326,0.34700355725622795,0.29849312259621874,0.35450332014755326,0.34700355725622795,0.29849312259621874,0.35450332014755326,0.34700355725622795,0.29849312259621874,0.35450332014755326,0.283669332943042,0.14754809153543455,0.5687825755215234,0.283669332943042,0.14754809153543455,0.5687825755215234,False
2223,2022-11-05,Werder Bremen,Schalke 04,2,True,13,0.19929979484036,0.2724544075978217,0.5282457975618184,0.19929979484036,0.2724544075978217,0.5282457975618184,0.19929979484036,0.2724544075978217,0.5282457975618184,0.2874304166730458,0.2904957176922819,0.4220738656346723,0.22022585017566626,0.10165053610305258,0.6781236137212812,0.22022585017566645,0.10165053610305268,0.6781236137212809,False
2223,2022-11-06,Freiburg,FC Koln,2,False,0,0.23257803425774087,0.26413714374977915,0.5032848219924799,0.23257803425774087,0.26413714374977915,0.5032848219924799,0.23257803425774087,0.26413714374977915,0.5032848219924799,0.23257803425774087,0.26413714374977915,0.5032848219924799,0.23505761858747942,0.11102102273666815,0.6539213586758524,0.23505761858747942,0.11102102273666815,0.6539213586758524,False
2223,2022-11-06,Leverkusen,Union Berlin,2,False,0,0.20265221563919295,0.25507144699200407,0.542276337368803,0.20265221563919295,0.25507144699200407,0.542276337368803,0.20265221563919295,0.25507144699200407,0.542276337368803,0.20265221563919295,0.25507144699200407,0.542276337368803,0.3475303486957115,0.22604027898316933,0.42642937232111916,0.3475303486957115,0.22604027898316933,0.42642937232111916,False
2223,2022-11-08,Bayern Munich,Werder Bremen,2,True,14,0.04885488852456176,0.111632970999765,0.8395121404756732,0.04885488852456176,0.111632970999765,0.8395121404756732,0.04885488852456176,0.111632970999765,0.8395121404756732,0.05428273522559563,0.11940453580492275,0.8263127289694815,0.07923926971949967,0.05,0.8707607302805003,0.07923926971949967,0.05,0.8707607302805003,False
2223,2022-11-08,Bochum,M'gladbach,2,False,0,0.4045488069690028,0.2868031066461808,0.30864808638481633,0.4045488069690028,0.2868031066461808,0.30864808638481633,0.4045488069690028,0.2868031066461808,0.30864808638481633,0.4045488069690028,0.2868031066461808,0.30864808638481633,0.42589945721367317,0.22638773368129353,0.34771280910503327,0.42589945721367317,0.22638773368129353,0.34771280910503327,False
2223,2022-11-08,Stuttgart,Hertha,2,False,0,0.26188520101317897,0.2785375604997999,0.45957723848702114,0.26188520101317897,0.2785375604997999,0.45957723848702114,0.26188520101317897,0.2785375604997999,0.45957723848702114,0.26188520101317897,0.2785375604997999,0.45957723848702114,0.2885360443830751,0.15188017152226047,0.5595837840946645,0.2885360443830751,0.15188017152226047,0.5595837840946645,False
2223,2022-11-08,Wolfsburg,Dortmund,2,False,0,0.4539503072334686,0.25065509509427475,0.2953945976722566,0.4539503072334686,0.25065509509427475,0.2953945976722566,0.4539503072334686,0.25065509509427475,0.2953945976722566,0.4539503072334686,0.25065509509427475,0.2953945976722566,0.43839201240760794,0.21832731738416536,0.34328067020822667,0.43839201240760794,0.21832731738416536,0.34328067020822667,False
2223,2022-11-09,Ein Frankfurt,Hoffenheim,2,False,0,0.2963965451303816,0.25094063957241003,0.4526628152972085,0.2963965451303816,0.25094063957241003,0.4526628152972085,0.2963965451303816,0.25094063957241003,0.4526628152972085,0.2963965451303816,0.25094063957241003,0.4526628152972085,0.24904741421005613,0.12050453979020653,0.6304480459997374,0.24904741421005627,0.12050453979020667,0.630448045999737,False
2223,2022-11-09,FC Koln,Leverkusen,0,False,0,0.4855197666595061,0.25840755768056134,0.2560726756599327,0.4855197666595061,0.25840755768056134,0.2560726756599327,0.4855197666595061,0.25840755768056134,0.2560726756599327,0.4855197666595061,0.25840755768056134,0.2560726756599327,0.35534159935339354,0.2424582886718755,0.402200111974731,0.35534159935339354,0.2424582886718755,0.402200111974731,False
2223,2022-11-09,RB Leipzig,Freiburg,2,False,0,0.14323486599519653,0.2251147730357445,0.631650360969059,0.14323486599519653,0.2251147730357445,0.631650360969059,0.14323486599519653,0.2251147730357445,0.631650360969059,0.14323486599519653,0.2251147730357445,0.631650360969059,0.260722226916859,0.12898586892666827,0.6102919041564727,0.260722226916859,0.12898586892666827,0.6102919041564727,False
2223,2022-11-09,Schalke 04,Mainz,2,True,14,0.4214962815278088,0.2990442397370644,0.2794594787351269,0.4214962815278088,0.2990442397370644,0.2794594787351269,0.4214962815278088,0.2990442397370644,0.2794594787351269,0.3054830019729424,0.29565274529733,0.3988642527297277,0.39474299035825416,0.24774103844535192,0.357515971196394,0.39474299035825416,0.24774103844535192,0.357515971196394,False
2223,2022-11-09,Union Berlin,Augsburg,1,False,0,0.19314777743578648,0.27503266655249137,0.5318195560117221,0.19314777743578648,0.27503266655249137,0.5318195560117221,0.19314777743578648,0.27503266655249137,0.5318195560117221,0.19314777743578648,0.27503266655249137,0.5318195560117221,0.14418290740103298,0.06131729462999443,0.7944997979689725,0.14418290740103298,0.06131729462999443,0.7944997979689725,False
2223,2022-11-11,M'gladbach,Dortmund,2,False,0,0.4606822858998539,0.23003245964822902,0.3092852544519171,0.4606822858998539,0.23003245964822902,0.3092852544519171,0.4606822858998539,0.23003245964822902,0.3092852544519171,0.4606822858998539,0.23003245964822902,0.3092852544519171,0.4082408571407615,0.23826048697947022,0.3534986558797683,0.4082408571407615,0.23826048697947022,0.3534986558797683,False
2223,2022-11-12,Augsburg,Bochum,0,False,0,0.2909130341340162,0.31196649456042896,0.39712047130555495,0.2909130341340162,0.31196649456042896,0.39712047130555495,0.2909130341340162,0.31196649456042896,0.39712047130555495,0.2909130341340162,0.31196649456042896,0.39712047130555495,0.2969828614525364,0.15980317108943082,0.5432139674580329,0.2969828614525364,0.15980317108943082,0.5432139674580329,False
2223,2022-11-12,Hertha,FC Koln,2,False,0,0.3318367619767508,0.28554925731203934,0.3826139807112099,0.3318367619767508,0.28554925731203934,0.3826139807112099,0.3318367619767508,0.28554925731203934,0.3826139807112099,0.3318367619767508,0.28554925731203934,0.3826139807112099,0.3636806546756735,0.26544577953517173,0.3708735657891548,0.3636806546756735,0.26544577953517173,0.3708735657891548,False
2223,2022-11-12,Hoffenheim,Wolfsburg,0,False,0,0.29859188768873324,0.26579088125262457,0.43561723105864225,0.29859188768873324,0.26579088125262457,0.43561723105864225,0.29859188768873324,0.26579088125262457,0.43561723105864225,0.29859188768873324,0.26579088125262457,0.43561723105864225,0.3372279411426049,0.20839532966490817,0.45437672919248695,0.3372279411426049,0.20839532966490817,0.45437672919248695,False
2223,2022-11-12,Leverkusen,Stuttgart,2,False,0,0.13904696275354952,0.2097512665880783,0.6512017706583721,0.13904696275354952,0.2097512665880783,0.6512017706583721,0.13904696275354952,0.2097512665880783,0.6512017706583721,0.13904696275354952,0.2097512665880783,0.6512017706583721,0.16394144557006501,0.07082495561698092,0.765233598812954,0.16394144557006501,0.07082495561698092,0.765233598812954,False
2223,2022-11-12,Schalke 04,Bayern Munich,0,True,15,0.8064312067352483,0.1326142050701991,0.06095458819455266,0.8064312067352483,0.1326142050701991,0.06095458819455266,0.8064312067352483,0.1326142050701991,0.06095458819455266,0.6996136310462904,0.18348863103599747,0.11689773791771213,0.8111730859940061,0.05605803405814473,0.1327688799478492,0.8111730859940061,0.05605803405814473,0.1327688799478492,False
2223,2022-11-12,Werder Bremen,RB Leipzig,0,True,15,0.5698169023980497,0.25281862476367395,0.1773644728382763,0.5698169023980497,0.25281862476367395,0.1773644728382763,0.5698169023980497,0.25281862476367395,0.1773644728382763,0.5518207976651743,0.25904120610435366,0.18913799623047195,0.4792629238264427,0.19372017115341836,0.32701690502013897,0.4792629238264431,0.19372017115341814,0.3270169050201388,False
2223,2022-11-13,Freiburg,Union Berlin,2,False,0,0.2964097640008223,0.2918491003014572,0.4117411356977205,0.2964097640008223,0.2918491003014572,0.4117411356977205,0.2964097640008223,0.2918491003014572,0.4117411356977205,0.2964097640008223,0.2918491003014572,0.4117411356977205,0.31333398862866124,0.17692801583438095,0.5097379955369579,0.31333398862866124,0.17692801583438095,0.5097379955369579,False
2223,2022-11-13,Mainz,Ein Frankfurt,1,False,0,0.35155251067178106,0.28410377722278773,0.3643437121054313,0.35155251067178106,0.28410377722278773,0.3643437121054313,0.35155251067178106,0.28410377722278773,0.3643437121054313,0.35155251067178106,0.28410377722278773,0.3643437121054313,0.3577678449696826,0.2483790581755505,0.3938530968547669,0.35776784496968256,0.24837905817555025,0.39385309685476727,False
2223,2023-01-20,RB Leipzig,Bayern Munich,1,False,0,0.40922258488671465,0.25880792511161244,0.331969490001673,0.40922258488671465,0.25880792511161244,0.331969490001673,0.40922258488671465,0.25880792511161244,0.331969490001673,0.40922258488671465,0.25880792511161244,0.331969490001673,0.4560295770081892,0.20739169705242963,0.33657872593938126,0.4560295770081892,0.20739169705242963,0.33657872593938126,False
2223,2023-01-21,Bochum,Hertha,2,False,0,0.2701539102702397,0.3014536510514108,0.4283924386783496,0.2701539102702397,0.3014536510514108,0.4283924386783496,0.2701539102702397,0.3014536510514108,0.4283924386783496,0.2701539102702397,0.3014536510514108,0.4283924386783496,0.28618169801091337,0.14976460689196902,0.5640536950971177,0.28618169801091337,0.14976460689196902,0.5640536950971177,False
2223,2023-01-21,Ein Frankfurt,Schalke 04,2,True,16,0.13220381191081443,0.21977362680241966,0.6480225612867659,0.13220381191081443,0.21977362680241966,0.6480225612867659,0.13220381191081443,0.21977362680241966,0.6480225612867659,0.21803954696223576,0.2585617195256226,0.5233987335121417,0.152367313711981,0.06518960834853688,0.7824430779394822,0.1523673137119811,0.06518960834853695,0.782443077939482,False
2223,2023-01-21,FC Koln,Werder Bremen,2,True,16,0.26971975753631705,0.2811854024003053,0.44909484006337763,0.26971975753631705,0.2811854024003053,0.44909484006337763,0.26971975753631705,0.2811854024003053,0.44909484006337763,0.2844618268735212,0.2842686676071744,0.43126950551930443,0.30203770852008804,0.16482091360058898,0.533141377879323,0.3020377085200877,0.1648209136005888,0.5331413778793235,False
2223,2023-01-21,Stuttgart,Mainz,1,False,0,0.3142981083252512,0.2930459630316159,0.39265592864313287,0.3142981083252512,0.2930459630316159,0.39265592864313287,0.3142981083252512,0.2930459630316159,0.39265592864313287,0.3142981083252512,0.2930459630316159,0.39265592864313287,0.3519493104528939,0.23490247861753435,0.41314821092957177,0.3519493104528939,0.23490247861753435,0.41314821092957177,False
2223,2023-01-21,Union Berlin,Hoffenheim,2,False,0,0.2935174852959568,0.2724300667858065,0.43405244791823666,0.2935174852959568,0.2724300667858065,0.43405244791823666,0.2935174852959568,0.2724300667858065,0.43405244791823666,0.2935174852959568,0.2724300667858065,0.43405244791823666,0.21269557863105498,0.09712677733645382,0.6901776440324912,0.21269557863105498,0.09712677733645382,0.6901776440324912,False
2223,2023-01-21,Wolfsburg,Freiburg,2,False,0,0.2757014061913866,0.28109246644180386,0.44320612736680953,0.2757014061913866,0.28109246644180386,0.44320612736680953,0.2757014061913866,0.28109246644180386,0.44320612736680953,0.2757014061913866,0.28109246644180386,0.44320612736680953,0.33471869599464993,0.20457464521339255,0.46070665879195755,0.33471869599464993,0.20457464521339255,0.46070665879195755,False
2223,2023-01-22,Dortmund,Augsburg,2,False,0,0.09641956616223372,0.16303707482187135,0.740543359015895,0.09641956616223372,0.16303707482187135,0.740543359015895,0.09641956616223372,0.16303707482187135,0.740543359015895,0.09641956616223372,0.16303707482187135,0.740543359015895,0.12329530047717469,0.051806427138359215,0.824898272384466,0.12329530047717469,0.051806427138359215,0.824898272384466,False
2223,2023-01-22,M'gladbach,Leverkusen,0,False,0,0.3961736751691221,0.2537818377058453,0.3500444871250326,0.3961736751691221,0.2537818377058453,0.3500444871250326,0.3961736751691221,0.2537818377058453,0.3500444871250326,0.3961736751691221,0.2537818377058453,0.3500444871250326,0.34008493006038,0.2129471551252732,0.44696791481434683,0.34008493006038,0.2129471551252732,0.44696791481434683,False
2223,2023-01-24,Bayern Munich,FC Koln,1,False,0,0.054675852892703936,0.11636878920706925,0.8289553579002267,0.054675852892703936,0.11636878920706925,0.8289553579002267,0.054675852892703936,0.11636878920706925,0.8289553579002267,0.054675852892703936,0.11636878920706925,0.8289553579002267,0.07782325053020155,0.05,0.8721767494697984,0.07782325053020155,0.05,0.8721767494697984,False
2223,2023-01-24,Hertha,Wolfsburg,0,False,0,0.4104500153321961,0.28913004227083616,0.3004199423969678,0.4104500153321961,0.28913004227083616,0.3004199423969678,0.4104500153321961,0.28913004227083616,0.3004199423969678,0.4104500153321961,0.28913004227083616,0.3004199423969678,0.49174806285551553,0.18669203890770605,0.32155989823677844,0.49174806285551553,0.18669203890770605,0.32155989823677844,False
2223,2023-01-24,Hoffenheim,Stuttgart,1,False,0,0.21330050822570193,0.24090943444164617,0.5457900573326518,0.21330050822570193,0.24090943444164617,0.5457900573326518,0.21330050822570193,0.24090943444164617,0.5457900573326518,0.21330050822570193,0.24090943444164617,0.5457900573326518,0.25032881332119633,0.12140853110511608,0.6282626555736875,0.25032881332119633,0.12140853110511608,0.6282626555736875,False
2223,2023-01-24,Schalke 04,RB Leipzig,0,True,17,0.6705404525463605,0.21598638636841277,0.11347316108522668,0.6705404525463605,0.21598638636841277,0.11347316108522668,0.6705404525463605,0.21598638636841277,0.11347316108522668,0.5518207976651743,0.25904120610435366,0.18913799623047195,0.6532962554988103,0.11126837186499249,0.23543537263619724,0.6532962554988103,0.11126837186499249,0.23543537263619724,False
2223,2023-01-25,Augsburg,M'gladbach,2,False,0,0.42529492584666756,0.2723445814202649,0.3023604927330676,0.42529492584666756,0.2723445814202649,0.3023604927330676,0.42529492584666756,0.2723445814202649,0.3023604927330676,0.42529492584666756,0.2723445814202649,0.3023604927330676,0.4143895756151493,0.2340603078407947,0.351550116544056,0.4143895756151493,0.2340603078407947,0.351550116544056,False
2223,2023-01-25,Freiburg,Ein Frankfurt,1,False,0,0.3058009008201014,0.2706559848980676,0.42354311428183106,0.3058009008201014,0.2706559848980676,0.42354311428183106,0.3058009008201014,0.2706559848980676,0.42354311428183106,0.3058009008201014,0.2706559848980676,0.42354311428183106,0.2995394590143536,0.1623131651661411,0.5381473758195054,0.29953945901435336,0.1623131651661409,0.5381473758195058,False
2223,2023-01-25,Leverkusen,Bochum,2,False,0,0.13283831717122668,0.22480937618569613,0.6423523066430772,0.13283831717122668,0.22480937618569613,0.6423523066430772,0.13283831717122668,0.22480937618569613,0.6423523066430772,0.13283831717122668,0.22480937618569613,0.6423523066430772,0.16215861610076682,0.06994405466642256,0.7678973292328106,0.16215861610076682,0.06994405466642256,0.7678973292328106,False
2223,2023-01-25,Mainz,Dortmund,0,False,0,0.5284851502929816,0.238798671325867,0.23271617838115147,0.5284851502929816,0.238798671325867,0.23271617838115147,0.5284851502929816,0.238798671325867,0.23271617838115147,0.5284851502929816,0.238798671325867,0.23271617838115147,0.448229184780273,0.2121660535736218,0.33960476164610515,0.448229184780273,0.2121660535736218,0.33960476164610515,False
2223,2023-01-25,Werder Bremen,Union Berlin,0,True,17,0.37617934952067084,0.30176760414977544,0.3220530463295538,0.37617934952067084,0.30176760414977544,0.3220530463295538,0.37617934952067084,0.30176760414977544,0.3220530463295538,0.3598405631921355,0.302826551126393,0.3373328856814715,0.42271088776552496,0.22848903694323403,0.3488000752912411,0.42271088776552534,0.22848903694323378,0.3488000752912409,False
2223,2023-01-27,RB Leipzig,Stuttgart,2,False,0,0.10016844419253017,0.19429615418143378,0.7055354016260361,0.10016844419253017,0.19429615418143378,0.7055354016260361,0.10016844419253017,0.19429615418143378,0.7055354016260361,0.10016844419253017,0.19429615418143378,0.7055354016260361,0.11128125562175062,0.05,0.8387187443782493,0.11128125562175062,0.05,0.8387187443782493,False
2223,2023-01-28,Bayern Munich,Ein Frankfurt,1,False,0,0.08474053110504193,0.14419492498507908,0.7710645439098789,0.08474053110504193,0.14419492498507908,0.7710645439098789,0.08474053110504193,0.14419492498507908,0.7710645439098789,0.08474053110504193,0.14419492498507908,0.7710645439098789,0.12922827712928775,0.05445760173850814,0.8163141211322041,0.12922827712928764,0.05445760173850808,0.8163141211322043,False
2223,2023-01-28,Freiburg,Augsburg,2,False,0,0.20080711128153578,0.2618066430971166,0.5373862456213477,0.20080711128153578,0.2618066430971166,0.5373862456213477,0.20080711128153578,0.2618066430971166,0.5373862456213477,0.20080711128153578,0.2618066430971166,0.5373862456213477,0.16623003930461866,0.07196292184256804,0.7618070388528133,0.16623003930461866,0.07196292184256804,0.7618070388528133,False
2223,2023-01-28,Hertha,Union Berlin,0,False,0,0.40035059508745213,0.2968984844391258,0.30275092047342217,0.40035059508745213,0.2968984844391258,0.30275092047342217,0.40035059508745213,0.2968984844391258,0.30275092047342217,0.40035059508745213,0.2968984844391258,0.30275092047342217,0.5692521849106659,0.1473291747229406,0.2834186403663936,0.5692521849106659,0.1473291747229406,0.2834186403663936,False
2223,2023-01-28,Hoffenheim,M'gladbach,0,False,0,0.31318291085320704,0.24448305780141363,0.4423340313453794,0.31318291085320704,0.24448305780141363,0.4423340313453794,0.31318291085320704,0.24448305780141363,0.4423340313453794,0.31318291085320704,0.24448305780141363,0.4423340313453794,0.3376105940911468,0.20899201937733328,0.45339738653151995,0.3376105940911468,0.20899201937733328,0.45339738653151995,False
2223,2023-01-28,Mainz,Bochum,2,False,0,0.24560337887824404,0.3028155243477373,0.45158109677401864,0.24560337887824404,0.3028155243477373,0.45158109677401864,0.24560337887824404,0.3028155243477373,0.45158109677401864,0.24560337887824404,0.3028155243477373,0.45158109677401864,0.2586838464090923,0.12746385061280413,0.6138523029781036,0.2586838464090923,0.12746385061280413,0.6138523029781036,False
2223,2023-01-28,Werder Bremen,Wolfsburg,2,True,18,0.3856386717041234,0.2942325473510952,0.3201287809447814,0.3856386717041234,0.2942325473510952,0.3201287809447814,0.3856386717041234,0.2942325473510952,0.3201287809447814,0.36884758295717557,0.29546787235472893,0.3356845446880955,0.42677541221359316,0.2258136574270808,0.3474109303593261,0.4267754122135936,0.2258136574270805,0.3474109303593259,False
2223,2023-01-29,Leverkusen,Dortmund,0,False,0,0.3510340309322658,0.23682987372654354,0.41213609534119067,0.3510340309322658,0.23682987372654354,0.41213609534119067,0.3510340309322658,0.23682987372654354,0.41213609534119067,0.3510340309322658,0.23682987372654354,0.41213609534119067,0.32800540341962214,0.19504762642451365,0.4769469701558642,0.32800540341962214,0.19504762642451365,0.4769469701558642,False
2223,2023-01-29,Schalke 04,FC Koln,1,True,18,0.41124880815232695,0.2927334232704298,0.29601776857724327,0.41124880815232695,0.2927334232704298,0.29601776857724327,0.41124880815232695,0.2927334232704298,0.29601776857724327,0.2936022398163199,0.2856277383575524,0.42077002182612766,0.4103022855914945,0.23684426587154775,0.35285344853695777,0.4103022855914945,0.23684426587154775,0.35285344853695777,False
2223,2023-02-03,Augsburg,Leverkusen,2,False,0,0.5215313274829405,0.2572709874809618,0.22119768503609785,0.5215313274829405,0.2572709874809618,0.22119768503609785,0.5215313274829405,0.2572709874809618,0.22119768503609785,0.5215313274829405,0.2572709874809618,0.22119768503609785,0.5118701909897595,0.1757978944116319,0.3123319145986086,0.5118701909897595,0.1757978944116319,0.3123319145986086,False
2223,2023-02-04,Bochum,Hoffenheim,2,False,0,0.39394560728681016,0.28451568458015236,0.3215387081330375,0.39394560728681016,0.28451568458015236,0.3215387081330375,0.39394560728681016,0.28451568458015236,0.3215387081330375,0.39394560728681016,0.28451568458015236,0.3215387081330375,0.3250121218874187,0.19108101890029502,0.48390685921228627,0.3250121218874187,0.19108101890029502,0.48390685921228627,False
2223,2023-02-04,Dortmund,Freiburg,2,False,0,0.15986706951359717,0.19826722681270798,0.6418657036736949,0.15986706951359717,0.19826722681270798,0.6418657036736949,0.15986706951359717,0.19826722681270798,0.6418657036736949,0.15986706951359717,0.19826722681270798,0.6418657036736949,0.23218465027705365,0.10915462231993604,0.6586607274030103,0.23218465027705365,0.10915462231993604,0.6586607274030103,False
2223,2023-02-04,Ein Frankfurt,Hertha,2,False,0,0.18771320401835148,0.24248802841974387,0.5697987675619046,0.18771320401835148,0.24248802841974387,0.5697987675619046,0.18771320401835148,0.24248802841974387,0.5697987675619046,0.18771320401835148,0.24248802841974387,0.5697987675619046,0.13139016808453205,0.05543315423924604,0.8131766776762219,0.13139016808453213,0.05543315423924611,0.8131766776762218,False
2223,2023-02-04,FC Koln,RB Leipzig,1,False,0,0.552304953837357,0.2549138377220609,0.19278120844058214,0.552304953837357,0.2549138377220609,0.19278120844058214,0.552304953837357,0.2549138377220609,0.19278120844058214,0.552304953837357,0.2549138377220609,0.19278120844058214,0.4944190961378975,0.18521583236859088,0.3203650714935117,0.4944190961378975,0.18521583236859088,0.3203650714935117,False
2223,2023-02-04,M'gladbach,Schalke 04,1,True,19,0.1247203483353891,0.20559130464366782,0.669688347020943,0.1247203483353891,0.20559130464366782,0.669688347020943,0.1247203483353891,0.20559130464366782,0.669688347020943,0.2098824671908402,0.24641990638223504,0.5436976264269248,0.16444143644015416,0.07107287532104033,0.7644856882388055,0.16444143644015416,0.07107287532104033,0.7644856882388055,False
2223,2023-02-04,Union Berlin,Mainz,2,False,0,0.23446683729384338,0.2900596605354942,0.4754735021706624,0.23446683729384338,0.2900596605354942,0.4754735021706624,0.23446683729384338,0.2900596605354942,0.4754735021706624,0.23446683729384338,0.2900596605354942,0.4754735021706624,0.1985315252540462,0.08899133931527739,0.7124771354306765,0.1985315252540462,0.08899133931527739,0.7124771354306765,False
2223,2023-02-05,Stuttgart,Werder Bremen,0,True,19,0.28097090960076254,0.28555854780892087,0.43347054259031664,0.28097090960076254,0.28555854780892087,0.43347054259031664,0.28097090960076254,0.28555854780892087,0.43347054259031664,0.2958891408578337,0.28821639752420636,0.41589446161796,0.33513141765102983,0.20519245600934558,0.4596761263396246,0.33513141765102966,0.20519245600934533,0.459676126339625,False
2223,2023-02-05,Wolfsburg,Bayern Munich,0,False,0,0.6055800430711985,0.22023790209490857,0.17418205483389296,0.6055800430711985,0.22023790209490857,0.17418205483389296,0.6055800430711985,0.22023790209490857,0.17418205483389296,0.6055800430711985,0.22023790209490857,0.17418205483389296,0.5641736159003378,0.1497081247317425,0.2861182593679197,0.5641736159003378,0.1497081247317425,0.2861182593679197,False
2223,2023-02-10,Schalke 04,Wolfsburg,1,True,20,0.49021189058568587,0.28367445609832925,0.22611365331598493,0.49021189058568587,0.28367445609832925,0.22611365331598493,0.49021189058568587,0.28367445609832925,0.22611365331598493,0.36884758295717557,0.29546787235472893,0.3356845446880955,0.5134331863772605,0.1749730074246188,0.31159380619812066,0.5134331863772605,0.1749730074246188,0.31159380619812066,False
2223,2023-02-11,Bayern Munich,Bochum,2,False,0,0.05064491151267824,0.12529113797958832,0.8240639505077334,0.05064491151267824,0.12529113797958832,0.8240639505077334,0.05064491151267824,0.12529113797958832,0.8240639505077334,0.05064491151267824,0.12529113797958832,0.8240639505077334,0.05948241297443544,0.05,0.8905175870255645,0.05948241297443544,0.05,0.8905175870255645,False
2223,2023-02-11,Freiburg,Stuttgart,2,False,0,0.2215037376615006,0.2628239869346646,0.5156722754038349,0.2215037376615006,0.2628239869346646,0.5156722754038349,0.2215037376615006,0.2628239869346646,0.5156722754038349,0.2215037376615006,0.2628239869346646,0.5156722754038349,0.16025105948506643,0.06900683875561427,0.7707421017593192,0.16025105948506643,0.06900683875561427,0.7707421017593192,False
2223,2023-02-11,Hoffenheim,Leverkusen,0,False,0,0.4120870457328073,0.24992688031134935,0.3379860739558433,0.4120870457328073,0.24992688031134935,0.3379860739558433,0.4120870457328073,0.24992688031134935,0.3379860739558433,0.4120870457328073,0.24992688031134935,0.3379860739558433,0.44098678605148,0.2166866091261613,0.34232660482235866,0.44098678605148,0.2166866091261613,0.34232660482235866,False
2223,2023-02-11,Mainz,Augsburg,2,False,0,0.23906773498321732,0.28644698862701035,0.47448527638977234,0.23906773498321732,0.28644698862701035,0.47448527638977234,0.23906773498321732,0.28644698862701035,0.47448527638977234,0.23906773498321732,0.28644698862701035,0.47448527638977234,0.24446346326194254,0.1173211907609745,0.638215345977083,0.24446346326194254,0.1173211907609745,0.638215345977083,False
2223,2023-02-11,RB Leipzig,Union Berlin,0,False,0,0.15107653563929688,0.24610084097177928,0.6028226233889239,0.15107653563929688,0.24610084097177928,0.6028226233889239,0.15107653563929688,0.24610084097177928,0.6028226233889239,0.15107653563929688,0.24610084097177928,0.6028226233889239,0.25574024716600996,0.12529763400667487,0.6189621188273151,0.25574024716600996,0.12529763400667487,0.6189621188273151,False
2223,2023-02-11,Werder Bremen,Dortmund,0,True,20,0.5753151240208101,0.22425781899090746,0.2004270569882824,0.5753151240208101,0.22425781899090746,0.2004270569882824,0.5753151240208101,0.22425781899090746,0.2004270569882824,0.5555557918016504,0.22999420620318672,0.2144500019951629,0.5249400878102156,0.16899048155150892,0.30606943063827546,0.524940087810216,0.16899048155150875,0.3060694306382753,False
2223,2023-02-12,FC Koln,Ein Frankfurt,2,False,0,0.37195790542658896,0.27595371721928336,0.3520883773541276,0.37195790542658896,0.27595371721928336,0.3520883773541276,0.37195790542658896,0.27595371721928336,0.3520883773541276,0.37195790542658896,0.27595371721928336,0.3520883773541276,0.36246171072818,0.2615315807084204,0.37600670856339957,0.36246171072817995,0.2615315807084201,0.37600670856339996,False
2223,2023-02-12,Hertha,M'gladbach,2,False,0,0.43503469238271186,0.26514584649362455,0.29981946112366364,0.43503469238271186,0.26514584649362455,0.29981946112366364,0.43503469238271186,0.26514584649362455,0.29981946112366364,0.43503469238271186,0.26514584649362455,0.29981946112366364,0.47927487250758666,0.19371334204802532,0.3270117854443881,0.47927487250758666,0.19371334204802532,0.3270117854443881,False
2223,2023-02-17,Augsburg,Hoffenheim,2,False,0,0.41417300380076644,0.2704042192516019,0.3154227769476316,0.41417300380076644,0.2704042192516019,0.3154227769476316,0.41417300380076644,0.2704042192516019,0.3154227769476316,0.41417300380076644,0.2704042192516019,0.3154227769476316,0.31075746484103456,0.17404590130268405,0.5151966338562813,0.31075746484103456,0.17404590130268405,0.5151966338562813,False
2223,2023-02-18,Bochum,Freiburg,0,False,0,0.3720064869872139,0.3035063499809853,0.3244871630318007,0.3720064869872139,0.3035063499809853,0.3244871630318007,0.3720064869872139,0.3035063499809853,0.3244871630318007,0.3720064869872139,0.3035063499809853,0.3244871630318007,0.44166648611183823,0.2162586845673654,0.34207482932079636,0.44166648611183823,0.2162586845673654,0.34207482932079636,False
2223,2023-02-18,Ein Frankfurt,Werder Bremen,2,True,21,0.204868279123248,0.2531475788218148,0.5419841420549372,0.204868279123248,0.2531475788218148,0.5419841420549372,0.204868279123248,0.2531475788218148,0.5419841420549372,0.21803954696223576,0.2585617195256226,0.5233987335121417,0.21033519897226202,0.09573835416322539,0.6939264468645125,0.21033519897226202,0.09573835416322539,0.6939264468645125,False
2223,2023-02-18,M'gladbach,Bayern Munich,2,False,0,0.6220115660258164,0.19997409878798245,0.17801433518620122,0.6220115660258164,0.19997409878798245,0.17801433518620122,0.6220115660258164,0.19997409878798245,0.17801433518620122,0.6220115660258164,0.19997409878798245,0.17801433518620122,0.676095735835662,0.10242068042047801,0.22148358374385996,0.676095735835662,0.10242068042047801,0.22148358374385996,False
2223,2023-02-18,Stuttgart,FC Koln,2,False,0,0.3022756069626924,0.283305649151726,0.41441874388558153,0.3022756069626924,0.283305649151726,0.41441874388558153,0.3022756069626924,0.283305649151726,0.41441874388558153,0.3022756069626924,0.283305649151726,0.41441874388558153,0.4000778020154352,0.24395029390906564,0.35597190407549917,0.4000778020154352,0.24395029390906564,0.35597190407549917,False
2223,2023-02-18,Wolfsburg,RB Leipzig,0,False,0,0.45976593523834086,0.2830258824055046,0.2572081823561546,0.45976593523834086,0.2830258824055046,0.2572081823561546,0.45976593523834086,0.2830258824055046,0.2572081823561546,0.45976593523834086,0.2830258824055046,0.2572081823561546,0.3622046814779927,0.2607375145273267,0.3770578039946806,0.3622046814779927,0.2607375145273267,0.3770578039946806,False
2223,2023-02-19,Dortmund,Hertha,2,False,0,0.09247896993426043,0.154031010546161,0.7534900195195786,0.09247896993426043,0.154031010546161,0.7534900195195786,0.09247896993426043,0.154031010546161,0.7534900195195786,0.09247896993426043,0.154031010546161,0.7534900195195786,0.08779512454104998,0.05,0.86220487545895,0.08779512454104998,0.05,0.86220487545895,False
2223,2023-02-19,Leverkusen,Mainz,0,False,0,0.15885162298131375,0.22821298886705665,0.6129353881516296,0.15885162298131375,0.22821298886705665,0.6129353881516296,0.15885162298131375,0.22821298886705665,0.6129353881516296,0.15885162298131375,0.22821298886705665,0.6129353881516296,0.2171539425932151,0.09978733979946597,0.683058717607319,0.2171539425932151,0.09978733979946597,0.683058717607319,False
2223,2023-02-19,Union Berlin,Schalke 04,1,True,21,0.13655273772038046,0.24501283661575166,0.6184344256638679,0.13655273772038046,0.24501283661575166,0.6184344256638679,0.13655273772038046,0.24501283661575166,0.6184344256638679,0.21857905361489113,0.28184945865925376,0.49957148772585497,0.11198167320257815,0.05,0.8380183267974218,0.11198167320257815,0.05,0.8380183267974218,False
2223,2023-02-24,Mainz,M'gladbach,2,False,0,0.36657710644126373,0.2754934464575767,0.35792944710115954,0.36657710644126373,0.2754934464575767,0.35792944710115954,0.36657710644126373,0.2754934464575767,0.35792944710115954,0.36657710644126373,0.2754934464575767,0.35792944710115954,0.31496135040000367,0.17878917429178715,0.5062494753082092,0.31496135040000367,0.17878917429178715,0.5062494753082092,False
2223,2023-02-25,FC Koln,Wolfsburg,0,False,0,0.3668414273345566,0.29013956982825917,0.3430190028371843,0.3668414273345566,0.29013956982825917,0.3430190028371843,0.3668414273345566,0.29013956982825917,0.3430190028371843,0.3668414273345566,0.29013956982825917,0.3430190028371843,0.3367064417794008,0.20758827893188805,0.4557052792887112,0.3367064417794008,0.20758827893188805,0.4557052792887112,False
2223,2023-02-25,Hertha,Augsburg,2,False,0,0.29169053678419243,0.2907388607110524,0.4175706025047551,0.29169053678419243,0.2907388607110524,0.4175706025047551,0.29169053678419243,0.2907388607110524,0.4175706025047551,0.29169053678419243,0.2907388607110524,0.4175706025047551,0.3277220337829088,0.19466526887301963,0.4776126973440716,0.3277220337829088,0.19466526887301963,0.4776126973440716,False
2223,2023-02-25,Hoffenheim,Dortmund,0,False,0,0.4783212509449942,0.2251123223289422,0.2965664267260636,0.4783212509449942,0.2251123223289422,0.2965664267260636,0.4783212509449942,0.2251123223289422,0.2965664267260636,0.4783212509449942,0.2251123223289422,0.2965664267260636,0.6452700987556622,0.11446908397313675,0.24026081727120105,0.6452700987556622,0.11446908397313675,0.24026081727120105,False
2223,2023-02-25,RB Leipzig,Ein Frankfurt,2,False,0,0.15059073589591607,0.22372532701275205,0.6256839370913319,0.15059073589591607,0.22372532701275205,0.6256839370913319,0.15059073589591607,0.22372532701275205,0.6256839370913319,0.15059073589591607,0.22372532701275205,0.6256839370913319,0.2235598765001323,0.10370154509132153,0.6727385784085461,0.2235598765001321,0.1037015450913214,0.6727385784085465,False
2223,2023-02-25,Schalke 04,Stuttgart,2,True,22,0.39637270365847954,0.2962901576776853,0.3073371386638353,0.39637270365847954,0.2962901576776853,0.3073371386638353,0.39637270365847954,0.2962901576776853,0.3073371386638353,0.2809746470738746,0.2859943000785318,0.43303105284759363,0.3211744620324368,0.18621351769183106,0.49261202027573214,0.3211744620324368,0.18621351769183106,0.49261202027573214,False
2223,2023-02-25,Werder Bremen,Bochum,2,True,22,0.27696341715987816,0.3060440281338897,0.4169925547062322,0.27696341715987816,0.3060440281338897,0.4169925547062322,0.27696341715987816,0.3060440281338897,0.4169925547062322,0.2630402452162556,0.303883751497411,0.43307600328633356,0.26481383065678293,0.13209760793995012,0.6030885614032669,0.26481383065678304,0.13209760793995026,0.6030885614032666,False
2223,2023-02-26,Bayern Munich,Union Berlin,2,False,0,0.0885650283504769,0.1650357596528639,0.7463992119966593,0.0885650283504769,0.1650357596528639,0.7463992119966593,0.0885650283504769,0.1650357596528639,0.7463992119966593,0.0885650283504769,0.1650357596528639,0.7463992119966593,0.1639897193084327,0.07084887530453003,0.7651614053870374,0.1639897193084327,0.07084887530453003,0.7651614053870374,False
2223,2023-02-26,Freiburg,Leverkusen,1,False,0,0.4133196104581422,0.26659496054170984,0.320085429000148,0.4133196104581422,0.26659496054170984,0.320085429000148,0.4133196104581422,0.26659496054170984,0.320085429000148,0.4133196104581422,0.26659496054170984,0.320085429000148,0.2922365043342183,0.1552845875637275,0.5524789081020541,0.2922365043342183,0.1552845875637275,0.5524789081020541,False
2223,2023-03-03,Dortmund,RB Leipzig,2,False,0,0.33263609926857035,0.2520430336493723,0.4153208670820574,0.33263609926857035,0.2520430336493723,0.4153208670820574,0.33263609926857035,0.2520430336493723,0.4153208670820574,0.33263609926857035,0.2520430336493723,0.4153208670820574,0.2896227547470391,0.1528696790407775,0.5575075662121836,0.2896227547470391,0.1528696790407775,0.5575075662121836,False
2223,2023-03-04,Augsburg,Werder Bremen,2,True,23,0.3026049097307363,0.29537688748307506,0.4020182027861887,0.3026049097307363,0.29537688748307506,0.4020182027861887,0.3026049097307363,0.29537688748307506,0.4020182027861887,0.3177140331196576,0.297181736380845,0.3851042304994974,0.34821392265152146,0.22734955680341581,0.4244365205450628,0.3482139226515213,0.22734955680341554,0.4244365205450632,False
2223,2023-03-04,Bochum,Schalke 04,0,True,23,0.2031109311695566,0.2926911719228058,0.5041978969076377,0.2031109311695566,0.2926911719228058,0.5041978969076377,0.2031109311695566,0.2926911719228058,0.5041978969076377,0.302527689151959,0.3098684541120796,0.3876038567359615,0.2920587690388889,0.1551187737761328,0.5528224571849784,0.2920587690388889,0.1551187737761328,0.5528224571849784,False
2223,2023-03-04,M'gladbach,Freiburg,1,False,0,0.27328865715089506,0.2565682434720578,0.4701430993770471,0.27328865715089506,0.2565682434720578,0.4701430993770471,0.27328865715089506,0.2565682434720578,0.4701430993770471,0.27328865715089506,0.2565682434720578,0.4701430993770471,0.35247422375346144,0.23602388777662325,0.41150188846991537,0.35247422375346144,0.23602388777662325,0.41150188846991537,False
2223,2023-03-04,Mainz,Hoffenheim,2,False,0,0.3554065977580114,0.27219591227992285,0.3723974899620658,0.3554065977580114,0.27219591227992285,0.3723974899620658,0.3554065977580114,0.27219591227992285,0.3723974899620658,0.3554065977580114,0.27219591227992285,0.3723974899620658,0.20521974354051425,0.09277524158316464,0.7020050148763212,0.20521974354051425,0.09277524158316464,0.7020050148763212,False
2223,2023-03-04,Stuttgart,Bayern Munich,0,False,0,0.7121761670305532,0.17632109084190484,0.11150274212754198,0.7121761670305532,0.17632109084190484,0.11150274212754198,0.7121761670305532,0.17632109084190484,0.11150274212754198,0.7121761670305532,0.17632109084190484,0.11150274212754198,0.788501156575235,0.0632363774493806,0.14826246597538442,0.788501156575235,0.0632363774493806,0.14826246597538442,False
2223,2023-03-04,Union Berlin,FC Koln,1,False,0,0.22297992885018647,0.27744590129096985,0.49957416985884384,0.22297992885018647,0.27744590129096985,0.49957416985884384,0.22297992885018647,0.27744590129096985,0.49957416985884384,0.22297992885018647,0.27744590129096985,0.49957416985884384,0.18713724528799924,0.08276271695863249,0.7301000377533683,0.18713724528799924,0.08276271695863249,0.7301000377533683,False
2223,2023-03-05,Leverkusen,Hertha,2,False,0,0.12048554847807158,0.19599202214377862,0.6835224293781499,0.12048554847807158,0.19599202214377862,0.6835224293781499,0.12048554847807158,0.19599202214377862,0.6835224293781499,0.12048554847807158,0.19599202214377862,0.6835224293781499,0.15174525668254013,0.06489214217326765,0.7833626011441922,0.15174525668254013,0.06489214217326765,0.7833626011441922,False
2223,2023-03-05,Wolfsburg,Ein Frankfurt,1,False,0,0.2889318173084652,0.2768454529271177,0.4342227297644171,0.2889318173084652,0.2768454529271177,0.4342227297644171,0.2889318173084652,0.2768454529271177,0.4342227297644171,0.2889318173084652,0.2768454529271177,0.4342227297644171,0.31304930352123206,0.17660573948288746,0.5103449569958804,0.31304930352123195,0.17660573948288727,0.5103449569958808,False
2223,2023-03-10,FC Koln,Bochum,0,False,0,0.2602031245561933,0.2973307120190259,0.44246616342478073,0.2602031245561933,0.2973307120190259,0.44246616342478073,0.2602031245561933,0.2973307120190259,0.44246616342478073,0.2602031245561933,0.2973307120190259,0.44246616342478073,0.2176303193486338,0.10007464240497561,0.6822950382463905,0.2176303193486338,0.10007464240497561,0.6822950382463905,False
2223,2023-03-11,Bayern Munich,Augsburg,2,False,0,0.044397580153151005,0.10728776213506273,0.8483146577117863,0.044397580153151005,0.10728776213506273,0.8483146577117863,0.044397580153151005,0.10728776213506273,0.8483146577117863,0.044397580153151005,0.10728776213506273,0.8483146577117863,0.05493542250133691,0.05,0.8950645774986631,0.05493542250133691,0.05,0.8950645774986631,False
2223,2023-03-11,Ein Frankfurt,Stuttgart,1,False,0,0.21155866660648898,0.252738356086873,0.535702977306638,0.21155866660648898,0.252738356086873,0.535702977306638,0.21155866660648898,0.252738356086873,0.535702977306638,0.21155866660648898,0.252738356086873,0.535702977306638,0.15770053477368026,0.06776213680270997,0.7745373284236098,0.15770053477368046,0.06776213680271004,0.7745373284236095,False
2223,2023-03-11,Hertha,Mainz,1,False,0,0.3436663323351865,0.29429169121517684,0.36204197644963665,0.3436663323351865,0.29429169121517684,0.36204197644963665,0.3436663323351865,0.29429169121517684,0.36204197644963665,0.3436663323351865,0.29429169121517684,0.36204197644963665,0.4305290598644483,0.22336899607336932,0.34610194406218237,0.4305290598644483,0.22336899607336932,0.34610194406218237,False
2223,2023-03-11,RB Leipzig,M'gladbach,2,False,0,0.1565599485998498,0.21866665641173003,0.6247733949884202,0.1565599485998498,0.21866665641173003,0.6247733949884202,0.1565599485998498,0.21866665641173003,0.6247733949884202,0.1565599485998498,0.21866665641173003,0.6247733949884202,0.16931284961718598,0.07350882364697633,0.7571783267358377,0.16931284961718598,0.07350882364697633,0.7571783267358377,False
2223,2023-03-11,Schalke 04,Dortmund,1,True,24,0.6864828156148753,0.18890723220145914,0.12460995218366555,0.6864828156148753,0.18890723220145914,0.12460995218366555,0.6864828156148753,0.18890723220145914,0.12460995218366555,0.5555557918016504,0.22999420620318672,0.2144500019951629,0.6614813650163986,0.10805125212830873,0.23046738285529267,0.6614813650163986,0.10805125212830873,0.23046738285529267,False
2223,2023-03-12,Freiburg,Hoffenheim,2,False,0,0.30765902308923965,0.2586366920385069,0.4337042848722536,0.30765902308923965,0.2586366920385069,0.4337042848722536,0.30765902308923965,0.2586366920385069,0.4337042848722536,0.30765902308923965,0.2586366920385069,0.4337042848722536,0.15468428006129128,0.06630228953192754,0.7790134304067812,0.15468428006129128,0.06630228953192754,0.7790134304067812,False
2223,2023-03-12,Werder Bremen,Leverkusen,0,True,24,0.5052299466791509,0.2583780701050796,0.23639198321576962,0.5052299466791509,0.2583780701050796,0.23639198321576962,0.5052299466791509,0.2583780701050796,0.23639198321576962,0.4864266384008578,0.26278163052307235,0.2507917310760698,0.40660131559592966,0.23939274641010577,0.35400593799396457,0.40660131559593005,0.2393927464101055,0.3540059379939644,False
2223,2023-03-12,Wolfsburg,Union Berlin,1,False,0,0.2804340779937807,0.2982517786838423,0.4213141433223771,0.2804340779937807,0.2982517786838423,0.4213141433223771,0.2804340779937807,0.2982517786838423,0.4213141433223771,0.2804340779937807,0.2982517786838423,0.4213141433223771,0.33910826527155474,0.21136541490255564,0.4495263198258896,0.33910826527155474,0.21136541490255564,0.4495263198258896,False
2223,2023-03-17,M'gladbach,Werder Bremen,1,True,25,0.1966790256206349,0.2406728387057095,0.5626481356736556,0.1966790256206349,0.2406728387057095,0.5626481356736556,0.1966790256206349,0.2406728387057095,0.5626481356736556,0.2098824671908402,0.24641990638223504,0.5436976264269248,0.25716039125853274,0.12633812775651118,0.616501480984956,0.2571603912585325,0.12633812775651104,0.6165014809849565,False
2223,2023-03-18,Augsburg,Schalke 04,1,True,25,0.2122045730347793,0.28158702038508077,0.50620840658014,0.2122045730347793,0.28158702038508077,0.50620840658014,0.2122045730347793,0.28158702038508077,0.50620840658014,0.3177140331196576,0.297181736380845,0.3851042304994974,0.3071352565820156,0.17011949848763488,0.5227452449303496,0.3071352565820156,0.17011949848763488,0.5227452449303496,False
2223,2023-03-18,Bochum,RB Leipzig,2,False,0,0.5577855457202976,0.26884262263929065,0.17337183164041178,0.5577855457202976,0.26884262263929065,0.17337183164041178,0.5577855457202976,0.26884262263929065,0.17337183164041178,0.5577855457202976,0.26884262263929065,0.17337183164041178,0.6397751102750211,0.11668743002728213,0.24353745969769688,0.6397751102750211,0.11668743002728213,0.24353745969769688,False
2223,2023-03-18,Dortmund,FC Koln,2,False,0,0.11623470247671605,0.17218225146301291,0.711583046060271,0.11623470247671605,0.17218225146301291,0.711583046060271,0.11623470247671605,0.17218225146301291,0.711583046060271,0.11623470247671605,0.17218225146301291,0.711583046060271,0.12282524906458081,0.051597969736186314,0.8255767811992328,0.12282524906458081,0.051597969736186314,0.8255767811992328,False
2223,2023-03-18,Hoffenheim,Hertha,2,False,0,0.18857113399209022,0.2305670393051665,0.5808618267027433,0.18857113399209022,0.2305670393051665,0.5808618267027433,0.18857113399209022,0.2305670393051665,0.5808618267027433,0.18857113399209022,0.2305670393051665,0.5808618267027433,0.29207868053660885,0.1551373379263171,0.5527839815370741,0.29207868053660885,0.1551373379263171,0.5527839815370741,False
2223,2023-03-18,Stuttgart,Wolfsburg,0,False,0,0.37893530756258137,0.2918293103869393,0.32923538205047936,0.37893530756258137,0.2918293103869393,0.32923538205047936,0.37893530756258137,0.2918293103869393,0.32923538205047936,0.37893530756258137,0.2918293103869393,0.32923538205047936,0.4488544642998486,0.2117797708862947,0.3393657648138568,0.4488544642998486,0.2117797708862947,0.3393657648138568,False
2223,2023-03-19,Leverkusen,Bayern Munich,2,False,0,0.510363729978806,0.23083332860254413,0.25880294141865,0.510363729978806,0.23083332860254413,0.25880294141865,0.510363729978806,0.23083332860254413,0.25880294141865,0.510363729978806,0.23083332860254413,0.25880294141865,0.5443188551950142,0.1592595087099543,0.2964216360950316,0.5443188551950142,0.1592595087099543,0.2964216360950316,False
2223,2023-03-19,Mainz,Freiburg,1,False,0,0.3361416956508318,0.28992308635917874,0.37393521798998947,0.3361416956508318,0.28992308635917874,0.37393521798998947,0.3361416956508318,0.28992308635917874,0.37393521798998947,0.3361416956508318,0.28992308635917874,0.37393521798998947,0.3463821299518284,0.2238863253211809,0.4297315447269907,0.3463821299518284,0.2238863253211809,0.4297315447269907,False
2223,2023-03-19,Union Berlin,Ein Frankfurt,2,False,0,0.2917159142893948,0.2847350678067425,0.4235490179038627,0.2917159142893948,0.2847350678067425,0.4235490179038627,0.2917159142893948,0.2847350678067425,0.4235490179038627,0.2917159142893948,0.2847350678067425,0.4235490179038627,0.2680864800071487,0.1346434677464904,0.597270052246361,0.26808648000714846,0.13464346774649025,0.5972700522463614,False
2223,2023-03-31,Ein Frankfurt,Bochum,1,False,0,0.19941502917465764,0.268876301037806,0.5317086697875363,0.19941502917465764,0.268876301037806,0.5317086697875363,0.19941502917465764,0.268876301037806,0.5317086697875363,0.19941502917465764,0.268876301037806,0.5317086697875363,0.18530310844264436,0.08178409248644428,0.7329127990709114,0.18530310844264444,0.08178409248644437,0.7329127990709112,False
2223,2023-04-01,Bayern Munich,Dortmund,2,False,0,0.17117443192903867,0.1808952479349788,0.6479303201359826,0.17117443192903867,0.1808952479349788,0.6479303201359826,0.17117443192903867,0.1808952479349788,0.6479303201359826,0.17117443192903867,0.1808952479349788,0.6479303201359826,0.2255320338255203,0.10492933839415601,0.6695386277803237,0.2255320338255203,0.10492933839415601,0.6695386277803237,False
2223,2023-04-01,Freiburg,Hertha,1,False,0,0.19740984948479118,0.25325515007946187,0.549335000435747,0.19740984948479118,0.25325515007946187,0.549335000435747,0.19740984948479118,0.25325515007946187,0.549335000435747,0.19740984948479118,0.25325515007946187,0.549335000435747,0.13567712317010328,0.0573832913901621,0.8069395854397347,0.13567712317010328,0.0573832913901621,0.8069395854397347,False
2223,2023-04-01,RB Leipzig,Mainz,0,False,0,0.1159948774269053,0.2145554641754564,0.6694496583976384,0.1159948774269053,0.2145554641754564,0.6694496583976384,0.1159948774269053,0.2145554641754564,0.6694496583976384,0.1159948774269053,0.2145554641754564,0.6694496583976384,0.1861483058747987,0.08223426361431051,0.7316174305108908,0.1861483058747987,0.08223426361431051,0.7316174305108908,False
2223,2023-04-01,Schalke 04,Leverkusen,0,True,26,0.6150039024876108,0.22978958100426736,0.15520651650812195,0.6150039024876108,0.22978958100426736,0.15520651650812195,0.6150039024876108,0.22978958100426736,0.15520651650812195,0.4864266384008578,0.26278163052307235,0.2507917310760698,0.5112220469830177,0.1761408364633085,0.31263711655367393,0.5112220469830177,0.1761408364633085,0.31263711655367393,False
2223,2023-04-01,Union Berlin,Stuttgart,2,False,0,0.21258641380776544,0.2760734615479593,0.5113401246442751,0.21258641380776544,0.2760734615479593,0.5113401246442751,0.21258641380776544,0.2760734615479593,0.5113401246442751,0.21258641380776544,0.2760734615479593,0.5113401246442751,0.12915959511802752,0.05442669385713079,0.8164137110248416,0.12915959511802752,0.05442669385713079,0.8164137110248416,False
2223,2023-04-01,Wolfsburg,Augsburg,1,False,0,0.18957466299114314,0.2656185964357515,0.5448067405731055,0.18957466299114314,0.2656185964357515,0.5448067405731055,0.18957466299114314,0.2656185964357515,0.5448067405731055,0.18957466299114314,0.2656185964357515,0.5448067405731055,0.17217667308317539,0.07495865918272557,0.752864667734099,0.17217667308317539,0.07495865918272557,0.752864667734099,False
2223,2023-04-02,FC Koln,M'gladbach,1,False,0,0.3878496361445391,0.2670809246827018,0.3450694391727591,0.3878496361445391,0.2670809246827018,0.3450694391727591,0.3878496361445391,0.2670809246827018,0.3450694391727591,0.3878496361445391,0.2670809246827018,0.3450694391727591,0.33357735443770253,0.2028868794864625,0.463535766075835,0.33357735443770253,0.2028868794864625,0.463535766075835,False
2223,2023-04-02,Werder Bremen,Hoffenheim,0,True,26,0.3970283149473923,0.2682901803186207,0.33468150473398706,0.3970283149473923,0.2682901803186207,0.33468150473398706,0.3970283149473923,0.2682901803186207,0.33468150473398706,0.3788744091990374,0.2694181606646973,0.3517074301362652,0.2631126803047922,0.13079447573280437,0.6060928439624035,0.26311268030479246,0.13079447573280453,0.6060928439624031,False
2223,2023-04-08,Augsburg,FC Koln,0,False,0,0.32461984355965223,0.29200188861935417,0.3833782678209936,0.32461984355965223,0.29200188861935417,0.3833782678209936,0.32461984355965223,0.29200188861935417,0.3833782678209936,0.32461984355965223,0.29200188861935417,0.3833782678209936,0.3313366533035791,0.199657819837877,0.4690055268585439,0.3313366533035791,0.199657819837877,0.4690055268585439,False
2223,2023-04-08,Dortmund,Union Berlin,2,False,0,0.1691062599178609,0.2178550643079202,0.6130386757742189,0.1691062599178609,0.2178550643079202,0.6130386757742189,0.1691062599178609,0.2178550643079202,0.6130386757742189,0.1691062599178609,0.2178550643079202,0.6130386757742189,0.24528613314631467,0.11788681165157332,0.636827055202112,0.24528613314631467,0.11788681165157332,0.636827055202112,False
2223,2023-04-08,Freiburg,Bayern Munich,0,False,0,0.6319831658325005,0.20595678933557293,0.1620600448319266,0.6319831658325005,0.20595678933557293,0.1620600448319266,0.6319831658325005,0.20595678933557293,0.1620600448319266,0.6319831658325005,0.20595678933557293,0.1620600448319266,0.5557447875593148,0.15371325425252635,0.2905419581881589,0.5557447875593148,0.15371325425252635,0.2905419581881589,False
2223,2023-04-08,Hertha,RB Leipzig,0,False,0,0.5969696477276061,0.24107323603235453,0.16195711624003933,0.5969696477276061,0.24107323603235453,0.16195711624003933,0.5969696477276061,0.24107323603235453,0.16195711624003933,0.5969696477276061,0.24107323603235453,0.16195711624003933,0.6103617497205664,0.12895590997957027,0.26068234029986326,0.6103617497205664,0.12895590997957027,0.26068234029986326,False
2223,2023-04-08,Leverkusen,Ein Frankfurt,2,False,0,0.20491030088248424,0.2337630469147249,0.5613266522027909,0.20491030088248424,0.2337630469147249,0.5613266522027909,0.20491030088248424,0.2337630469147249,0.5613266522027909,0.20491030088248424,0.2337630469147249,0.5613266522027909,0.24641699446461382,0.11866834152549101,0.6349146640098952,0.24641699446461365,0.11866834152549087,0.6349146640098955,False
2223,2023-04-08,Mainz,Werder Bremen,1,True,27,0.254301641673843,0.28656811643583935,0.45913024189031776,0.254301641673843,0.28656811643583935,0.45913024189031776,0.254301641673843,0.28656811643583935,0.45913024189031776,0.26832208346689834,0.29008883384382195,0.44158908268927977,0.2078836745559604,0.09431060866986014,0.6978057167741796,0.2078836745559601,0.09431060866986003,0.6978057167741798,False
2223,2023-04-09,Bochum,Stuttgart,0,False,0,0.2964938446684762,0.3057233495353047,0.39778280579621905,0.2964938446684762,0.3057233495353047,0.39778280579621905,0.2964938446684762,0.3057233495353047,0.39778280579621905,0.2964938446684762,0.3057233495353047,0.39778280579621905,0.272120020016675,0.1378549553244177,0.5900250246589074,0.272120020016675,0.1378549553244177,0.5900250246589074,False
2223,2023-04-09,Hoffenheim,Schalke 04,2,True,27,0.13139691752999086,0.2074091974797527,0.6611938849902564,0.13139691752999086,0.2074091974797527,0.6611938849902564,0.13139691752999086,0.2074091974797527,0.6611938849902564,0.22008495743831125,0.24670014565911996,0.5332148969025687,0.28760187004752086,0.1510361830029124,0.5613619469495666,0.28760187004752086,0.1510361830029124,0.5613619469495666,False
2223,2023-04-09,M'gladbach,Wolfsburg,2,False,0,0.2859276101835594,0.2672933654590984,0.4467790243573423,0.2859276101835594,0.2672933654590984,0.4467790243573423,0.2859276101835594,0.2672933654590984,0.4467790243573423,0.2859276101835594,0.2672933654590984,0.4467790243573423,0.34358501059878027,0.21885722910983654,0.4375577602913832,0.34358501059878027,0.21885722910983654,0.4375577602913832,False
2223,2023-04-14,Schalke 04,Hertha,2,True,28,0.3659712241579848,0.2978807419866546,0.3361480338553607,0.3659712241579848,0.2978807419866546,0.3361480338553607,0.3659712241579848,0.2978807419866546,0.3361480338553607,0.2541540789827487,0.2802455025953391,0.46560041842191213,0.28604707332041956,0.1496447768751243,0.5643081498044562,0.28604707332041956,0.1496447768751243,0.5643081498044562,False
2223,2023-04-15,Bayern Munich,Hoffenheim,1,False,0,0.08079163053837263,0.13164727826456882,0.7875610911970585,0.08079163053837263,0.13164727826456882,0.7875610911970585,0.08079163053837263,0.13164727826456882,0.7875610911970585,0.08079163053837263,0.13164727826456882,0.7875610911970585,0.06065825252606252,0.05,0.8893417474739375,0.06065825252606252,0.05,0.8893417474739375,False
2223,2023-04-15,Ein Frankfurt,M'gladbach,1,False,0,0.30797564809286077,0.25580994533859547,0.4362144065685439,0.30797564809286077,0.25580994533859547,0.4362144065685439,0.30797564809286077,0.25580994533859547,0.4362144065685439,0.30797564809286077,0.25580994533859547,0.4362144065685439,0.27292634005024924,0.13850711858031126,0.5885665413694394,0.2729263400502494,0.13850711858031142,0.5885665413694392,False
2223,2023-04-15,FC Koln,Mainz,1,False,0,0.30276799487223094,0.2896431929132923,0.40758881221447685,0.30276799487223094,0.2896431929132923,0.40758881221447685,0.30276799487223094,0.2896431929132923,0.40758881221447685,0.30276799487223094,0.2896431929132923,0.40758881221447685,0.3530945265448813,0.23737036958993843,0.40953510386518027,0.3530945265448813,0.23737036958993843,0.40953510386518027,False
2223,2023-04-15,RB Leipzig,Augsburg,2,False,0,0.0893910792649244,0.18912076866882527,0.7214881520662503,0.0893910792649244,0.18912076866882527,0.7214881520662503,0.0893910792649244,0.18912076866882527,0.7214881520662503,0.0893910792649244,0.18912076866882527,0.7214881520662503,0.11616628391901283,0.05,0.8338337160809871,0.11616628391901283,0.05,0.8338337160809871,False
2223,2023-04-15,Stuttgart,Dortmund,1,False,0,0.5685103005042967,0.22412853420219844,0.2073611652935048,0.5685103005042967,0.22412853420219844,0.2073611652935048,0.5685103005042967,0.22412853420219844,0.2073611652935048,0.5685103005042967,0.22412853420219844,0.2073611652935048,0.6674363844804074,0.1057396605312141,0.22682395498837857,0.6674363844804074,0.1057396605312141,0.22682395498837857,False
2223,2023-04-16,Union Berlin,Bochum,1,False,0,0.20031292850464086,0.29293480340431005,0.5067522680910492,0.20031292850464086,0.29293480340431005,0.5067522680910492,0.20031292850464086,0.29293480340431005,0.5067522680910492,0.20031292850464086,0.29293480340431005,0.5067522680910492,0.13959231953304524,0.059183128432233806,0.8012245520347209,0.13959231953304524,0.059183128432233806,0.8012245520347209,False
2223,2023-04-16,Werder Bremen,Freiburg,0,True,28,0.37504698666009495,0.286802899803372,0.3381501135365332,0.37504698666009495,0.286802899803372,0.3381501135365332,0.37504698666009495,0.286802899803372,0.3381501135365332,0.3580675980481253,0.28754812284393017,0.35438427910794446,0.4129901772698216,0.2350099014415813,0.35199992128859703,0.41299017726982207,0.23500990144158102,0.351999921288597,False
2223,2023-04-16,Wolfsburg,Leverkusen,1,False,0,0.39187825606839816,0.2757753024177653,0.3323464415138366,0.39187825606839816,0.2757753024177653,0.3323464415138366,0.39187825606839816,0.2757753024177653,0.3323464415138366,0.39187825606839816,0.2757753024177653,0.3323464415138366,0.35765949773576755,0.2481038930163504,0.39423660924788206,0.35765949773576755,0.2481038930163504,0.39423660924788206,False
2223,2023-04-21,Augsburg,Stuttgart,1,False,0,0.3113235797906209,0.29324261424229536,0.3954338059670838,0.3113235797906209,0.29324261424229536,0.3954338059670838,0.3113235797906209,0.29324261424229536,0.3954338059670838,0.3113235797906209,0.29324261424229536,0.3954338059670838,0.3153678918800928,0.1792592498832658,0.5053728582366414,0.3153678918800928,0.1792592498832658,0.5053728582366414,False
2223,2023-04-22,Bochum,Wolfsburg,0,False,0,0.38165829624162956,0.3109317535401428,0.3074099502182277,0.38165829624162956,0.3109317535401428,0.3074099502182277,0.38165829624162956,0.3109317535401428,0.3074099502182277,0.38165829624162956,0.3109317535401428,0.3074099502182277,0.40446708510674284,0.2408745113730738,0.3546584035201834,0.40446708510674284,0.2408745113730738,0.3546584035201834,False
2223,2023-04-22,Dortmund,Ein Frankfurt,2,False,0,0.16863030803596585,0.19713273033091788,0.6342369616331164,0.16863030803596585,0.19713273033091788,0.6342369616331164,0.16863030803596585,0.19713273033091788,0.6342369616331164,0.16863030803596585,0.19713273033091788,0.6342369616331164,0.1791723069297984,0.07855826534641284,0.7422694277237887,0.17917230692979813,0.07855826534641273,0.7422694277237891,False
2223,2023-04-22,Hertha,Werder Bremen,0,True,29,0.3092225943967356,0.28905352377210103,0.40172388183116337,0.3092225943967356,0.28905352377210103,0.40172388183116337,0.3092225943967356,0.28905352377210103,0.40172388183116337,0.32475229073061146,0.29072732977066895,0.38452037949871953,0.3504186152826817,0.2317209266514022,0.4178604580659161,0.35041861528268153,0.23172092665140193,0.4178604580659165,False
2223,2023-04-22,Hoffenheim,FC Koln,0,False,0,0.2245807170680576,0.24261626908616546,0.532803013845777,0.2245807170680576,0.24261626908616546,0.532803013845777,0.2245807170680576,0.24261626908616546,0.532803013845777,0.2245807170680576,0.24261626908616546,0.532803013845777,0.3230165197906875,0.18852088635833286,0.4884625938509796,0.3230165197906875,0.18852088635833286,0.4884625938509796,False
2223,2023-04-22,Mainz,Bayern Munich,2,False,0,0.6743918226015866,0.1956877428782138,0.12992043452019963,0.6743918226015866,0.1956877428782138,0.12992043452019963,0.6743918226015866,0.1956877428782138,0.12992043452019963,0.6743918226015866,0.1956877428782138,0.12992043452019963,0.6063787754857363,0.13067084973788082,0.2629503747763829,0.6063787754857363,0.13067084973788082,0.2629503747763829,False
2223,2023-04-23,Freiburg,Schalke 04,2,True,29,0.1405875787615809,0.23204106893193482,0.6273713523064842,0.1405875787615809,0.23204106893193482,0.6273713523064842,0.1405875787615809,0.23204106893193482,0.6273713523064842,0.22791117825377882,0.26845823532449137,0.5036305864217298,0.15943198116405166,0.06860607313972382,0.7719619456962246,0.15943198116405166,0.06860607313972382,0.7719619456962246,False
2223,2023-04-23,Leverkusen,RB Leipzig,2,False,0,0.36955216934792834,0.27386496495566676,0.356582865696405,0.36955216934792834,0.27386496495566676,0.356582865696405,0.36955216934792834,0.27386496495566676,0.356582865696405,0.36955216934792834,0.27386496495566676,0.356582865696405,0.3115190686256833,0.1748898341743205,0.5135910971999962,0.3115190686256833,0.1748898341743205,0.5135910971999962,False
2223,2023-04-23,M'gladbach,Union Berlin,0,False,0,0.27933121412749573,0.2735913865114473,0.447077399361057,0.27933121412749573,0.2735913865114473,0.447077399361057,0.27933121412749573,0.2735913865114473,0.447077399361057,0.27933121412749573,0.2735913865114473,0.447077399361057,0.36266882263774686,0.26217898960213415,0.375152187760119,0.36266882263774686,0.26217898960213415,0.375152187760119,False
2223,2023-04-28,Bochum,Dortmund,1,False,0,0.5651577396420607,0.23925664644980327,0.1955856139081361,0.5651577396420607,0.23925664644980327,0.1955856139081361,0.5651577396420607,0.23925664644980327,0.1955856139081361,0.5651577396420607,0.23925664644980327,0.1955856139081361,0.6752933447665327,0.10272614861857372,0.22198050661489363,0.6752933447665327,0.10272614861857372,0.22198050661489363,False
2223,2023-04-29,Ein Frankfurt,Augsburg,1,False,0,0.19130652554423724,0.25112711685391914,0.5575663576018436,0.19130652554423724,0.25112711685391914,0.5575663576018436,0.19130652554423724,0.25112711685391914,0.5575663576018436,0.19130652554423724,0.25112711685391914,0.5575663576018436,0.18151453758145378,0.07978258123634435,0.7387028811822018,0.18151453758145397,0.07978258123634445,0.7387028811822016,False
2223,2023-04-29,FC Koln,Freiburg,0,False,0,0.35571616686449514,0.2821206551011507,0.3621631780343542,0.35571616686449514,0.2821206551011507,0.3621631780343542,0.35571616686449514,0.2821206551011507,0.3621631780343542,0.35571616686449514,0.2821206551011507,0.3621631780343542,0.36630393605876055,0.26898189291992114,0.3647141710213183,0.36630393605876055,0.26898189291992114,0.3647141710213183,False
2223,2023-04-29,RB Leipzig,Hoffenheim,2,False,0,0.1478626357215968,0.2101639506752581,0.6419734136031451,0.1478626357215968,0.2101639506752581,0.6419734136031451,0.1478626357215968,0.2101639506752581,0.6419734136031451,0.1478626357215968,0.2101639506752581,0.6419734136031451,0.13823906748383594,0.058558954213033795,0.8032019783031302,0.13823906748383594,0.058558954213033795,0.8032019783031302,False
2223,2023-04-29,Schalke 04,Werder Bremen,2,True,30,0.3862070472987325,0.29987765468569844,0.31391529801556906,0.3862070472987325,0.29987765468569844,0.31391529801556906,0.3862070472987325,0.29987765468569844,0.31391529801556906,0.2874304166730458,0.2904957176922819,0.4220738656346723,0.3388092232064672,0.21088656762537966,0.45030420916815306,0.33880922320646706,0.21088656762537944,0.45030420916815345,False
2223,2023-04-29,Stuttgart,M'gladbach,2,False,0,0.4010052755612863,0.26846810122976034,0.33052662320895343,0.4010052755612863,0.26846810122976034,0.33052662320895343,0.4010052755612863,0.26846810122976034,0.33052662320895343,0.4010052755612863,0.26846810122976034,0.33052662320895343,0.36179507586271,0.2594927282221853,0.37871219591510474,0.36179507586271,0.2594927282221853,0.37871219591510474,False
2223,2023-04-29,Union Berlin,Leverkusen,1,False,0,0.3930914891334614,0.2825212249632396,0.324387285903299,0.3930914891334614,0.2825212249632396,0.324387285903299,0.3930914891334614,0.2825212249632396,0.324387285903299,0.3930914891334614,0.2825212249632396,0.324387285903299,0.3157312912597672,0.1796812131716507,0.5045874955685821,0.3157312912597672,0.1796812131716507,0.5045874955685821,False
2223,2023-04-30,Bayern Munich,Hertha,2,False,0,0.04161245531712898,0.09909967525475293,0.8592878694281181,0.04161245531712898,0.09909967525475293,0.8592878694281181,0.04161245531712898,0.09909967525475293,0.8592878694281181,0.04161245531712898,0.09909967525475293,0.8592878694281181,0.04547699751080984,0.05,0.9045230024891902,0.04547699751080984,0.05,0.9045230024891902,False
2223,2023-04-30,Wolfsburg,Mainz,2,False,0,0.23131745145938862,0.2813048100115273,0.4873777385290842,0.23131745145938862,0.2813048100115273,0.4873777385290842,0.23131745145938862,0.2813048100115273,0.4873777385290842,0.23131745145938862,0.2813048100115273,0.4873777385290842,0.3054743298150073,0.1683650920027748,0.5261605781822178,0.3054743298150073,0.1683650920027748,0.5261605781822178,False
2223,2023-05-05,Leverkusen,FC Koln,0,False,0,0.14726372504129384,0.21301781452987617,0.63971846042883,0.14726372504129384,0.21301781452987617,0.63971846042883,0.14726372504129384,0.21301781452987617,0.63971846042883,0.14726372504129384,0.21301781452987617,0.63971846042883,0.16714294457280288,0.07241913229527094,0.7604379231319262,0.16714294457280288,0.07241913229527094,0.7604379231319262,False
2223,2023-05-05,Mainz,Schalke 04,0,True,31,0.17317938873610872,0.26320362100132977,0.5636169902625616,0.17317938873610872,0.26320362100132977,0.5636169902625616,0.17317938873610872,0.26320362100132977,0.5636169902625616,0.26832208346689834,0.29008883384382195,0.44158908268927977,0.1819619119139838,0.08001755535294693,0.7380205327330693,0.1819619119139838,0.08001755535294693,0.7380205327330693,False
2223,2023-05-06,Augsburg,Union Berlin,2,False,0,0.39135842002448423,0.30415074366680533,0.3044908363087105,0.39135842002448423,0.30415074366680533,0.3044908363087105,0.39135842002448423,0.30415074366680533,0.3044908363087105,0.39135842002448423,0.30415074366680533,0.3044908363087105,0.5688179781539593,0.14753158046879258,0.28365044137724815,0.5688179781539593,0.14753158046879258,0.28365044137724815,False
2223,2023-05-06,Freiburg,RB Leipzig,0,False,0,0.48297630466179237,0.2713783686400926,0.24564532669811506,0.48297630466179237,0.2713783686400926,0.24564532669811506,0.48297630466179237,0.2713783686400926,0.24564532669811506,0.48297630466179237,0.2713783686400926,0.24564532669811506,0.32702280958526747,0.19372804795393003,0.47924914246080247,0.32702280958526747,0.19372804795393003,0.47924914246080247,False
2223,2023-05-06,Hertha,Stuttgart,2,False,0,0.31817848112748454,0.2868790556358229,0.39494246323669246,0.31817848112748454,0.2868790556358229,0.39494246323669246,0.31817848112748454,0.2868790556358229,0.39494246323669246,0.31817848112748454,0.2868790556358229,0.39494246323669246,0.35329531303713596,0.23781131696799443,0.40889336999486964,0.35329531303713596,0.23781131696799443,0.40889336999486964,False
2223,2023-05-06,Hoffenheim,Ein Frankfurt,2,False,0,0.2999741867489707,0.2514531711057053,0.448572642145324,0.2999741867489707,0.2514531711057053,0.448572642145324,0.2999741867489707,0.2514531711057053,0.448572642145324,0.2999741867489707,0.2514531711057053,0.448572642145324,0.37899662362340464,0.25927934007354136,0.3617240363030539,0.3789966236234042,0.25927934007354175,0.361724036303054,False
2223,2023-05-06,M'gladbach,Bochum,2,False,0,0.19182071878374563,0.2561698002597695,0.552009480956485,0.19182071878374563,0.2561698002597695,0.552009480956485,0.19182071878374563,0.2561698002597695,0.552009480956485,0.19182071878374563,0.2561698002597695,0.552009480956485,0.22647992313062582,0.10552340534535622,0.667996671524018,0.22647992313062582,0.10552340534535622,0.667996671524018,False
2223,2023-05-06,Werder Bremen,Bayern Munich,0,True,31,0.7170293075224334,0.17549813715388937,0.1074725553236772,0.7170293075224334,0.17549813715388937,0.1074725553236772,0.7170293075224334,0.17549813715388937,0.1074725553236772,0.6996136310462904,0.18348863103599747,0.11689773791771213,0.7191788772380824,0.08660257297327104,0.1942185497886466,0.7191788772380827,0.08660257297327095,0.19421854978864644,False
2223,2023-05-07,Dortmund,Wolfsburg,2,False,0,0.17224029551918238,0.21250144771380997,0.6152582567670077,0.17224029551918238,0.21250144771380997,0.6152582567670077,0.17224029551918238,0.21250144771380997,0.6152582567670077,0.17224029551918238,0.21250144771380997,0.6152582567670077,0.20211852477644324,0.09100834970107857,0.7068731255224783,0.20211852477644324,0.09100834970107857,0.7068731255224783,False
2223,2023-05-12,FC Koln,Hertha,2,False,0,0.25080337177728323,0.2735954544890523,0.4756011737336645,0.25080337177728323,0.2735954544890523,0.4756011737336645,0.25080337177728323,0.2735954544890523,0.4756011737336645,0.25080337177728323,0.2735954544890523,0.4756011737336645,0.1873989785990222,0.08290289063448607,0.7296981307664917,0.1873989785990222,0.08290289063448607,0.7296981307664917,False
2223,2023-05-13,Bayern Munich,Schalke 04,2,True,32,0.02462898829907789,0.07443359499943758,0.9009374167014845,0.02462898829907789,0.07443359499943758,0.9009374167014845,0.02462898829907789,0.07443359499943758,0.9009374167014845,0.05428273522559563,0.11940453580492275,0.8263127289694815,0.06661455812152878,0.05,0.8833854418784711,0.06661455812152878,0.05,0.8833854418784711,False
2223,2023-05-13,Bochum,Augsburg,2,False,0,0.2721723600037447,0.3091160819396323,0.41871155805662297,0.2721723600037447,0.3091160819396323,0.41871155805662297,0.2721723600037447,0.3091160819396323,0.41871155805662297,0.2721723600037447,0.3091160819396323,0.41871155805662297,0.3089477393934528,0.17206652126040162,0.5189857393461456,0.3089477393934528,0.17206652126040162,0.5189857393461456,False
2223,2023-05-13,Dortmund,M'gladbach,2,False,0,0.1757606514705796,0.1926062201697379,0.6316331283596825,0.1757606514705796,0.1926062201697379,0.6316331283596825,0.1757606514705796,0.1926062201697379,0.6316331283596825,0.1757606514705796,0.1926062201697379,0.6316331283596825,0.14375661236974802,0.061117997163260704,0.7951253904669913,0.14375661236974802,0.061117997163260704,0.7951253904669913,False
2223,2023-05-13,Ein Frankfurt,Mainz,2,False,0,0.235003363560414,0.2670287269438539,0.49796790949573216,0.235003363560414,0.2670287269438539,0.49796790949573216,0.235003363560414,0.2670287269438539,0.49796790949573216,0.235003363560414,0.2670287269438539,0.49796790949573216,0.32000573818789246,0.18477597465765597,0.4952182871544516,0.3200057381878926,0.1847759746576562,0.49521828715445126,False
2223,2023-05-13,Union Berlin,Freiburg,2,False,0,0.2785163010408095,0.28917468441347316,0.43230901454571735,0.2785163010408095,0.28917468441347316,0.43230901454571735,0.2785163010408095,0.28917468441347316,0.43230901454571735,0.2785163010408095,0.28917468441347316,0.43230901454571735,0.2861878531167236,0.14977008848650897,0.5640420583967675,0.2861878531167236,0.14977008848650897,0.5640420583967675,False
2223,2023-05-13,Wolfsburg,Hoffenheim,2,False,0,0.2904273861623401,0.26460171519101,0.44497089864665,0.2904273861623401,0.26460171519101,0.44497089864665,0.2904273861623401,0.26460171519101,0.44497089864665,0.2904273861623401,0.26460171519101,0.44497089864665,0.1935149912074568,0.08621657303725913,0.720268435755284,0.1935149912074568,0.08621657303725913,0.720268435755284,False
2223,2023-05-14,RB Leipzig,Werder Bremen,2,True,32,0.09674919415709454,0.1935574586137887,0.7096933472291167,0.09674919415709454,0.1935574586137887,0.7096933472291167,0.09674919415709454,0.1935574586137887,0.7096933472291167,0.10482718796593696,0.2018271782855628,0.6933456337485003,0.13893872998010173,0.0588813898140611,0.8021798802058372,0.13893872998010154,0.05888138981406105,0.8021798802058375,False
2223,2023-05-14,Stuttgart,Leverkusen,1,False,0,0.4984947893654916,0.25754384534267166,0.24396136529183685,0.4984947893654916,0.25754384534267166,0.24396136529183685,0.4984947893654916,0.25754384534267166,0.24396136529183685,0.4984947893654916,0.25754384534267166,0.24396136529183685,0.5522310136645502,0.15540430995320126,0.2923646763822486,0.5522310136645502,0.15540430995320126,0.2923646763822486,False
2223,2023-05-19,Freiburg,Wolfsburg,2,False,0,0.3035433644167966,0.2852238550555563,0.4112327805276471,0.3035433644167966,0.2852238550555563,0.4112327805276471,0.3035433644167966,0.2852238550555563,0.4112327805276471,0.3035433644167966,0.2852238550555563,0.4112327805276471,0.2943701150164835,0.15729387249491192,0.5483360124886046,0.2943701150164835,0.15729387249491192,0.5483360124886046,False
2223,2023-05-20,Bayern Munich,RB Leipzig,0,False,0,0.2014116474231933,0.2297740910582854,0.5688142615185213,0.2014116474231933,0.2297740910582854,0.5688142615185213,0.2014116474231933,0.2297740910582854,0.5688142615185213,0.2014116474231933,0.2297740910582854,0.5688142615185213,0.1911151648775047,0.08490748946027898,0.7239773456622163,0.1911151648775047,0.08490748946027898,0.7239773456622163,False
2223,2023-05-20,Hertha,Bochum,1,False,0,0.29724404071665095,0.305549146690725,0.39720681259262397,0.29724404071665095,0.305549146690725,0.39720681259262397,0.29724404071665095,0.305549146690725,0.39720681259262397,0.29724404071665095,0.305549146690725,0.39720681259262397,0.3429437700204458,0.21774443829728704,0.43931179168226714,0.3429437700204458,0.21774443829728704,0.43931179168226714,False
2223,2023-05-20,Hoffenheim,Union Berlin,2,False,0,0.29162139660910336,0.2721517400621746,0.4362268633287222,0.29162139660910336,0.2721517400621746,0.4362268633287222,0.29162139660910336,0.2721517400621746,0.4362268633287222,0.29162139660910336,0.2721517400621746,0.4362268633287222,0.5070190629584518,0.17837728693139251,0.3146036501101557,0.5070190629584518,0.17837728693139251,0.3146036501101557,False
2223,2023-05-20,Schalke 04,Ein Frankfurt,1,True,33,0.5010639209455011,0.2693139670843127,0.22962211197018625,0.5010639209455011,0.2693139670843127,0.22962211197018625,0.5010639209455011,0.2693139670843127,0.22962211197018625,0.3742634447690353,0.2812151450772659,0.34452141015369886,0.37142442914869184,0.2650228142626649,0.3635527565886432,0.37142442914869156,0.2650228142626652,0.3635527565886433,False
2223,2023-05-20,Werder Bremen,FC Koln,1,True,33,0.3091654650951207,0.28704228464311293,0.40379225026176646,0.3091654650951207,0.28704228464311293,0.40379225026176646,0.3091654650951207,0.28704228464311293,0.40379225026176646,0.2936022398163199,0.2856277383575524,0.42077002182612766,0.3477767247979478,0.22650979150454273,0.42571348369750944,0.34777672479794797,0.226509791504543,0.42571348369750905,False
2223,2023-05-21,Augsburg,Dortmund,0,False,0,0.5919875358775285,0.22174808734738152,0.18626437677508997,0.5919875358775285,0.22174808734738152,0.18626437677508997,0.5919875358775285,0.22174808734738152,0.18626437677508997,0.5919875358775285,0.22174808734738152,0.18626437677508997,0.6884255490668256,0.09777865640586932,0.21379579452730502,0.6884255490668256,0.09777865640586932,0.21379579452730502,False
2223,2023-05-21,Leverkusen,M'gladbach,1,False,0,0.2136656403788186,0.22829306765108806,0.5580412919700933,0.2136656403788186,0.22829306765108806,0.5580412919700933,0.2136656403788186,0.22829306765108806,0.5580412919700933,0.2136656403788186,0.22829306765108806,0.5580412919700933,0.19741811008338706,0.08837091503812003,0.7142109748784929,0.19741811008338706,0.08837091503812003,0.7142109748784929,False
2223,2023-05-21,Mainz,Stuttgart,0,False,0,0.2619805342230505,0.28524409175139626,0.45277537402555335,0.2619805342230505,0.28524409175139626,0.45277537402555335,0.2619805342230505,0.28524409175139626,0.45277537402555335,0.2619805342230505,0.28524409175139626,0.45277537402555335,0.21101154215269255,0.09613479787066788,0.6928536599766395,0.21101154215269255,0.09613479787066788,0.6928536599766395,False
2223,2023-05-27,Bochum,Leverkusen,2,False,0,0.49682936438294933,0.27404888991394377,0.22912174570310698,0.49682936438294933,0.27404888991394377,0.22912174570310698,0.49682936438294933,0.27404888991394377,0.22912174570310698,0.49682936438294933,0.27404888991394377,0.22912174570310698,0.546205217505721,0.15833434917542796,0.29546043331885097,0.546205217505721,0.15833434917542796,0.29546043331885097,False
2223,2023-05-27,Dortmund,Mainz,1,False,0,0.12759518185375443,0.18770063827328198,0.6847041798729636,0.12759518185375443,0.18770063827328198,0.6847041798729636,0.12759518185375443,0.18770063827328198,0.6847041798729636,0.12759518185375443,0.18770063827328198,0.6847041798729636,0.13094353972776665,0.05523118650486637,0.813825273767367,0.13094353972776665,0.05523118650486637,0.813825273767367,False
2223,2023-05-27,Ein Frankfurt,Freiburg,2,False,0,0.28135566561652053,0.2670817233571671,0.4515626110263124,0.28135566561652053,0.2670817233571671,0.4515626110263124,0.28135566561652053,0.2670817233571671,0.4515626110263124,0.28135566561652053,0.2670817233571671,0.4515626110263124,0.3448613910916681,0.2211155848854307,0.4340230240229012,0.34486139109166836,0.22111558488543093,0.4340230240229007,False
2223,2023-05-27,FC Koln,Bayern Munich,0,False,0,0.701235323134545,0.18005102187613517,0.11871365498931984,0.701235323134545,0.18005102187613517,0.11871365498931984,0.701235323134545,0.18005102187613517,0.11871365498931984,0.701235323134545,0.18005102187613517,0.11871365498931984,0.6170216343569535,0.12611776939341385,0.25686059624963264,0.6170216343569535,0.12611776939341385,0.25686059624963264,False
2223,2023-05-27,M'gladbach,Augsburg,2,False,0,0.18325533998562107,0.2382866314062092,0.5784580286081697,0.18325533998562107,0.2382866314062092,0.5784580286081697,0.18325533998562107,0.2382866314062092,0.5784580286081697,0.18325533998562107,0.2382866314062092,0.5784580286081697,0.20878042871174923,0.09483120422018698,0.6963883670680637,0.20878042871174923,0.09483120422018698,0.6963883670680637,False
2223,2023-05-27,RB Leipzig,Schalke 04,2,True,34,0.056584140926886795,0.1497007470502834,0.7937151120228298,0.056584140926886795,0.1497007470502834,0.7937151120228298,0.056584140926886795,0.1497007470502834,0.7937151120228298,0.10482718796593696,0.2018271782855628,0.6933456337485003,0.11335040293062822,0.05,0.8366495970693717,0.11335040293062822,0.05,0.8366495970693717,False
2223,2023-05-27,Stuttgart,Hoffenheim,1,False,0,0.38956172318780485,0.26593230398220224,0.34450597282999296,0.38956172318780485,0.26593230398220224,0.34450597282999296,0.38956172318780485,0.26593230398220224,0.34450597282999296,0.38956172318780485,0.26593230398220224,0.34450597282999296,0.3059804687695363,0.1688967663379482,0.5251227648925155,0.3059804687695363,0.1688967663379482,0.5251227648925155,False
2223,2023-05-27,Union Berlin,Werder Bremen,2,True,34,0.20614001584782848,0.2766841724120128,0.5171758117401588,0.20614001584782848,0.2766841724120128,0.5171758117401588,0.20614001584782848,0.2766841724120128,0.5171758117401588,0.21857905361489113,0.28184945865925376,0.49957148772585497,0.1690191772632368,0.07336090452106611,0.7576199182156971,0.1690191772632366,0.07336090452106604,0.7576199182156974,False
2223,2023-05-27,Wolfsburg,Hertha,0,False,0,0.18624874652364362,0.2568638734415381,0.5568873800348183,0.18624874652364362,0.2568638734415381,0.5568873800348183,0.18624874652364362,0.2568638734415381,0.5568873800348183,0.18624874652364362,0.2568638734415381,0.5568873800348183,0.13656395391155438,0.0577893721984631,0.8056466738899825,0.13656395391155438,0.0577893721984631,0.8056466738899825,False
2324,2023-08-18,Werder Bremen,Bayern Munich,0,False,0,0.688627623160234,0.1825766010526406,0.12879577578712548,0.688627623160234,0.1825766010526406,0.12879577578712548,0.688627623160234,0.1825766010526406,0.12879577578712548,0.688627623160234,0.1825766010526406,0.12879577578712548,0.7591616697378902,0.07284519035167446,0.16799313991043532,0.7591616697378902,0.07284519035167446,0.16799313991043532,False
2324,2023-08-19,Augsburg,M'gladbach,1,False,0,0.39289535039305384,0.27668494316253955,0.33041970644440655,0.39289535039305384,0.27668494316253955,0.33041970644440655,0.39289535039305384,0.27668494316253955,0.33041970644440655,0.39289535039305384,0.27668494316253955,0.33041970644440655,0.40497620064596584,0.24052022664221684,0.3545035727118173,0.40497620064596584,0.24052022664221684,0.3545035727118173,False
2324,2023-08-19,Dortmund,FC Koln,2,False,0,0.10614960321009408,0.16483505340701426,0.7290153433828916,0.10614960321009408,0.16483505340701426,0.7290153433828916,0.10614960321009408,0.16483505340701426,0.7290153433828916,0.10614960321009408,0.16483505340701426,0.7290153433828916,0.13307539247359632,0.05619724943217348,0.8107273580942301,0.13307539247359632,0.05619724943217348,0.8107273580942301,False
2324,2023-08-19,Hoffenheim,Freiburg,0,False,0,0.3049785386381112,0.2714121551408064,0.4236093062210824,0.3049785386381112,0.2714121551408064,0.4236093062210824,0.3049785386381112,0.2714121551408064,0.4236093062210824,0.3049785386381112,0.2714121551408064,0.4236093062210824,0.4108966548281394,0.23643744741018058,0.35266589776168,0.4108966548281394,0.23643744741018058,0.35266589776168,False
2324,2023-08-19,Leverkusen,RB Leipzig,2,False,0,0.3570657324373348,0.2773259761112727,0.36560829145139256,0.3570657324373348,0.2773259761112727,0.36560829145139256,0.3570657324373348,0.2773259761112727,0.36560829145139256,0.3570657324373348,0.2773259761112727,0.36560829145139256,0.3570392276849917,0.24654899166867814,0.39641178064633015,0.3570392276849917,0.24654899166867814,0.39641178064633015,False
2324,2023-08-19,Stuttgart,Bochum,2,False,0,0.22216903107461258,0.2688634360062924,0.508967532919095,0.22216903107461258,0.2688634360062924,0.508967532919095,0.22216903107461258,0.2688634360062924,0.508967532919095,0.22216903107461258,0.2688634360062924,0.508967532919095,0.2917789067987735,0.1548581628498971,0.5533629303513294,0.2917789067987735,0.1548581628498971,0.5533629303513294,False
2324,2023-08-19,Wolfsburg,Heidenheim,2,True,1,0.3,0.26,0.44,0.2353066087528141,0.11118400731763743,0.6535093839295485,0.2353066087528141,0.11118400731763743,0.6535093839295485,0.1910847101834151,0.2574775677040176,0.5514377221125675,0.2353066087528141,0.11118400731763743,0.6535093839295485,0.2353066087528141,0.11118400731763743,0.6535093839295485,True
2324,2023-08-20,Ein Frankfurt,Darmstadt,2,True,1,0.09511584670448253,0.20759198150921196,0.6972921717863055,0.24046072551911332,0.11460336241047345,0.6449359120704132,0.24046072551911332,0.11460336241047345,0.6449359120704132,0.20022326258545137,0.25064803739746516,0.5491287000170834,0.24046072551911332,0.11460336241047345,0.6449359120704132,0.24046072551911332,0.11460336241047345,0.6449359120704132,True
2324,2023-08-20,Union Berlin,Mainz,2,False,0,0.21179405246777616,0.2811504230467538,0.5070555244854701,0.21179405246777616,0.2811504230467538,0.5070555244854701,0.21179405246777616,0.2811504230467538,0.5070555244854701,0.21179405246777616,0.2811504230467538,0.5070555244854701,0.22119592675454267,0.10224416088082443,0.6765599123646329,0.22119592675454267,0.10224416088082443,0.6765599123646329,False
2324,2023-08-25,RB Leipzig,Stuttgart,2,False,0,0.10351962686939395,0.19771814897320425,0.6987622241574017,0.10351962686939395,0.19771814897320425,0.6987622241574017,0.10351962686939395,0.19771814897320425,0.6987622241574017,0.10351962686939395,0.19771814897320425,0.6987622241574017,0.13509812134806595,0.05711866407778,0.807783214574154,0.13509812134806595,0.05711866407778,0.807783214574154,False
2324,2023-08-26,Bochum,Dortmund,1,False,0,0.6342245720186379,0.2050473922779873,0.16072803570337474,0.6342245720186379,0.2050473922779873,0.16072803570337474,0.6342245720186379,0.2050473922779873,0.16072803570337474,0.6342245720186379,0.2050473922779873,0.16072803570337474,0.6791818502045548,0.10124969594146611,0.21956845385397905,0.6791818502045548,0.10124969594146611,0.21956845385397905,False
2324,2023-08-26,Darmstadt,Union Berlin,0,True,2,0.5239256401714066,0.3011642254727493,0.17491013435584402,0.45062785376077613,0.2106876257310773,0.3386845205081466,0.4579576324018392,0.2197352857052445,0.32230708189291635,0.37473814028907537,0.30784873342220187,0.31741312628872276,0.45062785376077613,0.2106876257310773,0.3386845205081466,0.45062785376077613,0.2106876257310773,0.3386845205081466,True
2324,2023-08-26,FC Koln,Wolfsburg,0,False,0,0.3517993114991095,0.2852690099615527,0.36293167853933783,0.3517993114991095,0.2852690099615527,0.36293167853933783,0.3517993114991095,0.2852690099615527,0.36293167853933783,0.3517993114991095,0.2852690099615527,0.36293167853933783,0.34298360091686725,0.21781314869755478,0.439203250385578,0.34298360091686725,0.21781314869755478,0.439203250385578,False
2324,2023-08-26,Freiburg,Werder Bremen,2,False,0,0.19765837030470826,0.25140769797250756,0.5509339317227843,0.19765837030470826,0.25140769797250756,0.5509339317227843,0.19765837030470826,0.25140769797250756,0.5509339317227843,0.19765837030470826,0.25140769797250756,0.5509339317227843,0.14660136532000878,0.06245235953616937,0.7909462751438219,0.14660136532000878,0.06245235953616937,0.7909462751438219,False
2324,2023-08-26,Heidenheim,Hoffenheim,0,True,2,0.3,0.26,0.44,0.2898792550750963,0.1531044627970919,0.5570162821278117,0.2908913295675867,0.1637940165173827,0.5453146539150306,0.33642381016348644,0.274718112688053,0.38885807714846055,0.2898792550750963,0.1531044627970919,0.5570162821278117,0.2898792550750963,0.1531044627970919,0.5570162821278117,True
2324,2023-08-26,M'gladbach,Leverkusen,0,False,0,0.3681678830227495,0.260787285227519,0.3710448317497315,0.3681678830227495,0.260787285227519,0.3710448317497315,0.3681678830227495,0.260787285227519,0.3710448317497315,0.3681678830227495,0.260787285227519,0.3710448317497315,0.36165759666112435,0.25908042238482154,0.3792619809540541,0.36165759666112435,0.25908042238482154,0.3792619809540541,False
2324,2023-08-27,Bayern Munich,Augsburg,2,False,0,0.04292190517247614,0.10440723935377345,0.8526708554737503,0.04292190517247614,0.10440723935377345,0.8526708554737503,0.04292190517247614,0.10440723935377345,0.8526708554737503,0.04292190517247614,0.10440723935377345,0.8526708554737503,0.05588393776759687,0.05,0.8941160622324031,0.05588393776759687,0.05,0.8941160622324031,False
2324,2023-08-27,Mainz,Ein Frankfurt,1,False,0,0.32476394132855513,0.27512673780727787,0.4001093208641672,0.32476394132855513,0.27512673780727787,0.4001093208641672,0.32476394132855513,0.27512673780727787,0.4001093208641672,0.32476394132855513,0.27512673780727787,0.4001093208641672,0.33444408094663686,0.20416579973622428,0.46139011931713886,0.33444408094663686,0.20416579973622428,0.46139011931713886,False
2324,2023-09-01,Dortmund,Heidenheim,1,True,3,0.3,0.26,0.44,0.10413611521977903,0.05,0.8458638847802209,0.1433088921758232,0.092,0.7646911078241767,0.09507265832917412,0.159708020191699,0.745219321479127,0.10413611521977903,0.05,0.8458638847802209,0.10413611521977903,0.05,0.8458638847802209,True
2324,2023-09-02,Augsburg,Bochum,1,False,0,0.2501383790011418,0.28211622608959086,0.46774539490926736,0.2501383790011418,0.28211622608959086,0.46774539490926736,0.2501383790011418,0.28211622608959086,0.46774539490926736,0.2501383790011418,0.28211622608959086,0.46774539490926736,0.3271842947400935,0.19394371430079382,0.4788719909591127,0.3271842947400935,0.19394371430079382,0.4788719909591127,False
2324,2023-09-02,Hoffenheim,Wolfsburg,2,False,0,0.32030496580603895,0.2706168283838087,0.4090782058101525,0.32030496580603895,0.2706168283838087,0.4090782058101525,0.32030496580603895,0.2706168283838087,0.4090782058101525,0.32030496580603895,0.2706168283838087,0.4090782058101525,0.3734049751774486,0.2635079174832063,0.3630871073393452,0.3734049751774486,0.2635079174832063,0.3630871073393452,False
2324,2023-09-02,Leverkusen,Darmstadt,2,True,3,0.06619288522814075,0.17024189887135568,0.7635652159005036,0.15756142514064636,0.06769452174458422,0.7747440531147693,0.13928771715814522,0.08820399716993851,0.7725082856719162,0.14857186102944692,0.2217776609444281,0.6296504780261251,0.15756142514064636,0.06769452174458422,0.7747440531147693,0.15756142514064636,0.06769452174458422,0.7747440531147693,True
2324,2023-09-02,M'gladbach,Bayern Munich,0,False,0,0.6008473642415717,0.20924519804619895,0.18990743771222934,0.6008473642415717,0.20924519804619895,0.18990743771222934,0.6008473642415717,0.20924519804619895,0.18990743771222934,0.6008473642415717,0.20924519804619895,0.18990743771222934,0.6564260786048345,0.11003268486364982,0.23354123653151562,0.6564260786048345,0.11003268486364982,0.23354123653151562,False
2324,2023-09-02,Stuttgart,Freiburg,2,False,0,0.3588418391922698,0.2905640690680261,0.350594091739704,0.3588418391922698,0.2905640690680261,0.350594091739704,0.3588418391922698,0.2905640690680261,0.350594091739704,0.3588418391922698,0.2905640690680261,0.350594091739704,0.4368476619827073,0.21930920631196546,0.3438431317053272,0.4368476619827073,0.21930920631196546,0.3438431317053272,False
2324,2023-09-02,Werder Bremen,Mainz,2,False,0,0.32288307031754315,0.2774197630556626,0.3996971666267943,0.32288307031754315,0.2774197630556626,0.3996971666267943,0.32288307031754315,0.2774197630556626,0.3996971666267943,0.32288307031754315,0.2774197630556626,0.3996971666267943,0.37092923899008745,0.2654030003122058,0.36366776069770673,0.37092923899008745,0.2654030003122058,0.36366776069770673,False
2324,2023-09-03,Ein Frankfurt,FC Koln,1,False,0,0.21878835280407616,0.25215252613646527,0.5290591210594585,0.21878835280407616,0.25215252613646527,0.5290591210594585,0.21878835280407616,0.25215252613646527,0.5290591210594585,0.21878835280407616,0.25215252613646527,0.5290591210594585,0.24908784662766764,0.12053296758913885,0.6303791857831935,0.24908784662766764,0.12053296758913885,0.6303791857831935,False
2324,2023-09-03,Union Berlin,RB Leipzig,0,False,0,0.3875395482609414,0.30566565727329104,0.3067947944657677,0.3875395482609414,0.30566565727329104,0.3067947944657677,0.3875395482609414,0.30566565727329104,0.3067947944657677,0.3875395482609414,0.30566565727329104,0.3067947944657677,0.3366669025533437,0.20752737517252037,0.455805722274136,0.3366669025533437,0.20752737517252037,0.455805722274136,False
2324,2023-09-15,Bayern Munich,Leverkusen,1,False,0,0.12710198566182362,0.17766227591546221,0.6952357384227141,0.12710198566182362,0.17766227591546221,0.6952357384227141,0.12710198566182362,0.17766227591546221,0.6952357384227141,0.12710198566182362,0.17766227591546221,0.6952357384227141,0.1762077103962222,0.07702255985887874,0.7467697297448991,0.1762077103962222,0.07702255985887874,0.7467697297448991,False
2324,2023-09-16,Bochum,Ein Frankfurt,1,False,0,0.43338886200434823,0.274189284540625,0.29242185345502675,0.43338886200434823,0.274189284540625,0.29242185345502675,0.43338886200434823,0.274189284540625,0.29242185345502675,0.43338886200434823,0.274189284540625,0.29242185345502675,0.3915364228189445,0.2500477625521807,0.35841581462887484,0.3915364228189445,0.2500477625521807,0.35841581462887484,False
2324,2023-09-16,FC Koln,Hoffenheim,0,False,0,0.31517433286884683,0.2676878430750032,0.4171378240561499,0.31517433286884683,0.2676878430750032,0.4171378240561499,0.31517433286884683,0.2676878430750032,0.4171378240561499,0.31517433286884683,0.2676878430750032,0.4171378240561499,0.2890185612836817,0.15231849645386125,0.558662942262457,0.2890185612836817,0.15231849645386125,0.558662942262457,False
2324,2023-09-16,Freiburg,Dortmund,0,False,0,0.4571748337372458,0.2497061496375736,0.2931190166251806,0.4571748337372458,0.2497061496375736,0.2931190166251806,0.4571748337372458,0.2497061496375736,0.2931190166251806,0.4571748337372458,0.2497061496375736,0.2931190166251806,0.4179178041762134,0.23168246369567688,0.35039973212810976,0.4179178041762134,0.23168246369567688,0.35039973212810976,False
2324,2023-09-16,Mainz,Stuttgart,0,False,0,0.2379068292199728,0.27114242804751354,0.49095074273251366,0.2379068292199728,0.27114242804751354,0.49095074273251366,0.2379068292199728,0.27114242804751354,0.49095074273251366,0.2379068292199728,0.27114242804751354,0.49095074273251366,0.2971882561021055,0.1600027873363353,0.5428089565615593,0.2971882561021055,0.1600027873363353,0.5428089565615593,False
2324,2023-09-16,RB Leipzig,Augsburg,2,False,0,0.08819854354286193,0.18632857916335435,0.7254728772937837,0.08819854354286193,0.18632857916335435,0.7254728772937837,0.08819854354286193,0.18632857916335435,0.7254728772937837,0.08819854354286193,0.18632857916335435,0.7254728772937837,0.0838829248507084,0.05,0.8661170751492916,0.0838829248507084,0.05,0.8661170751492916,False
2324,2023-09-16,Wolfsburg,Union Berlin,2,False,0,0.2819421732054085,0.3007986829160429,0.4172591438785488,0.2819421732054085,0.3007986829160429,0.4172591438785488,0.2819421732054085,0.3007986829160429,0.4172591438785488,0.2819421732054085,0.3007986829160429,0.4172591438785488,0.3433689917561822,0.21848076985520032,0.43815023838861755,0.3433689917561822,0.21848076985520032,0.43815023838861755,False
2324,2023-09-17,Darmstadt,M'gladbach,1,True,4,0.5233323564910856,0.2762381694822985,0.2004294740266159,0.3385566970765865,0.2104841541637914,0.4509591487596221,0.3939893949009362,0.23021035875934354,0.3758002463397202,0.3561349094897787,0.27544119921035914,0.3684238912998621,0.3385566970765865,0.2104841541637914,0.4509591487596221,0.3385566970765865,0.2104841541637914,0.4509591487596221,True
2324,2023-09-17,Heidenheim,Werder Bremen,2,True,4,0.3,0.26,0.44,0.26729100553266144,0.13401984305205022,0.5986891514152883,0.277103703872863,0.17181389013643517,0.5510824059907018,0.2709730409833015,0.27457183743285296,0.45445512158384554,0.26729100553266144,0.13401984305205022,0.5986891514152883,0.26729100553266144,0.13401984305205022,0.5986891514152883,True
2324,2023-09-22,Stuttgart,Darmstadt,2,True,5,0.14308880265224683,0.26135918624878296,0.5955520110989702,0.2543725744063505,0.12430353292589896,0.6213238926677505,0.20985906570470905,0.17912579425505254,0.6110151400402384,0.27553637490037125,0.2843382277390847,0.4401253973605441,0.2543725744063505,0.12430353292589896,0.6213238926677505,0.2543725744063505,0.12430353292589896,0.6213238926677505,True
2324,2023-09-23,Augsburg,Mainz,2,False,0,0.34709898029227537,0.29171789746448884,0.3611831222432358,0.34709898029227537,0.29171789746448884,0.3611831222432358,0.34709898029227537,0.29171789746448884,0.3611831222432358,0.34709898029227537,0.29171789746448884,0.3611831222432358,0.3533750959414621,0.23798723665705052,0.4086376674014873,0.3533750959414621,0.23798723665705052,0.4086376674014873,False
2324,2023-09-23,Bayern Munich,Bochum,2,False,0,0.03506719142091232,0.08973657981659196,0.8751962287624958,0.03506719142091232,0.08973657981659196,0.8751962287624958,0.03506719142091232,0.08973657981659196,0.8751962287624958,0.03506719142091232,0.08973657981659196,0.8751962287624958,0.06695277658621031,0.05,0.8830472234137896,0.06695277658621031,0.05,0.8830472234137896,False
2324,2023-09-23,Dortmund,Wolfsburg,2,False,0,0.15755083680265283,0.2019062877648573,0.6405428754324899,0.15755083680265283,0.2019062877648573,0.6405428754324899,0.15755083680265283,0.2019062877648573,0.6405428754324899,0.15755083680265283,0.2019062877648573,0.6405428754324899,0.17058677046105702,0.07415209974036414,0.7552611297985788,0.17058677046105702,0.07415209974036414,0.7552611297985788,False
2324,2023-09-23,M'gladbach,RB Leipzig,0,False,0,0.4487793312611318,0.26774759621602057,0.2834730725228477,0.4487793312611318,0.26774759621602057,0.2834730725228477,0.4487793312611318,0.26774759621602057,0.2834730725228477,0.4487793312611318,0.26774759621602057,0.2834730725228477,0.5433035298875474,0.1597590526992573,0.29693741741319535,0.5433035298875474,0.1597590526992573,0.29693741741319535,False
2324,2023-09-23,Union Berlin,Hoffenheim,0,False,0,0.22710754382305348,0.2710103196138834,0.5018821365630631,0.22710754382305348,0.2710103196138834,0.5018821365630631,0.22710754382305348,0.2710103196138834,0.5018821365630631,0.22710754382305348,0.2710103196138834,0.5018821365630631,0.21346591407746726,0.09758288403760464,0.6889512018849281,0.21346591407746726,0.09758288403760464,0.6889512018849281,False
2324,2023-09-23,Werder Bremen,FC Koln,2,False,0,0.3050569372999798,0.27431646018468175,0.42062660251533845,0.3050569372999798,0.27431646018468175,0.42062660251533845,0.3050569372999798,0.27431646018468175,0.42062660251533845,0.3050569372999798,0.27431646018468175,0.42062660251533845,0.347445418915893,0.22587904341039222,0.4266755376737148,0.347445418915893,0.22587904341039222,0.4266755376737148,False
2324,2023-09-24,Ein Frankfurt,Freiburg,1,False,0,0.2746696775755358,0.27210793234648756,0.4532223900779767,0.2746696775755358,0.27210793234648756,0.4532223900779767,0.2746696775755358,0.27210793234648756,0.4532223900779767,0.2746696775755358,0.27210793234648756,0.4532223900779767,0.3145635081196248,0.17833116337166088,0.5071053285087143,0.3145635081196248,0.17833116337166088,0.5071053285087143,False
2324,2023-09-24,Leverkusen,Heidenheim,2,True,5,0.3,0.26,0.44,0.16029417269482457,0.06902796105297661,0.7706778662521988,0.21617650361689472,0.14541677663178598,0.6384067197513192,0.14857186102944692,0.2217776609444281,0.6296504780261251,0.16029417269482457,0.06902796105297661,0.7706778662521988,0.16029417269482457,0.06902796105297661,0.7706778662521988,True
2324,2023-09-29,Hoffenheim,Dortmund,0,False,0,0.5046895778348066,0.22753508962961413,0.2677753325355794,0.5046895778348066,0.22753508962961413,0.2677753325355794,0.5046895778348066,0.22753508962961413,0.2677753325355794,0.5046895778348066,0.22753508962961413,0.2677753325355794,0.5396557333707934,0.16156299304923188,0.2987812735799747,0.5396557333707934,0.16156299304923188,0.2987812735799747,False
2324,2023-09-30,Bochum,M'gladbach,0,False,0,0.4246215608215065,0.27061397269155846,0.304764466486935,0.4246215608215065,0.27061397269155846,0.304764466486935,0.4246215608215065,0.27061397269155846,0.304764466486935,0.4246215608215065,0.27061397269155846,0.304764466486935,0.3459129877351868,0.22302188891358554,0.43106512335122765,0.3459129877351868,0.22302188891358554,0.43106512335122765,False
2324,2023-09-30,FC Koln,Stuttgart,0,False,0,0.254026961194164,0.27403325214000246,0.4719397866658336,0.254026961194164,0.27403325214000246,0.4719397866658336,0.254026961194164,0.27403325214000246,0.4719397866658336,0.254026961194164,0.27403325214000246,0.4719397866658336,0.3336420862022785,0.20298180310237743,0.46337611069534407,0.3336420862022785,0.20298180310237743,0.46337611069534407,False
2324,2023-09-30,Heidenheim,Union Berlin,2,True,6,0.3,0.26,0.44,0.3,0.26,0.44,0.3475632198176577,0.25373331276017264,0.39870346742216967,0.37473814028907537,0.30784873342220187,0.31741312628872276,0.39512643963531535,0.2474666255203452,0.3574069348443394,0.39512643963531535,0.2474666255203452,0.3574069348443394,False
2324,2023-09-30,Mainz,Leverkusen,0,False,0,0.40093320777674535,0.2733020482802426,0.325764743943012,0.40093320777674535,0.2733020482802426,0.325764743943012,0.40093320777674535,0.2733020482802426,0.325764743943012,0.40093320777674535,0.2733020482802426,0.325764743943012,0.5208763372577774,0.17108530604556613,0.30803835669665647,0.5208763372577774,0.17108530604556613,0.30803835669665647,False
2324,2023-09-30,RB Leipzig,Bayern Munich,1,False,0,0.39369461326403865,0.26047365723284227,0.3458317295031191,0.39369461326403865,0.26047365723284227,0.3458317295031191,0.39369461326403865,0.26047365723284227,0.3458317295031191,0.39369461326403865,0.26047365723284227,0.3458317295031191,0.352731556649638,0.2365796248036826,0.4106888185466793,0.352731556649638,0.2365796248036826,0.4106888185466793,False
2324,2023-09-30,Wolfsburg,Ein Frankfurt,2,False,0,0.26645199973430383,0.2680199448468063,0.46552805541889,0.26645199973430383,0.2680199448468063,0.46552805541889,0.26645199973430383,0.2680199448468063,0.46552805541889,0.26645199973430383,0.2680199448468063,0.46552805541889,0.2884102685233189,0.15176618390776828,0.5598235475689128,0.2884102685233189,0.15176618390776828,0.5598235475689128,False
2324,2023-10-01,Darmstadt,Werder Bremen,2,True,6,0.43002818715536656,0.30445269085134297,0.2655191219932906,0.43002818715536656,0.30445269085134297,0.2655191219932906,0.35858300653948727,0.22753593591444127,0.4138810575460715,0.2709730409833015,0.27457183743285296,0.45445512158384554,0.28713782592360804,0.15061918097753957,0.5622429930988524,0.28713782592360804,0.15061918097753957,0.5622429930988524,False
2324,2023-10-01,Freiburg,Augsburg,2,False,0,0.17596254742211395,0.2548490554661514,0.5691883971117346,0.17596254742211395,0.2548490554661514,0.5691883971117346,0.17596254742211395,0.2548490554661514,0.5691883971117346,0.17596254742211395,0.2548490554661514,0.5691883971117346,0.1653273314266312,0.07151309324534445,0.7631595753280245,0.1653273314266312,0.07151309324534445,0.7631595753280245,False
2324,2023-10-06,M'gladbach,Mainz,1,False,0,0.244753313411096,0.256363329977029,0.498883356611875,0.244753313411096,0.256363329977029,0.498883356611875,0.244753313411096,0.256363329977029,0.498883356611875,0.244753313411096,0.256363329977029,0.498883356611875,0.24686945504428237,0.11898234882042855,0.634148196135289,0.24686945504428237,0.11898234882042855,0.634148196135289,False
2324,2023-10-07,Augsburg,Darmstadt,0,True,7,0.1637919949525808,0.28017898475099823,0.5560290202964211,0.1637919949525808,0.28017898475099823,0.5560290202964211,0.23397296050086525,0.2527410929010492,0.5132859465980857,0.3056851525521395,0.2934811527827682,0.4008336946650924,0.33924440882329193,0.21158425512612558,0.4491713360505825,0.33924440882329193,0.21158425512612558,0.4491713360505825,False
2324,2023-10-07,Dortmund,Union Berlin,2,False,0,0.1690898623905198,0.2256081723441259,0.6053019652653543,0.1690898623905198,0.2256081723441259,0.6053019652653543,0.1690898623905198,0.2256081723441259,0.6053019652653543,0.1690898623905198,0.2256081723441259,0.6053019652653543,0.16500269611651464,0.07135163464201395,0.7636456692414715,0.16500269611651464,0.07135163464201395,0.7636456692414715,False
2324,2023-10-07,RB Leipzig,Bochum,1,False,0,0.07602395324143975,0.16909345720187277,0.7548825895566875,0.07602395324143975,0.16909345720187277,0.7548825895566875,0.07602395324143975,0.16909345720187277,0.7548825895566875,0.07602395324143975,0.16909345720187277,0.7548825895566875,0.08784781575102651,0.05,0.8621521842489734,0.08784781575102651,0.05,0.8621521842489734,False
2324,2023-10-07,Stuttgart,Wolfsburg,2,False,0,0.3749140334823003,0.2879011508183162,0.3371848156993835,0.3749140334823003,0.2879011508183162,0.3371848156993835,0.3749140334823003,0.2879011508183162,0.3371848156993835,0.3749140334823003,0.2879011508183162,0.3371848156993835,0.33411776138859606,0.2036822640277055,0.46219997458369844,0.33411776138859606,0.2036822640277055,0.46219997458369844,False
2324,2023-10-07,Werder Bremen,Hoffenheim,0,False,0,0.34704016924343717,0.2644161560001368,0.38854367475642604,0.34704016924343717,0.2644161560001368,0.38854367475642604,0.34704016924343717,0.2644161560001368,0.38854367475642604,0.34704016924343717,0.2644161560001368,0.38854367475642604,0.3697415798747228,0.2663171654385119,0.3639412546867653,0.3697415798747228,0.2663171654385119,0.3639412546867653,False
2324,2023-10-08,Bayern Munich,Freiburg,2,False,0,0.08864826546527176,0.15823841599354435,0.7531133185411839,0.08864826546527176,0.15823841599354435,0.7531133185411839,0.08864826546527176,0.15823841599354435,0.7531133185411839,0.08864826546527176,0.15823841599354435,0.7531133185411839,0.13375320880922925,0.056505489671643004,0.8097413015191277,0.13375320880922925,0.056505489671643004,0.8097413015191277,False
2324,2023-10-08,Ein Frankfurt,Heidenheim,2,True,7,0.3,0.26,0.44,0.3,0.26,0.44,0.27985817424864246,0.20437025688465207,0.5157715688667055,0.20022326258545137,0.25064803739746516,0.5491287000170834,0.24964543562160607,0.12092564221163019,0.6294289221667638,0.24964543562160607,0.12092564221163019,0.6294289221667638,False
2324,2023-10-08,Leverkusen,FC Koln,2,False,0,0.16349759189912977,0.22531991015924013,0.6111824979416302,0.16349759189912977,0.22531991015924013,0.6111824979416302,0.16349759189912977,0.22531991015924013,0.6111824979416302,0.16349759189912977,0.22531991015924013,0.6111824979416302,0.13393522642245378,0.05658835297295062,0.8094764206045956,0.13393522642245378,0.05658835297295062,0.8094764206045956,False
2324,2023-10-20,Dortmund,Werder Bremen,2,False,0,0.08941808099047825,0.14603656152921043,0.7645453574803114,0.08941808099047825,0.14603656152921043,0.7645453574803114,0.08941808099047825,0.14603656152921043,0.7645453574803114,0.08941808099047825,0.14603656152921043,0.7645453574803114,0.06913489799708859,0.05,0.8808651020029113,0.06913489799708859,0.05,0.8808651020029113,False
2324,2023-10-21,Darmstadt,RB Leipzig,0,True,8,0.6657449821886483,0.2295107193093895,0.10474429850196215,0.6657449821886483,0.2295107193093895,0.10474429850196215,0.6471103983879543,0.20021619828785153,0.1526734033241942,0.5188718668111525,0.2683127652120452,0.2128153679768024,0.6036297028530014,0.13186231590426295,0.26450798124273567,0.6036297028530014,0.13186231590426295,0.26450798124273567,False
2324,2023-10-21,Freiburg,Bochum,2,False,0,0.15748961487959062,0.24052438019620084,0.6019860049242085,0.15748961487959062,0.24052438019620084,0.6019860049242085,0.15748961487959062,0.24052438019620084,0.6019860049242085,0.15748961487959062,0.24052438019620084,0.6019860049242085,0.17993774031121296,0.07895728643109022,0.7411049732576968,0.17993774031121296,0.07895728643109022,0.7411049732576968,False
2324,2023-10-21,Hoffenheim,Ein Frankfurt,0,False,0,0.3114056487294569,0.25937201727012044,0.42922233400042276,0.3114056487294569,0.25937201727012044,0.42922233400042276,0.3114056487294569,0.25937201727012044,0.42922233400042276,0.3114056487294569,0.25937201727012044,0.42922233400042276,0.3174196238557118,0.18166405762054846,0.5009163185237396,0.3174196238557118,0.18166405762054846,0.5009163185237396,False
2324,2023-10-21,Mainz,Bayern Munich,0,False,0,0.6280497193833324,0.20954579170164223,0.16240448891502543,0.6280497193833324,0.20954579170164223,0.16240448891502543,0.6280497193833324,0.20954579170164223,0.16240448891502543,0.6280497193833324,0.20954579170164223,0.16240448891502543,0.7356843868971118,0.08082384605271416,0.18349176705017403,0.7356843868971118,0.08082384605271416,0.18349176705017403,False
2324,2023-10-21,Union Berlin,Stuttgart,0,False,0,0.1809570659824577,0.2692614991217785,0.5497814348957637,0.1809570659824577,0.2692614991217785,0.5497814348957637,0.1809570659824577,0.2692614991217785,0.5497814348957637,0.1809570659824577,0.2692614991217785,0.5497814348957637,0.27942263431331016,0.14389277983729376,0.5766845858493961,0.27942263431331016,0.14389277983729376,0.5766845858493961,False
2324,2023-10-21,Wolfsburg,Leverkusen,0,False,0,0.3367279205774684,0.27506546438371027,0.3882066150388214,0.3367279205774684,0.27506546438371027,0.3882066150388214,0.3367279205774684,0.27506546438371027,0.3882066150388214,0.3367279205774684,0.27506546438371027,0.3882066150388214,0.3799074765097242,0.25859720096874184,0.36149532252153405,0.3799074765097242,0.25859720096874184,0.36149532252153405,False
2324,2023-10-22,FC Koln,M'gladbach,2,False,0,0.33469470415715896,0.2693356213574189,0.39596967448542225,0.33469470415715896,0.2693356213574189,0.39596967448542225,0.33469470415715896,0.2693356213574189,0.39596967448542225,0.33469470415715896,0.2693356213574189,0.39596967448542225,0.344656631527506,0.22074929196847687,0.4345940765040172,0.344656631527506,0.22074929196847687,0.4345940765040172,False
2324,2023-10-22,Heidenheim,Augsburg,0,True,8,0.3,0.26,0.44,0.3,0.26,0.44,0.27960129193368666,0.2147114970527978,0.5056872110135155,0.24248425259246248,0.2817013544517434,0.4758143929557941,0.23200430644562225,0.10903832350932596,0.6589573700450518,0.23200430644562225,0.10903832350932596,0.6589573700450518,False
2324,2023-10-27,Bochum,Mainz,1,False,0,0.3762575631607323,0.2876903410696872,0.33605209576958056,0.3762575631607323,0.2876903410696872,0.33605209576958056,0.3762575631607323,0.2876903410696872,0.33605209576958056,0.3762575631607323,0.2876903410696872,0.33605209576958056,0.3209016687962325,0.18587618302228565,0.4932221481814818,0.3209016687962325,0.18587618302228565,0.4932221481814818,False
2324,2023-10-28,Augsburg,Wolfsburg,2,False,0,0.4077114873276393,0.29000744900624637,0.3022810636661143,0.4077114873276393,0.29000744900624637,0.3022810636661143,0.4077114873276393,0.29000744900624637,0.3022810636661143,0.4077114873276393,0.29000744900624637,0.3022810636661143,0.430504599520956,0.22338484638628298,0.3461105540927611,0.430504599520956,0.22338484638628298,0.3461105540927611,False
2324,2023-10-28,Bayern Munich,Darmstadt,2,True,9,0.018936304739693696,0.0715045590330879,0.9095591362272184,0.018936304739693696,0.0715045590330879,0.9095591362272184,0.028641761242140865,0.06720364722647032,0.9041545915313888,0.0534135723303462,0.118208986497068,0.8283774411725857,0.06746358725192954,0.05,0.8825364127480704,0.06746358725192954,0.05,0.8825364127480704,False
2324,2023-10-28,M'gladbach,Heidenheim,2,True,9,0.3,0.26,0.44,0.3,0.26,0.44,0.2916358734500236,0.23341799430435897,0.4749461322456174,0.20920733738106653,0.24896522444651253,0.5418274381724208,0.25817936725011825,0.12708997152179477,0.614730661228087,0.25817936725011825,0.12708997152179477,0.614730661228087,False
2324,2023-10-28,RB Leipzig,FC Koln,2,False,0,0.11558416216476153,0.20571629443926223,0.6786995433959763,0.11558416216476153,0.20571629443926223,0.6786995433959763,0.11558416216476153,0.20571629443926223,0.6786995433959763,0.11558416216476153,0.20571629443926223,0.6786995433959763,0.10979453719115065,0.05,0.8402054628088493,0.10979453719115065,0.05,0.8402054628088493,False
2324,2023-10-28,Stuttgart,Hoffenheim,0,False,0,0.3387874312922077,0.27241797063197176,0.3887945980758206,0.3387874312922077,0.27241797063197176,0.3887945980758206,0.3387874312922077,0.27241797063197176,0.3887945980758206,0.3387874312922077,0.27241797063197176,0.3887945980758206,0.2512790347062028,0.12208298839843258,0.6266379768953646,0.2512790347062028,0.12208298839843258,0.6266379768953646,False
2324,2023-10-28,Werder Bremen,Union Berlin,2,False,0,0.3871784402965401,0.2964635980642578,0.3163579616392021,0.3871784402965401,0.2964635980642578,0.3163579616392021,0.3871784402965401,0.2964635980642578,0.3163579616392021,0.3871784402965401,0.2964635980642578,0.3163579616392021,0.4395228678187433,0.21761087638009366,0.3428662558011631,0.4395228678187433,0.21761087638009366,0.3428662558011631,False
2324,2023-10-29,Ein Frankfurt,Dortmund,1,False,0,0.4632693396548273,0.23810119736452162,0.298629462980651,0.4632693396548273,0.23810119736452162,0.298629462980651,0.4632693396548273,0.23810119736452162,0.298629462980651,0.4632693396548273,0.23810119736452162,0.298629462980651,0.5052441684494263,0.17932833964728526,0.3154274919032884,0.5052441684494263,0.17932833964728526,0.3154274919032884,False
2324,2023-10-29,Leverkusen,Freiburg,2,False,0,0.21245628022721677,0.25285644228180754,0.5346872774909758,0.21245628022721677,0.25285644228180754,0.5346872774909758,0.21245628022721677,0.25285644228180754,0.5346872774909758,0.21245628022721677,0.25285644228180754,0.5346872774909758,0.21211103297833722,0.09678165933073066,0.6911073076909322,0.21211103297833722,0.09678165933073066,0.6911073076909322,False
2324,2023-11-03,Darmstadt,Bochum,0,True,10,0.3683369770518506,0.3205791259480986,0.31108389700005085,0.3683369770518506,0.3205791259480986,0.31108389700005085,0.35904182504552046,0.30257299729471737,0.3383851776597622,0.2208955051893154,0.27100945853992536,0.5080950362707592,0.27538545698854966,0.14051783941428567,0.5840967035971647,0.27538545698854966,0.14051783941428567,0.5840967035971647,False
2324,2023-11-04,Dortmund,Bayern Munich,0,False,0,0.4094434142175883,0.22630500902269085,0.36425157675972086,0.4094434142175883,0.22630500902269085,0.36425157675972086,0.4094434142175883,0.22630500902269085,0.36425157675972086,0.4094434142175883,0.22630500902269085,0.36425157675972086,0.3435869192592779,0.2188605626218478,0.43755251811887425,0.3435869192592779,0.2188605626218478,0.43755251811887425,False
2324,2023-11-04,FC Koln,Augsburg,1,False,0,0.22438275243256298,0.27037113757893927,0.5052461099884977,0.22438275243256298,0.27037113757893927,0.5052461099884977,0.22438275243256298,0.27037113757893927,0.5052461099884977,0.22438275243256298,0.27037113757893927,0.5052461099884977,0.2749779996094013,0.14018237882050488,0.5848396215700938,0.2749779996094013,0.14018237882050488,0.5848396215700938,False
2324,2023-11-04,Freiburg,M'gladbach,1,False,0,0.27011949044906286,0.26593139658184706,0.46394911296909,0.27011949044906286,0.26593139658184706,0.46394911296909,0.27011949044906286,0.26593139658184706,0.46394911296909,0.27011949044906286,0.26593139658184706,0.46394911296909,0.24168325515761357,0.11542751838767207,0.6428892264547144,0.24168325515761357,0.11542751838767207,0.6428892264547144,False
2324,2023-11-04,Hoffenheim,Leverkusen,0,False,0,0.3894495069328545,0.2603418156572496,0.3502086774098959,0.3894495069328545,0.2603418156572496,0.3502086774098959,0.3894495069328545,0.2603418156572496,0.3502086774098959,0.3894495069328545,0.2603418156572496,0.3502086774098959,0.47251118388849817,0.19761146066107357,0.32987735545042823,0.47251118388849817,0.19761146066107357,0.32987735545042823,False
2324,2023-11-04,Mainz,RB Leipzig,2,False,0,0.4779126492262053,0.27491571235019463,0.24717163842360015,0.4779126492262053,0.27491571235019463,0.24717163842360015,0.4779126492262053,0.27491571235019463,0.24717163842360015,0.4779126492262053,0.27491571235019463,0.24717163842360015,0.6443116151671643,0.11485442775569513,0.24083395707714061,0.6443116151671643,0.11485442775569513,0.24083395707714061,False
2324,2023-11-04,Union Berlin,Ein Frankfurt,0,False,0,0.25163292250475255,0.2836095035477108,0.4647575739475367,0.25163292250475255,0.2836095035477108,0.4647575739475367,0.25163292250475255,0.2836095035477108,0.4647575739475367,0.25163292250475255,0.2836095035477108,0.4647575739475367,0.33101350586931083,0.1992009421433927,0.4697855519872965,0.33101350586931083,0.1992009421433927,0.4697855519872965,False
2324,2023-11-05,Heidenheim,Stuttgart,2,True,10,0.3,0.26,0.44,0.3,0.26,0.44,0.30906603996979365,0.25906816961439044,0.43186579041581596,0.2731390978663996,0.28389210433655,0.4429687977970505,0.3906603996979363,0.2506816961439043,0.35865790415815946,0.3906603996979363,0.2506816961439043,0.35865790415815946,False
2324,2023-11-05,Wolfsburg,Werder Bremen,1,False,0,0.18651860159927186,0.2439804963494343,0.5695009020512939,0.18651860159927186,0.2439804963494343,0.5695009020512939,0.18651860159927186,0.2439804963494343,0.5695009020512939,0.18651860159927186,0.2439804963494343,0.5695009020512939,0.19882362727042815,0.08915454546756436,0.7120218272620075,0.19882362727042815,0.08915454546756436,0.7120218272620075,False
2324,2023-11-10,M'gladbach,Wolfsburg,2,False,0,0.30119640552886,0.2686683766518434,0.43013521781929664,0.30119640552886,0.2686683766518434,0.43013521781929664,0.30119640552886,0.2686683766518434,0.43013521781929664,0.30119640552886,0.2686683766518434,0.43013521781929664,0.3247180368463848,0.1906996470191758,0.4845823161344395,0.3247180368463848,0.1906996470191758,0.4845823161344395,False
2324,2023-11-11,Augsburg,Hoffenheim,1,False,0,0.3726318148990727,0.27739011022320564,0.34997807487772176,0.3726318148990727,0.27739011022320564,0.34997807487772176,0.3726318148990727,0.27739011022320564,0.34997807487772176,0.3726318148990727,0.27739011022320564,0.34997807487772176,0.358775023627096,0.2509905006521268,0.3902344757207772,0.358775023627096,0.2509905006521268,0.3902344757207772,False
2324,2023-11-11,Bayern Munich,Heidenheim,2,True,11,0.3,0.26,0.44,0.3,0.26,0.44,0.3,0.26,0.44,0.0534135723303462,0.118208986497068,0.8283774411725857,0.059275088668719736,0.05,0.8907249113312802,0.059275088668719736,0.05,0.8907249113312802,False
2324,2023-11-11,Bochum,FC Koln,1,False,0,0.35804343363466856,0.2867549043066555,0.35520166205867604,0.35804343363466856,0.2867549043066555,0.35520166205867604,0.35804343363466856,0.2867549043066555,0.35520166205867604,0.35804343363466856,0.2867549043066555,0.35520166205867604,0.31682704679866275,0.1809638522838043,0.5022091009175329,0.31682704679866275,0.1809638522838043,0.5022091009175329,False
2324,2023-11-11,Darmstadt,Mainz,1,True,11,0.47152518225784157,0.3018397919297635,0.22663502581239492,0.47152518225784157,0.3018397919297635,0.22663502581239492,0.47152518225784157,0.3018397919297635,0.22663502581239492,0.3131587763923917,0.28772967127170024,0.399111552335908,0.32758098484991743,0.19447549688509774,0.4779435182649849,0.32758098484991743,0.19447549688509774,0.4779435182649849,False
2324,2023-11-11,Stuttgart,Dortmund,2,False,0,0.5636960139383514,0.22650677819853857,0.20979720786311,0.5636960139383514,0.22650677819853857,0.20979720786311,0.5636960139383514,0.22650677819853857,0.20979720786311,0.5636960139383514,0.22650677819853857,0.20979720786311,0.514114932951331,0.1746141417535628,0.31127092529510614,0.514114932951331,0.1746141417535628,0.31127092529510614,False
2324,2023-11-12,Leverkusen,Union Berlin,2,False,0,0.23378935164490355,0.27665827721464187,0.4895523711404546,0.23378935164490355,0.27665827721464187,0.4895523711404546,0.23378935164490355,0.27665827721464187,0.4895523711404546,0.23378935164490355,0.27665827721464187,0.4895523711404546,0.1519447292907894,0.06498747165074348,0.7830677990584671,0.1519447292907894,0.06498747165074348,0.7830677990584671,False
2324,2023-11-12,RB Leipzig,Freiburg,2,False,0,0.15448826150168563,0.23889176260136108,0.6066199758969533,0.15448826150168563,0.23889176260136108,0.6066199758969533,0.15448826150168563,0.23889176260136108,0.6066199758969533,0.15448826150168563,0.23889176260136108,0.6066199758969533,0.19056435003665156,0.08460865400880062,0.7248269959545479,0.19056435003665156,0.08460865400880062,0.7248269959545479,False
2324,2023-11-12,Werder Bremen,Ein Frankfurt,1,False,0,0.37716412534975796,0.26969574816386394,0.3531401264863782,0.37716412534975796,0.26969574816386394,0.3531401264863782,0.37716412534975796,0.26969574816386394,0.3531401264863782,0.37716412534975796,0.26969574816386394,0.3531401264863782,0.47436243986269944,0.19653802296819334,0.3290995371691072,0.47436243986269944,0.19653802296819334,0.3290995371691072,False
2324,2023-11-24,FC Koln,Bayern Munich,0,False,0,0.6504401003155421,0.20057452827453837,0.1489853714099195,0.6504401003155421,0.20057452827453837,0.1489853714099195,0.6504401003155421,0.20057452827453837,0.1489853714099195,0.6504401003155421,0.20057452827453837,0.1489853714099195,0.7688819638119323,0.06961925139749829,0.16149878479056942,0.7688819638119323,0.06961925139749829,0.16149878479056942,False
2324,2023-11-25,Dortmund,M'gladbach,2,False,0,0.13830300332428558,0.17677234731303276,0.6849246493626817,0.13830300332428558,0.17677234731303276,0.6849246493626817,0.13830300332428558,0.17677234731303276,0.6849246493626817,0.13830300332428558,0.17677234731303276,0.6849246493626817,0.14726782095370633,0.06276648263576824,0.7899656964105254,0.14726782095370633,0.06276648263576824,0.7899656964105254,False
2324,2023-11-25,Ein Frankfurt,Stuttgart,0,False,0,0.19918106746670233,0.24769315445327492,0.5531257780800227,0.19918106746670233,0.24769315445327492,0.5531257780800227,0.19918106746670233,0.24769315445327492,0.5531257780800227,0.19918106746670233,0.24769315445327492,0.5531257780800227,0.26974058527712774,0.135950366223924,0.5943090484989483,0.26974058527712774,0.135950366223924,0.5943090484989483,False
2324,2023-11-25,Freiburg,Darmstadt,1,True,12,0.09847747282245933,0.2236039382323859,0.6779185889451548,0.09847747282245933,0.2236039382323859,0.6779185889451548,0.09847747282245933,0.2236039382323859,0.6779185889451548,0.20198086752897398,0.26472275736861595,0.5332963751024101,0.19597320435998997,0.08756969241525134,0.7164571032247586,0.19597320435998997,0.08756969241525134,0.7164571032247586,False
2324,2023-11-25,Union Berlin,Augsburg,1,False,0,0.15850788389428047,0.26157005164269964,0.57992206446302,0.15850788389428047,0.26157005164269964,0.57992206446302,0.15850788389428047,0.26157005164269964,0.57992206446302,0.15850788389428047,0.26157005164269964,0.57992206446302,0.238451099357811,0.11325965073457234,0.6482892499076166,0.238451099357811,0.11325965073457234,0.6482892499076166,False
2324,2023-11-25,Werder Bremen,Leverkusen,0,False,0,0.45825690572727884,0.2607611223785633,0.28098197189415786,0.45825690572727884,0.2607611223785633,0.28098197189415786,0.45825690572727884,0.2607611223785633,0.28098197189415786,0.45825690572727884,0.2607611223785633,0.28098197189415786,0.6463770562269056,0.1140248826129628,0.2395980611601316,0.6463770562269056,0.1140248826129628,0.2395980611601316,False
2324,2023-11-25,Wolfsburg,RB Leipzig,2,False,0,0.4126086582054822,0.28625019654412087,0.30114114525039687,0.4126086582054822,0.28625019654412087,0.30114114525039687,0.4126086582054822,0.28625019654412087,0.30114114525039687,0.4126086582054822,0.28625019654412087,0.30114114525039687,0.5085087291279103,0.1775821124420092,0.3139091584300806,0.5085087291279103,0.1775821124420092,0.3139091584300806,False
2324,2023-11-26,Heidenheim,Bochum,1,True,12,0.3,0.26,0.44,0.3,0.26,0.44,0.3,0.26,0.44,0.2208955051893154,0.27100945853992536,0.5080950362707592,0.28347326248469557,0.14737683907428042,0.5691498984410241,0.28347326248469557,0.14737683907428042,0.5691498984410241,False
2324,2023-11-26,Hoffenheim,Mainz,1,False,0,0.26214998758862623,0.2605751559737607,0.477274856437613,0.26214998758862623,0.2605751559737607,0.477274856437613,0.26214998758862623,0.2605751559737607,0.477274856437613,0.26214998758862623,0.2605751559737607,0.477274856437613,0.2654551063392019,0.13259238854572056,0.6019525051150776,0.2654551063392019,0.13259238854572056,0.6019525051150776,False
2324,2023-12-01,Darmstadt,FC Koln,0,True,13,0.454223205601986,0.3046771352592702,0.24109965913874387,0.454223205601986,0.3046771352592702,0.24109965913874387,0.454223205601986,0.3046771352592702,0.24109965913874387,0.29608097986457793,0.28443348965978976,0.4194855304756324,0.3102174961385914,0.17345152611178377,0.5163309777496249,0.3102174961385914,0.17345152611178377,0.5163309777496249,False
2324,2023-12-02,Bochum,Wolfsburg,2,False,0,0.4387876347773407,0.2826995481779109,0.27851281704474856,0.4387876347773407,0.2826995481779109,0.27851281704474856,0.4387876347773407,0.2826995481779109,0.27851281704474856,0.4387876347773407,0.2826995481779109,0.27851281704474856,0.3645493647042191,0.26840315237897844,0.3670474829168024,0.3645493647042191,0.26840315237897844,0.3670474829168024,False
2324,2023-12-02,M'gladbach,Hoffenheim,2,False,0,0.2632443630392953,0.24622685407267578,0.490528782888029,0.2632443630392953,0.24622685407267578,0.490528782888029,0.2632443630392953,0.24622685407267578,0.490528782888029,0.2632443630392953,0.24622685407267578,0.490528782888029,0.29736501524868747,0.16017485399208264,0.5424601307592298,0.29736501524868747,0.16017485399208264,0.5424601307592298,False
2324,2023-12-02,RB Leipzig,Heidenheim,2,True,13,0.3,0.26,0.44,0.3,0.26,0.44,0.3,0.26,0.44,0.10464647155680612,0.20104605489076235,0.6943074735524315,0.11552535676765446,0.05,0.8344746432323455,0.11552535676765446,0.05,0.8344746432323455,False
2324,2023-12-02,Stuttgart,Werder Bremen,2,False,0,0.2727233309281878,0.27238413994038546,0.45489252913142675,0.2727233309281878,0.27238413994038546,0.45489252913142675,0.2727233309281878,0.27238413994038546,0.45489252913142675,0.2727233309281878,0.27238413994038546,0.45489252913142675,0.1799457245238499,0.07896145411302338,0.7410928213631267,0.1799457245238499,0.07896145411302338,0.7410928213631267,False
2324,2023-12-03,Augsburg,Ein Frankfurt,2,False,0,0.4017630597123689,0.2808760601731378,0.31736088011449337,0.4017630597123689,0.2808760601731378,0.31736088011449337,0.4017630597123689,0.2808760601731378,0.31736088011449337,0.4017630597123689,0.2808760601731378,0.31736088011449337,0.43394025530368446,0.22116872209329294,0.3448910226030226,0.43394025530368446,0.22116872209329294,0.3448910226030226,False
2324,2023-12-03,Leverkusen,Dortmund,1,False,0,0.3782514862690499,0.24196320011451158,0.3797853136164385,0.3782514862690499,0.24196320011451158,0.3797853136164385,0.3782514862690499,0.24196320011451158,0.3797853136164385,0.3782514862690499,0.24196320011451158,0.3797853136164385,0.30726003215584735,0.17025243277591184,0.5224875350682407,0.30726003215584735,0.17025243277591184,0.5224875350682407,False
2324,2023-12-03,Mainz,Freiburg,0,False,0,0.31750342689437316,0.2874444106672942,0.39505216243833274,0.31750342689437316,0.2874444106672942,0.39505216243833274,0.31750342689437316,0.2874444106672942,0.39505216243833274,0.31750342689437316,0.2874444106672942,0.39505216243833274,0.3548327934432907,0.24127557739897915,0.4038916291577301,0.3548327934432907,0.24127557739897915,0.4038916291577301,False
2324,2023-12-08,Hoffenheim,Bochum,2,False,0,0.17536129474549575,0.23225388888514537,0.5923848163693589,0.17536129474549575,0.23225388888514537,0.5923848163693589,0.17536129474549575,0.23225388888514537,0.5923848163693589,0.17536129474549575,0.23225388888514537,0.5923848163693589,0.2545701696689592,0.1244466799169627,0.6209831504140781,0.2545701696689592,0.1244466799169627,0.6209831504140781,False
2324,2023-12-09,Dortmund,RB Leipzig,0,False,0,0.2790904634481999,0.24666153945872268,0.4742479970930775,0.2790904634481999,0.24666153945872268,0.4742479970930775,0.2790904634481999,0.24666153945872268,0.4742479970930775,0.2790904634481999,0.24666153945872268,0.4742479970930775,0.28026199339036845,0.14460646166762803,0.5751315449420036,0.28026199339036845,0.14460646166762803,0.5751315449420036,False
2324,2023-12-09,Ein Frankfurt,Bayern Munich,2,False,0,0.5821354898851832,0.2181681257692814,0.1996963843455354,0.5821354898851832,0.2181681257692814,0.1996963843455354,0.5821354898851832,0.2181681257692814,0.1996963843455354,0.5821354898851832,0.2181681257692814,0.1996963843455354,0.6397130768822986,0.1167126006532588,0.24357432246444263,0.6397130768822986,0.1167126006532588,0.24357432246444263,False
2324,2023-12-09,Heidenheim,Darmstadt,2,True,14,0.3,0.26,0.44,0.3,0.26,0.44,0.3,0.26,0.44,0.27374467304053024,0.2865705254336756,0.4396848015257942,0.2858533546993586,0.14947256015369195,0.5646740851469495,0.2858533546993586,0.14947256015369195,0.5646740851469495,False
2324,2023-12-09,Union Berlin,M'gladbach,2,False,0,0.24296721884171432,0.2759029743448678,0.4811298068134179,0.24296721884171432,0.2759029743448678,0.4811298068134179,0.24296721884171432,0.2759029743448678,0.4811298068134179,0.24296721884171432,0.2759029743448678,0.4811298068134179,0.32046029636040324,0.185332710791142,0.49420699284845476,0.32046029636040324,0.185332710791142,0.49420699284845476,False
2324,2023-12-09,Werder Bremen,Augsburg,2,False,0,0.24914463581378074,0.2718951274866625,0.4789602366995568,0.24914463581378074,0.2718951274866625,0.4789602366995568,0.24914463581378074,0.2718951274866625,0.4789602366995568,0.24914463581378074,0.2718951274866625,0.4789602366995568,0.32637143124152435,0.19286282970517876,0.4807657390532969,0.32637143124152435,0.19286282970517876,0.4807657390532969,False
2324,2023-12-09,Wolfsburg,Freiburg,0,False,0,0.26165295670005545,0.28026906585316397,0.45807797744678064,0.26165295670005545,0.28026906585316397,0.45807797744678064,0.26165295670005545,0.28026906585316397,0.45807797744678064,0.26165295670005545,0.28026906585316397,0.45807797744678064,0.3362527531993045,0.20689183119302537,0.4568554156076702,0.3362527531993045,0.20689183119302537,0.4568554156076702,False
2324,2023-12-10,FC Koln,Mainz,1,False,0,0.2932362638198069,0.27982369930712214,0.4269400368730711,0.2932362638198069,0.27982369930712214,0.4269400368730711,0.2932362638198069,0.27982369930712214,0.4269400368730711,0.2932362638198069,0.27982369930712214,0.4269400368730711,0.30233154673404095,0.16511958267306556,0.5325488705928936,0.30233154673404095,0.16511958267306556,0.5325488705928936,False
2324,2023-12-10,Stuttgart,Leverkusen,1,False,0,0.4467553976438377,0.26986911785385953,0.2833754845023028,0.4467553976438377,0.26986911785385953,0.2833754845023028,0.4467553976438377,0.26986911785385953,0.2833754845023028,0.4467553976438377,0.26986911785385953,0.2833754845023028,0.42891652636677857,0.224416160510808,0.3466673131224134,0.42891652636677857,0.224416160510808,0.3466673131224134,False
2324,2023-12-15,M'gladbach,Werder Bremen,1,False,0,0.20446545158287244,0.23598327561736618,0.5595512727997615,0.20446545158287244,0.23598327561736618,0.5595512727997615,0.20446545158287244,0.23598327561736618,0.5595512727997615,0.20446545158287244,0.23598327561736618,0.5595512727997615,0.22732978594193387,0.10605824577526446,0.6666119682828017,0.22732978594193387,0.10605824577526446,0.6666119682828017,False
2324,2023-12-16,Augsburg,Dortmund,1,False,0,0.5991458840009657,0.21922405237622972,0.18163006362280462,0.5991458840009657,0.21922405237622972,0.18163006362280462,0.5991458840009657,0.21922405237622972,0.18163006362280462,0.5991458840009657,0.21922405237622972,0.18163006362280462,0.6479813611932739,0.11338268458108858,0.23863595422563755,0.6479813611932739,0.11338268458108858,0.23863595422563755,False
2324,2023-12-16,Bochum,Union Berlin,2,False,0,0.4383750862579186,0.29885908479751744,0.2627658289445639,0.4383750862579186,0.29885908479751744,0.2627658289445639,0.4383750862579186,0.29885908479751744,0.2627658289445639,0.4383750862579186,0.29885908479751744,0.2627658289445639,0.35033798064673194,0.2315568115354984,0.4181052078177696,0.35033798064673194,0.2315568115354984,0.4181052078177696,False
2324,2023-12-16,Darmstadt,Wolfsburg,0,True,15,0.5308837320945602,0.2854277697658472,0.18368849813959262,0.5308837320945602,0.2854277697658472,0.18368849813959262,0.5308837320945602,0.2854277697658472,0.18368849813959262,0.3722024433613883,0.290359604482203,0.33743795215640887,0.35876392126484774,0.25096116755774256,0.3902749111774097,0.35876392126484774,0.25096116755774256,0.3902749111774097,False
2324,2023-12-16,Mainz,Heidenheim,0,True,15,0.3,0.26,0.44,0.3,0.26,0.44,0.3,0.26,0.44,0.23872355057712338,0.2739553752098061,0.4873210742130705,0.2878320662799057,0.15124359335028373,0.5609243403698106,0.2878320662799057,0.15124359335028373,0.5609243403698106,False
2324,2023-12-16,RB Leipzig,Hoffenheim,2,False,0,0.13459565191608447,0.2079251094838889,0.6574792386000267,0.13459565191608447,0.2079251094838889,0.6574792386000267,0.13459565191608447,0.2079251094838889,0.6574792386000267,0.13459565191608447,0.2079251094838889,0.6574792386000267,0.14503275635023682,0.06171529977621517,0.793251943873548,0.14503275635023682,0.06171529977621517,0.793251943873548,False
2324,2023-12-17,Bayern Munich,Stuttgart,2,False,0,0.05240079878009793,0.11527423764528742,0.8323249635746146,0.05240079878009793,0.11527423764528742,0.8323249635746146,0.05240079878009793,0.11527423764528742,0.8323249635746146,0.05240079878009793,0.11527423764528742,0.8323249635746146,0.12210328257095539,0.05127823618497281,0.8266184812440718,0.12210328257095539,0.05127823618497281,0.8266184812440718,False
2324,2023-12-17,Freiburg,FC Koln,2,False,0,0.22013871839310906,0.2659068611460368,0.5139544204608543,0.22013871839310906,0.2659068611460368,0.5139544204608543,0.22013871839310906,0.2659068611460368,0.5139544204608543,0.22013871839310906,0.2659068611460368,0.5139544204608543,0.20434985538294478,0.09227743118457128,0.7033727134324839,0.20434985538294478,0.09227743118457128,0.7033727134324839,False
2324,2023-12-17,Leverkusen,Ein Frankfurt,2,False,0,0.21493545529984406,0.24074446031713012,0.5443200843830258,0.21493545529984406,0.24074446031713012,0.5443200843830258,0.21493545529984406,0.24074446031713012,0.5443200843830258,0.21493545529984406,0.24074446031713012,0.5443200843830258,0.20327631219126124,0.09166544863992807,0.7050582391688106,0.20327631219126124,0.09166544863992807,0.7050582391688106,False
2324,2023-12-19,Dortmund,Mainz,1,False,0,0.11726535674942923,0.174694826333588,0.7080398169169828,0.11726535674942923,0.174694826333588,0.7080398169169828,0.11726535674942923,0.174694826333588,0.7080398169169828,0.11726535674942923,0.174694826333588,0.7080398169169828,0.1142052907890805,0.05,0.8357947092109195,0.1142052907890805,0.05,0.8357947092109195,False
2324,2023-12-19,Hoffenheim,Darmstadt,1,True,16,0.10853269489204039,0.2160691451584744,0.6753981599494852,0.10853269489204039,0.2160691451584744,0.6753981599494852,0.10853269489204039,0.2160691451584744,0.6753981599494852,0.22504437405341185,0.25451414269215106,0.5204414832544372,0.2185479190528262,0.1006297253335143,0.6808223556136594,0.2185479190528262,0.1006297253335143,0.6808223556136594,False
2324,2023-12-19,Werder Bremen,RB Leipzig,1,False,0,0.5361230706243021,0.2552114548864426,0.20866547448925543,0.5361230706243021,0.2552114548864426,0.20866547448925543,0.5361230706243021,0.2552114548864426,0.20866547448925543,0.5361230706243021,0.2552114548864426,0.20866547448925543,0.6622475529723578,0.10775248283953794,0.2299999641881043,0.6622475529723578,0.10775248283953794,0.2299999641881043,False
2324,2023-12-20,Ein Frankfurt,M'gladbach,2,False,0,0.2700393234457513,0.2529404293801049,0.4770202471741437,0.2700393234457513,0.2529404293801049,0.4770202471741437,0.2700393234457513,0.2529404293801049,0.4770202471741437,0.2700393234457513,0.2529404293801049,0.4770202471741437,0.236920667092297,0.11224539088259199,0.650833942025111,0.236920667092297,0.11224539088259199,0.650833942025111,False
2324,2023-12-20,Heidenheim,Freiburg,2,True,16,0.3,0.26,0.44,0.3,0.26,0.44,0.3,0.26,0.44,0.356269926718875,0.2929872004000935,0.35074287288103156,0.3943874910893971,0.24799572091711644,0.35761678799348656,0.3943874910893971,0.24799572091711644,0.35761678799348656,False
2324,2023-12-20,Leverkusen,Bochum,2,False,0,0.11075757698111532,0.19228802402673623,0.6969543989921484,0.11075757698111532,0.19228802402673623,0.6969543989921484,0.11075757698111532,0.19228802402673623,0.6969543989921484,0.11075757698111532,0.19228802402673623,0.6969543989921484,0.10796339205945518,0.05,0.8420366079405448,0.10796339205945518,0.05,0.8420366079405448,False
2324,2023-12-20,Stuttgart,Augsburg,2,False,0,0.24397344376664185,0.27951348156476663,0.4765130746685915,0.24397344376664185,0.27951348156476663,0.4765130746685915,0.24397344376664185,0.27951348156476663,0.4765130746685915,0.24397344376664185,0.27951348156476663,0.4765130746685915,0.1929952356496761,0.08593206373419504,0.7210727006161288,0.1929952356496761,0.08593206373419504,0.7210727006161288,False
2324,2023-12-20,Union Berlin,FC Koln,2,False,0,0.1981150176555764,0.2741061182350596,0.527778864109364,0.1981150176555764,0.2741061182350596,0.527778864109364,0.1981150176555764,0.2741061182350596,0.527778864109364,0.1981150176555764,0.2741061182350596,0.527778864109364,0.2683180397420544,0.13482559330412555,0.5968563669538199,0.2683180397420544,0.13482559330412555,0.5968563669538199,False
2324,2023-12-20,Wolfsburg,Bayern Munich,0,False,0,0.5574096078403324,0.2323860567077704,0.2102043354518971,0.5574096078403324,0.2323860567077704,0.2102043354518971,0.5574096078403324,0.2323860567077704,0.2102043354518971,0.5574096078403324,0.2323860567077704,0.2102043354518971,0.6712442020528586,0.10427408011342643,0.224481717833715,0.6712442020528586,0.10427408011342643,0.224481717833715,False
2324,2024-01-12,Bayern Munich,Hoffenheim,2,False,0,0.07149239982513647,0.1274850829751763,0.8010225171996872,0.07149239982513647,0.1274850829751763,0.8010225171996872,0.07149239982513647,0.1274850829751763,0.8010225171996872,0.07149239982513647,0.1274850829751763,0.8010225171996872,0.08227146348558394,0.05,0.8677285365144161,0.08227146348558394,0.05,0.8677285365144161,False
2324,2024-01-13,Augsburg,Leverkusen,0,False,0,0.4812454066955161,0.2678335728132538,0.2509210204912301,0.4812454066955161,0.2678335728132538,0.2509210204912301,0.4812454066955161,0.2678335728132538,0.2509210204912301,0.4812454066955161,0.2678335728132538,0.2509210204912301,0.6678967852048406,0.10556194325408436,0.22654127154107495,0.6678967852048406,0.10556194325408436,0.22654127154107495,False
2324,2024-01-13,Darmstadt,Dortmund,0,True,17,0.717935743640478,0.18568385832758555,0.09638039803193649,0.717935743640478,0.18568385832758555,0.09638039803193649,0.717935743640478,0.18568385832758555,0.09638039803193649,0.5596787301957848,0.229341501233117,0.21097976857109813,0.6540670418707086,0.11096341656822041,0.23496954156107097,0.6540670418707086,0.11096341656822041,0.23496954156107097,False
2324,2024-01-13,FC Koln,Heidenheim,1,True,17,0.3,0.26,0.44,0.3,0.26,0.44,0.3,0.26,0.44,0.25477480891021975,0.2767786928410831,0.4684464982486972,0.3251353261210932,0.1912412211580628,0.48362345272084406,0.3251353261210932,0.1912412211580628,0.48362345272084406,False
2324,2024-01-13,Freiburg,Union Berlin,1,False,0,0.2940255860140776,0.3049874142490297,0.4009869997368929,0.2940255860140776,0.3049874142490297,0.4009869997368929,0.2940255860140776,0.3049874142490297,0.4009869997368929,0.2940255860140776,0.3049874142490297,0.4009869997368929,0.242028809372254,0.11566140640464202,0.6423097842231039,0.242028809372254,0.11566140640464202,0.6423097842231039,False
2324,2024-01-13,Mainz,Wolfsburg,1,False,0,0.33266392866878314,0.28604732331251725,0.38128874801869955,0.33266392866878314,0.28604732331251725,0.38128874801869955,0.33266392866878314,0.28604732331251725,0.38128874801869955,0.33266392866878314,0.28604732331251725,0.38128874801869955,0.33762345769049773,0.20901214543395535,0.45336439687554697,0.33762345769049773,0.20901214543395535,0.45336439687554697,False
2324,2024-01-13,RB Leipzig,Ein Frankfurt,0,False,0,0.1549022125192235,0.22630130308218152,0.6187964843985949,0.1549022125192235,0.22630130308218152,0.6187964843985949,0.1549022125192235,0.22630130308218152,0.6187964843985949,0.1549022125192235,0.22630130308218152,0.6187964843985949,0.1993667762830481,0.08945850762502926,0.7111747160919226,0.1993667762830481,0.08945850762502926,0.7111747160919226,False
2324,2024-01-14,Bochum,Werder Bremen,1,False,0,0.3315702752483445,0.2805800511381498,0.3878496736135058,0.3315702752483445,0.2805800511381498,0.3878496736135058,0.3315702752483445,0.2805800511381498,0.3878496736135058,0.3315702752483445,0.2805800511381498,0.3878496736135058,0.28573857656044804,0.14937064016525586,0.5648907832742961,0.28573857656044804,0.14937064016525586,0.5648907832742961,False
2324,2024-01-14,M'gladbach,Stuttgart,2,False,0,0.20816282623766552,0.24606022469875755,0.5457769490635769,0.20816282623766552,0.24606022469875755,0.5457769490635769,0.20816282623766552,0.24606022469875755,0.5457769490635769,0.20816282623766552,0.24606022469875755,0.5457769490635769,0.35230527611647394,0.23566118500116984,0.4120335388823562,0.35230527611647394,0.23566118500116984,0.4120335388823562,False
2324,2024-01-20,Bochum,Stuttgart,2,False,0,0.332551313579325,0.28919340736368737,0.37825527905698764,0.332551313579325,0.28919340736368737,0.37825527905698764,0.332551313579325,0.28919340736368737,0.37825527905698764,0.332551313579325,0.28919340736368737,0.37825527905698764,0.38353324024314533,0.25590009038546596,0.36056666937138865,0.38353324024314533,0.25590009038546596,0.36056666937138865,False
2324,2024-01-20,Darmstadt,Ein Frankfurt,1,True,18,0.529665743394333,0.2781393964318706,0.1921948601737964,0.529665743394333,0.2781393964318706,0.1921948601737964,0.529665743394333,0.2781393964318706,0.1921948601737964,0.3653202676118488,0.2804336694067043,0.3542460629814469,0.5283750127936592,0.16723478854279697,0.3043901986635439,0.5283750127936592,0.16723478854279697,0.3043901986635439,False
2324,2024-01-20,FC Koln,Dortmund,0,False,0,0.537758719318583,0.23086714154822116,0.2313741391331959,0.537758719318583,0.23086714154822116,0.2313741391331959,0.537758719318583,0.23086714154822116,0.2313741391331959,0.537758719318583,0.23086714154822116,0.2313741391331959,0.6275772425973201,0.12169281738179727,0.2507299400208826,0.6275772425973201,0.12169281738179727,0.2507299400208826,False
2324,2024-01-20,Freiburg,Hoffenheim,2,False,0,0.25264763362758735,0.2618590161401459,0.4854933502322666,0.25264763362758735,0.2618590161401459,0.4854933502322666,0.25264763362758735,0.2618590161401459,0.4854933502322666,0.25264763362758735,0.2618590161401459,0.4854933502322666,0.24326232910672352,0.11649971761076425,0.6402379532825122,0.24326232910672352,0.11649971761076425,0.6402379532825122,False
2324,2024-01-20,Heidenheim,Wolfsburg,1,True,18,0.3,0.26,0.44,0.3,0.26,0.44,0.3,0.26,0.44,0.3722024433613883,0.290359604482203,0.33743795215640887,0.3279411560294559,0.19496080628192075,0.4770980376886233,0.3279411560294559,0.19496080628192075,0.4770980376886233,False
2324,2024-01-20,RB Leipzig,Leverkusen,0,False,0,0.20774728924802227,0.25037817779118354,0.5418745329607942,0.20774728924802227,0.25037817779118354,0.5418745329607942,0.20774728924802227,0.25037817779118354,0.5418745329607942,0.20774728924802227,0.25037817779118354,0.5418745329607942,0.32467847978709435,0.19064845895733595,0.4846730612555697,0.32467847978709435,0.19064845895733595,0.4846730612555697,False
2324,2024-01-21,Bayern Munich,Werder Bremen,0,False,0,0.048928768127518577,0.10535112632378649,0.8457201055486949,0.048928768127518577,0.10535112632378649,0.8457201055486949,0.048928768127518577,0.10535112632378649,0.8457201055486949,0.048928768127518577,0.10535112632378649,0.8457201055486949,0.05690976189478778,0.05,0.8930902381052122,0.05690976189478778,0.05,0.8930902381052122,False
2324,2024-01-21,M'gladbach,Augsburg,0,False,0,0.1814115330836994,0.2391431253993464,0.5794453415169543,0.1814115330836994,0.2391431253993464,0.5794453415169543,0.1814115330836994,0.2391431253993464,0.5794453415169543,0.1814115330836994,0.2391431253993464,0.5794453415169543,0.22484064637476447,0.10449765127553198,0.6706617023497036,0.22484064637476447,0.10449765127553198,0.6706617023497036,False
2324,2024-01-24,Bayern Munich,Union Berlin,2,False,0,0.10602862028557024,0.18783380028178148,0.7061375794326483,0.10602862028557024,0.18783380028178148,0.7061375794326483,0.10602862028557024,0.18783380028178148,0.7061375794326483,0.10602862028557024,0.18783380028178148,0.7061375794326483,0.09151042799744362,0.05,0.8584895720025564,0.09151042799744362,0.05,0.8584895720025564,False
2324,2024-01-26,Ein Frankfurt,Mainz,2,False,0,0.23439113389474636,0.25866237185915897,0.5069464942460946,0.23439113389474636,0.25866237185915897,0.5069464942460946,0.23439113389474636,0.25866237185915897,0.5069464942460946,0.23439113389474636,0.25866237185915897,0.5069464942460946,0.18592669938243034,0.08211610034137017,0.7319572002761995,0.18592669938243034,0.08211610034137017,0.7319572002761995,False
2324,2024-01-27,Augsburg,Bayern Munich,0,False,0,0.7041183944992191,0.18256373922309488,0.11331786627768609,0.7041183944992191,0.18256373922309488,0.11331786627768609,0.7041183944992191,0.18256373922309488,0.11331786627768609,0.7041183944992191,0.18256373922309488,0.11331786627768609,0.7556995030402287,0.07400485794023168,0.17029563901953967,0.7556995030402287,0.07400485794023168,0.17029563901953967,False
2324,2024-01-27,Hoffenheim,Heidenheim,1,True,19,0.3,0.26,0.44,0.3,0.26,0.44,0.3,0.26,0.44,0.22504437405341185,0.25451414269215106,0.5204414832544372,0.2862606297897115,0.14983492100941162,0.5639044492008769,0.2862606297897115,0.14983492100941162,0.5639044492008769,False
2324,2024-01-27,Leverkusen,M'gladbach,1,False,0,0.20551736365147266,0.23208013435123992,0.5624025019972875,0.20551736365147266,0.23208013435123992,0.5624025019972875,0.20551736365147266,0.23208013435123992,0.5624025019972875,0.20551736365147266,0.23208013435123992,0.5624025019972875,0.12047281010070073,0.050558110462508174,0.8289690794367911,0.12047281010070073,0.050558110462508174,0.8289690794367911,False
2324,2024-01-27,Stuttgart,RB Leipzig,2,False,0,0.5227127561241942,0.2653845630057192,0.21190268087008665,0.5227127561241942,0.2653845630057192,0.21190268087008665,0.5227127561241942,0.2653845630057192,0.21190268087008665,0.5227127561241942,0.2653845630057192,0.21190268087008665,0.41840942917640156,0.23135297268921542,0.3502375981343831,0.41840942917640156,0.23135297268921542,0.3502375981343831,False
2324,2024-01-27,Werder Bremen,Freiburg,2,False,0,0.3678340110526027,0.2821270407264604,0.35003894822093695,0.3678340110526027,0.2821270407264604,0.35003894822093695,0.3678340110526027,0.2821270407264604,0.35003894822093695,0.3678340110526027,0.2821270407264604,0.35003894822093695,0.3957314329575002,0.24703428341428857,0.35723428362821125,0.3957314329575002,0.24703428341428857,0.35723428362821125,False
2324,2024-01-27,Wolfsburg,FC Koln,1,False,0,0.2086168411995033,0.2591757598621655,0.5322073989383311,0.2086168411995033,0.2591757598621655,0.5322073989383311,0.2086168411995033,0.2591757598621655,0.5322073989383311,0.2086168411995033,0.2591757598621655,0.5322073989383311,0.23113296542386808,0.10847782884694708,0.6603892057291848,0.23113296542386808,0.10847782884694708,0.6603892057291848,False
2324,2024-01-28,Dortmund,Bochum,2,False,0,0.06604771086285516,0.12878924005859685,0.805163049078548,0.06604771086285516,0.12878924005859685,0.805163049078548,0.06604771086285516,0.12878924005859685,0.805163049078548,0.06604771086285516,0.12878924005859685,0.805163049078548,0.10922676306505039,0.05,0.8407732369349495,0.10922676306505039,0.05,0.8407732369349495,False
2324,2024-01-28,Union Berlin,Darmstadt,2,True,19,0.0894396976543337,0.22905279284125457,0.6815075095044117,0.0894396976543337,0.22905279284125457,0.6815075095044117,0.0894396976543337,0.22905279284125457,0.6815075095044117,0.18188255379669604,0.27236449331984,0.5457529528834641,0.21943552583716838,0.10116878545246807,0.6793956887103635,0.21943552583716838,0.10116878545246807,0.6793956887103635,False
2324,2024-02-02,Heidenheim,Dortmund,1,True,20,0.3,0.26,0.44,0.3,0.26,0.44,0.3,0.26,0.44,0.5596787301957848,0.229341501233117,0.21097976857109813,0.5942435735448351,0.13597935221836344,0.26977707423680153,0.5942435735448351,0.13597935221836344,0.26977707423680153,False
2324,2024-02-03,Bayern Munich,M'gladbach,2,False,0,0.08016783323362209,0.1364055356150986,0.7834266311512793,0.08016783323362209,0.1364055356150986,0.7834266311512793,0.08016783323362209,0.1364055356150986,0.7834266311512793,0.08016783323362209,0.1364055356150986,0.7834266311512793,0.08856713520510465,0.05,0.8614328647948953,0.08856713520510465,0.05,0.8614328647948953,False
2324,2024-02-03,Bochum,Augsburg,1,False,0,0.2980233176017071,0.29103951245094045,0.4109371699473525,0.2980233176017071,0.29103951245094045,0.4109371699473525,0.2980233176017071,0.29103951245094045,0.4109371699473525,0.2980233176017071,0.29103951245094045,0.4109371699473525,0.28453905577916677,0.14831071661083056,0.5671502276100027,0.28453905577916677,0.14831071661083056,0.5671502276100027,False
2324,2024-02-03,Darmstadt,Leverkusen,0,True,20,0.6052835525196684,0.2493461654925698,0.14537028198776192,0.6052835525196684,0.2493461654925698,0.14537028198776192,0.6052835525196684,0.2493461654925698,0.14537028198776192,0.443465764420652,0.2724884471364308,0.2840457884429173,0.7132526353340493,0.08871363019812237,0.1980337344678284,0.7132526353340493,0.08871363019812237,0.1980337344678284,False
2324,2024-02-03,FC Koln,Ein Frankfurt,2,False,0,0.3441918035734183,0.2748398122997074,0.3809683841268744,0.3441918035734183,0.2748398122997074,0.3809683841268744,0.3441918035734183,0.2748398122997074,0.3809683841268744,0.3441918035734183,0.2748398122997074,0.3809683841268744,0.47874482267789936,0.19401647802972405,0.3272386992923766,0.47874482267789936,0.19401647802972405,0.3272386992923766,False
2324,2024-02-03,Freiburg,Stuttgart,0,False,0,0.20102931950965036,0.2617458445077997,0.5372248359825499,0.20102931950965036,0.2617458445077997,0.5372248359825499,0.20102931950965036,0.2617458445077997,0.5372248359825499,0.20102931950965036,0.2617458445077997,0.5372248359825499,0.30942313868331844,0.17258300658566536,0.5179938547310161,0.30942313868331844,0.17258300658566536,0.5179938547310161,False
2324,2024-02-03,Mainz,Werder Bremen,0,False,0,0.23500218224141245,0.26136302537283446,0.5036347923857531,0.23500218224141245,0.26136302537283446,0.5036347923857531,0.23500218224141245,0.26136302537283446,0.5036347923857531,0.23500218224141245,0.26136302537283446,0.5036347923857531,0.3121334144108457,0.17557543447324694,0.5122911511159074,0.3121334144108457,0.17557543447324694,0.5122911511159074,False
2324,2024-02-04,RB Leipzig,Union Berlin,2,False,0,0.17358232148583738,0.2665997647708284,0.5598179137433342,0.17358232148583738,0.2665997647708284,0.5598179137433342,0.17358232148583738,0.2665997647708284,0.5598179137433342,0.17358232148583738,0.2665997647708284,0.5598179137433342,0.17643201142288112,0.07713821572030359,0.7464297728568152,0.17643201142288112,0.07713821572030359,0.7464297728568152,False
2324,2024-02-04,Wolfsburg,Hoffenheim,1,False,0,0.2399349397518596,0.25602203343203345,0.5040430268161069,0.2399349397518596,0.25602203343203345,0.5040430268161069,0.2399349397518596,0.25602203343203345,0.5040430268161069,0.2399349397518596,0.25602203343203345,0.5040430268161069,0.285017912981513,0.14873270875515307,0.5662493782633339,0.285017912981513,0.14873270875515307,0.5662493782633339,False
2324,2024-02-07,Mainz,Union Berlin,1,False,0,0.33721551467674205,0.3045161619905906,0.3582683233326674,0.33721551467674205,0.3045161619905906,0.3582683233326674,0.33721551467674205,0.3045161619905906,0.3582683233326674,0.33721551467674205,0.3045161619905906,0.3582683233326674,0.34457236890653953,0.22059900710175737,0.4348286239917031,0.34457236890653953,0.22059900710175737,0.4348286239917031,False
2324,2024-02-09,Dortmund,Freiburg,2,False,0,0.14752283367076163,0.19824483980761962,0.6542323265216188,0.14752283367076163,0.19824483980761962,0.6542323265216188,0.14752283367076163,0.19824483980761962,0.6542323265216188,0.14752283367076163,0.19824483980761962,0.6542323265216188,0.15919600935028494,0.06849079838490964,0.7723131922648053,0.15919600935028494,0.06849079838490964,0.7723131922648053,False
2324,2024-02-10,Augsburg,RB Leipzig,1,False,0,0.554995870235225,0.25913559555254373,0.18586853421223123,0.554995870235225,0.25913559555254373,0.18586853421223123,0.554995870235225,0.25913559555254373,0.18586853421223123,0.554995870235225,0.25913559555254373,0.18586853421223123,0.5794577927171716,0.14262405387215266,0.27791815341067583,0.5794577927171716,0.14262405387215266,0.27791815341067583,False
2324,2024-02-10,Ein Frankfurt,Bochum,1,False,0,0.15453514912249192,0.22586648044533467,0.6195983704321734,0.15453514912249192,0.22586648044533467,0.6195983704321734,0.15453514912249192,0.22586648044533467,0.6195983704321734,0.15453514912249192,0.22586648044533467,0.6195983704321734,0.18937462889667162,0.08396523805586995,0.7266601330474584,0.18937462889667162,0.08396523805586995,0.7266601330474584,False
2324,2024-02-10,Leverkusen,Bayern Munich,2,False,0,0.49737101986034465,0.23653982419470346,0.2660891559449519,0.49737101986034465,0.23653982419470346,0.2660891559449519,0.49737101986034465,0.23653982419470346,0.2660891559449519,0.49737101986034465,0.23653982419470346,0.2660891559449519,0.3514889672661354,0.2339320971078181,0.4145789356260466,0.3514889672661354,0.2339320971078181,0.4145789356260466,False
2324,2024-02-10,M'gladbach,Darmstadt,1,True,21,0.09932184585152953,0.20713796728415718,0.6935401868643133,0.09932184585152953,0.20713796728415718,0.6935401868643133,0.09932184585152953,0.20713796728415718,0.6935401868643133,0.20920733738106653,0.24896522444651253,0.5418274381724208,0.21129427186790686,0.09630085252391107,0.6924048756081821,0.21129427186790686,0.09630085252391107,0.6924048756081821,False
2324,2024-02-10,Union Berlin,Wolfsburg,2,False,0,0.2596919957262388,0.2966028805999334,0.4437051236738278,0.2596919957262388,0.2966028805999334,0.4437051236738278,0.2596919957262388,0.2966028805999334,0.4437051236738278,0.2596919957262388,0.2966028805999334,0.4437051236738278,0.3019592767061442,0.16474132680511067,0.5332993964887451,0.3019592767061442,0.16474132680511067,0.5332993964887451,False
2324,2024-02-10,Werder Bremen,Heidenheim,0,True,21,0.3,0.26,0.44,0.3,0.26,0.44,0.3,0.26,0.44,0.28177652867944203,0.27656511804487854,0.4416583532756795,0.30075263112732015,0.16352397305345004,0.5357233958192299,0.30075263112732015,0.16352397305345004,0.5357233958192299,False
2324,2024-02-11,Hoffenheim,FC Koln,1,False,0,0.24544199231358063,0.2550442533311214,0.49951375435529805,0.24544199231358063,0.2550442533311214,0.49951375435529805,0.24544199231358063,0.2550442533311214,0.49951375435529805,0.24544199231358063,0.2550442533311214,0.49951375435529805,0.26824326367378803,0.1347667514325581,0.5969899848936538,0.26824326367378803,0.1347667514325581,0.5969899848936538,False
2324,2024-02-11,Stuttgart,Mainz,2,False,0,0.315324163856642,0.28542928691886543,0.39924654922449254,0.315324163856642,0.28542928691886543,0.39924654922449254,0.315324163856642,0.28542928691886543,0.39924654922449254,0.315324163856642,0.28542928691886543,0.39924654922449254,0.18211601617159573,0.08009857980819675,0.7377854040202074,0.18211601617159573,0.08009857980819675,0.7377854040202074,False
2324,2024-02-16,FC Koln,Werder Bremen,0,False,0,0.2513625511153878,0.26448549067928057,0.48415195820533163,0.2513625511153878,0.26448549067928057,0.48415195820533163,0.2513625511153878,0.26448549067928057,0.48415195820533163,0.2513625511153878,0.26448549067928057,0.48415195820533163,0.31050928616878376,0.1737723114497934,0.5157184023814229,0.31050928616878376,0.1737723114497934,0.5157184023814229,False
2324,2024-02-17,Darmstadt,Stuttgart,0,True,22,0.4278502035018018,0.3124939162785712,0.259655880219627,0.4278502035018018,0.3124939162785712,0.259655880219627,0.4278502035018018,0.3124939162785712,0.259655880219627,0.2731390978663996,0.28389210433655,0.4429687977970505,0.5184443571526696,0.1723482794856983,0.3092073633616322,0.5184443571526696,0.1723482794856983,0.3092073633616322,False
2324,2024-02-17,Heidenheim,Leverkusen,0,True,22,0.3,0.26,0.44,0.3,0.26,0.44,0.3,0.26,0.44,0.443465764420652,0.2724884471364308,0.2840457884429173,0.6183095502251286,0.1255730990544256,0.25611735072044584,0.6183095502251286,0.1255730990544256,0.25611735072044584,False
2324,2024-02-17,Hoffenheim,Union Berlin,0,False,0,0.3263753926189146,0.2893328639826148,0.38429174339847066,0.3263753926189146,0.2893328639826148,0.38429174339847066,0.3263753926189146,0.2893328639826148,0.38429174339847066,0.3263753926189146,0.2893328639826148,0.38429174339847066,0.31874717975514005,0.18324992337714574,0.4980028968677142,0.31874717975514005,0.18324992337714574,0.4980028968677142,False
2324,2024-02-17,Mainz,Augsburg,2,False,0,0.20958719443135643,0.2664654640998889,0.5239473414687545,0.20958719443135643,0.2664654640998889,0.5239473414687545,0.20958719443135643,0.2664654640998889,0.5239473414687545,0.20958719443135643,0.2664654640998889,0.5239473414687545,0.304710245540931,0.16756726859391136,0.5277224858651577,0.304710245540931,0.16756726859391136,0.5277224858651577,False
2324,2024-02-17,RB Leipzig,M'gladbach,2,False,0,0.14683870392419907,0.21624669152538337,0.6369146045504176,0.14683870392419907,0.21624669152538337,0.6369146045504176,0.14683870392419907,0.21624669152538337,0.6369146045504176,0.14683870392419907,0.21624669152538337,0.6369146045504176,0.1661761661261869,0.0719360405166301,0.761887793357183,0.1661761661261869,0.0719360405166301,0.761887793357183,False
2324,2024-02-17,Wolfsburg,Dortmund,1,False,0,0.4416273248269647,0.2495554918526126,0.3088171833204228,0.4416273248269647,0.2495554918526126,0.3088171833204228,0.4416273248269647,0.2495554918526126,0.3088171833204228,0.4416273248269647,0.2495554918526126,0.3088171833204228,0.566549903793779,0.14859184237433234,0.2848582538318886,0.566549903793779,0.14859184237433234,0.2848582538318886,False
2324,2024-02-18,Bochum,Bayern Munich,2,False,0,0.7360512938064366,0.1661379849932396,0.09781072120032379,0.7360512938064366,0.1661379849932396,0.09781072120032379,0.7360512938064366,0.1661379849932396,0.09781072120032379,0.7360512938064366,0.1661379849932396,0.09781072120032379,0.7230244624062167,0.08524309935517838,0.19173243823860495,0.7230244624062167,0.08524309935517838,0.19173243823860495,False
2324,2024-02-18,Freiburg,Ein Frankfurt,1,False,0,0.2794486195696306,0.27298692553995324,0.44756445489041624,0.2794486195696306,0.27298692553995324,0.44756445489041624,0.2794486195696306,0.27298692553995324,0.44756445489041624,0.2794486195696306,0.27298692553995324,0.44756445489041624,0.33646109708460176,0.20721100825122624,0.45632789466417206,0.33646109708460176,0.20721100825122624,0.45632789466417206,False
2324,2024-02-23,Leverkusen,Mainz,2,False,0,0.1769779072504764,0.23383952657286902,0.5891825661766545,0.1769779072504764,0.23383952657286902,0.5891825661766545,0.1769779072504764,0.23383952657286902,0.5891825661766545,0.1769779072504764,0.23383952657286902,0.5891825661766545,0.0819308960245203,0.05,0.8680691039754797,0.0819308960245203,0.05,0.8680691039754797,False
2324,2024-02-24,Bayern Munich,RB Leipzig,2,False,0,0.1867627821996664,0.22438739532920796,0.5888498224711257,0.1867627821996664,0.22438739532920796,0.5888498224711257,0.1867627821996664,0.22438739532920796,0.5888498224711257,0.1867627821996664,0.22438739532920796,0.5888498224711257,0.21281992108511413,0.09720029894208065,0.6899797799728052,0.21281992108511413,0.09720029894208065,0.6899797799728052,False
2324,2024-02-24,M'gladbach,Bochum,2,False,0,0.16166640759150494,0.22498560152657868,0.6133479908819164,0.16166640759150494,0.22498560152657868,0.6133479908819164,0.16166640759150494,0.22498560152657868,0.6133479908819164,0.16166640759150494,0.22498560152657868,0.6133479908819164,0.284924618548674,0.14865037525883987,0.5664250061924861,0.284924618548674,0.14865037525883987,0.5664250061924861,False
2324,2024-02-24,Stuttgart,FC Koln,1,False,0,0.2980812606116532,0.2821760690047424,0.4197426703836044,0.2980812606116532,0.2821760690047424,0.4197426703836044,0.2980812606116532,0.2821760690047424,0.4197426703836044,0.2980812606116532,0.2821760690047424,0.4197426703836044,0.17412774541314516,0.07595418056031936,0.7499180740265355,0.17412774541314516,0.07595418056031936,0.7499180740265355,False
2324,2024-02-24,Union Berlin,Heidenheim,1,True,23,0.3,0.26,0.44,0.3,0.26,0.44,0.3,0.26,0.44,0.18188255379669604,0.27236449331984,0.5457529528834641,0.2718804563218659,0.1376618589514904,0.5904576847266436,0.2718804563218659,0.1376618589514904,0.5904576847266436,False
2324,2024-02-24,Werder Bremen,Darmstadt,1,True,23,0.14500015341166905,0.2536363963486899,0.6013634502396411,0.14500015341166905,0.2536363963486899,0.6013634502396411,0.14500015341166905,0.2536363963486899,0.6013634502396411,0.28177652867944203,0.27656511804487854,0.4416583532756795,0.22647928799460298,0.10552300642190338,0.6679977055834936,0.22647928799460298,0.10552300642190338,0.6679977055834936,False
2324,2024-02-25,Augsburg,Freiburg,2,False,0,0.39116774630542667,0.2936914923795469,0.31514076131502644,0.39116774630542667,0.2936914923795469,0.31514076131502644,0.39116774630542667,0.2936914923795469,0.31514076131502644,0.39116774630542667,0.2936914923795469,0.31514076131502644,0.3635022503568955,0.26485662048266234,0.3716411291604422,0.3635022503568955,0.26485662048266234,0.3716411291604422,False
2324,2024-02-25,Dortmund,Hoffenheim,0,False,0,0.12535701220784384,0.16830644503735637,0.7063365427547998,0.12535701220784384,0.16830644503735637,0.7063365427547998,0.12535701220784384,0.16830644503735637,0.7063365427547998,0.12535701220784384,0.16830644503735637,0.7063365427547998,0.1190453098132413,0.05,0.8309546901867586,0.1190453098132413,0.05,0.8309546901867586,False
2324,2024-02-25,Ein Frankfurt,Wolfsburg,1,False,0,0.2889393549148307,0.2721443720039468,0.43891627308122255,0.2889393549148307,0.2721443720039468,0.43891627308122255,0.2889393549148307,0.2721443720039468,0.43891627308122255,0.2889393549148307,0.2721443720039468,0.43891627308122255,0.2344958394134799,0.1106540193970573,0.6548501411894628,0.2344958394134799,0.1106540193970573,0.6548501411894628,False
2324,2024-03-01,Freiburg,Bayern Munich,1,False,0,0.5719769245559969,0.22994834265620637,0.19807473278779675,0.5719769245559969,0.22994834265620637,0.19807473278779675,0.5719769245559969,0.22994834265620637,0.19807473278779675,0.5719769245559969,0.22994834265620637,0.19807473278779675,0.6227161754945102,0.12371959198716227,0.2535642325183276,0.6227161754945102,0.12371959198716227,0.2535642325183276,False
2324,2024-03-02,Bochum,RB Leipzig,0,False,0,0.5878762098888801,0.2453084092980798,0.16681538081304004,0.5878762098888801,0.2453084092980798,0.16681538081304004,0.5878762098888801,0.2453084092980798,0.16681538081304004,0.5878762098888801,0.2453084092980798,0.16681538081304004,0.5379149624559783,0.16242897695257658,0.2996560605914451,0.5379149624559783,0.16242897695257658,0.2996560605914451,False
2324,2024-03-02,Darmstadt,Augsburg,0,True,24,0.3912859733082156,0.32214031756601713,0.28657370912576735,0.3912859733082156,0.32214031756601713,0.28657370912576735,0.3912859733082156,0.32214031756601713,0.28657370912576735,0.24248425259246248,0.2817013544517434,0.4758143929557941,0.33476280233853334,0.20464047585980116,0.4605967218016655,0.33476280233853334,0.20464047585980116,0.4605967218016655,False
2324,2024-03-02,Heidenheim,Ein Frankfurt,0,True,24,0.3,0.26,0.44,0.3,0.26,0.44,0.3,0.26,0.44,0.3653202676118488,0.2804336694067043,0.3542460629814469,0.3573968109432475,0.24744120071772757,0.39516198833902494,0.3573968109432475,0.24744120071772757,0.39516198833902494,False
2324,2024-03-02,Mainz,M'gladbach,1,False,0,0.31527882906159765,0.2691704794249925,0.41555069151340973,0.31527882906159765,0.2691704794249925,0.41555069151340973,0.31527882906159765,0.2691704794249925,0.41555069151340973,0.31527882906159765,0.2691704794249925,0.41555069151340973,0.34569845217793366,0.22262950773030993,0.43167204009175636,0.34569845217793366,0.22262950773030993,0.43167204009175636,False
2324,2024-03-02,Union Berlin,Dortmund,0,False,0,0.41486701128710723,0.26838261657645307,0.31675037213643964,0.41486701128710723,0.26838261657645307,0.31675037213643964,0.41486701128710723,0.26838261657645307,0.31675037213643964,0.41486701128710723,0.26838261657645307,0.31675037213643964,0.49692410250679536,0.1838399341892136,0.319235963303991,0.49692410250679536,0.1838399341892136,0.319235963303991,False
2324,2024-03-02,Wolfsburg,Stuttgart,0,False,0,0.1900782863669226,0.25445840377398693,0.5554633098590904,0.1900782863669226,0.25445840377398693,0.5554633098590904,0.1900782863669226,0.25445840377398693,0.5554633098590904,0.1900782863669226,0.25445840377398693,0.5554633098590904,0.35920801211558856,0.2521444557469157,0.38864753213749575,0.35920801211558856,0.2521444557469157,0.38864753213749575,False
2324,2024-03-03,FC Koln,Leverkusen,0,False,0,0.4221036240872957,0.27023873182188146,0.30765764409082286,0.4221036240872957,0.27023873182188146,0.30765764409082286,0.4221036240872957,0.27023873182188146,0.30765764409082286,0.4221036240872957,0.27023873182188146,0.30765764409082286,0.689721929210379,0.09729614646232922,0.21298192432729174,0.689721929210379,0.09729614646232922,0.21298192432729174,False
2324,2024-03-03,Hoffenheim,Werder Bremen,2,False,0,0.2205761125446128,0.24181266864261242,0.5376112188127748,0.2205761125446128,0.24181266864261242,0.5376112188127748,0.2205761125446128,0.24181266864261242,0.5376112188127748,0.2205761125446128,0.24181266864261242,0.5376112188127748,0.2866931963908158,0.1502210064406484,0.5630857971685358,0.2866931963908158,0.1502210064406484,0.5630857971685358,False
2324,2024-03-08,Stuttgart,Union Berlin,2,False,0,0.37750381449893267,0.30530820399942227,0.317187981501645,0.37750381449893267,0.30530820399942227,0.317187981501645,0.37750381449893267,0.30530820399942227,0.317187981501645,0.37750381449893267,0.30530820399942227,0.317187981501645,0.2207814814862702,0.10199023464351216,0.6772282838702176,0.2207814814862702,0.10199023464351216,0.6772282838702176,False
2324,2024-03-09,Augsburg,Heidenheim,2,True,25,0.3,0.26,0.44,0.3,0.26,0.44,0.3,0.26,0.44,0.3056851525521395,0.2934811527827682,0.4008336946650924,0.31215787471397255,0.17560282238068678,0.5122393029053406,0.31215787471397255,0.17560282238068678,0.5122393029053406,False
2324,2024-03-09,Bayern Munich,Mainz,2,False,0,0.06762250401393356,0.13326130639483766,0.7991161895912288,0.06762250401393356,0.13326130639483766,0.7991161895912288,0.06762250401393356,0.13326130639483766,0.7991161895912288,0.06762250401393356,0.13326130639483766,0.7991161895912288,0.07337212411729682,0.05,0.8766278758827032,0.07337212411729682,0.05,0.8766278758827032,False
2324,2024-03-09,M'gladbach,FC Koln,1,False,0,0.22858460120842486,0.25018322902892387,0.5212321697626513,0.22858460120842486,0.25018322902892387,0.5212321697626513,0.22858460120842486,0.25018322902892387,0.5212321697626513,0.22858460120842486,0.25018322902892387,0.5212321697626513,0.24999485852165546,0.12117232662096875,0.6288328148573757,0.24999485852165546,0.12117232662096875,0.6288328148573757,False
2324,2024-03-09,RB Leipzig,Darmstadt,2,True,25,0.045042203926633884,0.14682317058098884,0.8081346254923772,0.045042203926633884,0.14682317058098884,0.8081346254923772,0.045042203926633884,0.14682317058098884,0.8081346254923772,0.10464647155680612,0.20104605489076235,0.6943074735524315,0.08618436193767233,0.05,0.8638156380623276,0.08618436193767233,0.05,0.8638156380623276,False
2324,2024-03-09,Werder Bremen,Dortmund,0,False,0,0.5776874951883635,0.2166990064683659,0.20561349834327075,0.5776874951883635,0.2166990064683659,0.20561349834327075,0.5776874951883635,0.2166990064683659,0.20561349834327075,0.5776874951883635,0.2166990064683659,0.20561349834327075,0.5959606630548362,0.1352204422070094,0.26881889473815446,0.5959606630548362,0.1352204422070094,0.26881889473815446,False
2324,2024-03-10,Bochum,Freiburg,0,False,0,0.4216118606242352,0.28717424105575934,0.2912138983200053,0.4216118606242352,0.28717424105575934,0.2912138983200053,0.4216118606242352,0.28717424105575934,0.2912138983200053,0.4216118606242352,0.28717424105575934,0.2912138983200053,0.354065629006891,0.23952709841678002,0.406407272576329,0.354065629006891,0.23952709841678002,0.406407272576329,False
2324,2024-03-10,Ein Frankfurt,Hoffenheim,2,False,0,0.25196940231773624,0.2486817290109866,0.49934886867127715,0.25196940231773624,0.2486817290109866,0.49934886867127715,0.25196940231773624,0.2486817290109866,0.49934886867127715,0.25196940231773624,0.2486817290109866,0.49934886867127715,0.22920797243257815,0.10724775036955737,0.6635442771978645,0.22920797243257815,0.10724775036955737,0.6635442771978645,False
2324,2024-03-10,Leverkusen,Wolfsburg,2,False,0,0.22465980461300392,0.2547315678852176,0.5206086275017785,0.22465980461300392,0.2547315678852176,0.5206086275017785,0.22465980461300392,0.2547315678852176,0.5206086275017785,0.22465980461300392,0.2547315678852176,0.5206086275017785,0.10262743003630573,0.05,0.8473725699636943,0.10262743003630573,0.05,0.8473725699636943,False
2324,2024-03-15,FC Koln,RB Leipzig,0,False,0,0.499274609678684,0.2690319094121077,0.23169348090920833,0.499274609678684,0.2690319094121077,0.23169348090920833,0.499274609678684,0.2690319094121077,0.23169348090920833,0.499274609678684,0.2690319094121077,0.23169348090920833,0.5814416890002889,0.14172085606783638,0.2768374549318747,0.5814416890002889,0.14172085606783638,0.2768374549318747,False
2324,2024-03-16,Darmstadt,Bayern Munich,0,True,26,0.800308850110073,0.14305397835403788,0.056637171535889055,0.800308850110073,0.14305397835403788,0.056637171535889055,0.800308850110073,0.14305397835403788,0.056637171535889055,0.669027010580405,0.196379390602472,0.13459359881712304,0.801282085078981,0.059164946673328576,0.13955296824769037,0.801282085078981,0.059164946673328576,0.13955296824769037,False
2324,2024-03-16,Heidenheim,M'gladbach,1,True,26,0.3,0.26,0.44,0.3,0.26,0.44,0.3,0.26,0.44,0.3561349094897787,0.27544119921035914,0.3684238912998621,0.32113980310790863,0.18617059732561025,0.4926895995664811,0.32113980310790863,0.18617059732561025,0.4926895995664811,False
2324,2024-03-16,Hoffenheim,Stuttgart,0,False,0,0.2240614268087383,0.2516732964916163,0.5242652766996453,0.2240614268087383,0.2516732964916163,0.5242652766996453,0.2240614268087383,0.2516732964916163,0.5242652766996453,0.2240614268087383,0.2516732964916163,0.5242652766996453,0.3943705966983941,0.2480078307087124,0.35762157259289357,0.3943705966983941,0.2480078307087124,0.35762157259289357,False
2324,2024-03-16,Mainz,Bochum,2,False,0,0.18917377131228366,0.2538676375812647,0.5569585911064517,0.18917377131228366,0.2538676375812647,0.5569585911064517,0.18917377131228366,0.2538676375812647,0.5569585911064517,0.18917377131228366,0.2538676375812647,0.5569585911064517,0.3009880686052722,0.16376046654335635,0.5352514648513714,0.3009880686052722,0.16376046654335635,0.5352514648513714,False
2324,2024-03-16,Union Berlin,Werder Bremen,2,False,0,0.1776789822618619,0.2584886978146647,0.5638323199234734,0.1776789822618619,0.2584886978146647,0.5638323199234734,0.1776789822618619,0.2584886978146647,0.5638323199234734,0.1776789822618619,0.2584886978146647,0.5638323199234734,0.2701015846654346,0.13623743574970665,0.5936609795848588,0.2701015846654346,0.13623743574970665,0.5936609795848588,False
2324,2024-03-16,Wolfsburg,Augsburg,0,False,0,0.16584559996572953,0.24685617963249812,0.5872982204017723,0.16584559996572953,0.24685617963249812,0.5872982204017723,0.16584559996572953,0.24685617963249812,0.5872982204017723,0.16584559996572953,0.24685617963249812,0.5872982204017723,0.28703538453149957,0.1505273232754643,0.5624372921930362,0.28703538453149957,0.1505273232754643,0.5624372921930362,False
2324,2024-03-17,Dortmund,Ein Frankfurt,2,False,0,0.14720223243244845,0.18656705941466728,0.6662307081528842,0.14720223243244845,0.18656705941466728,0.6662307081528842,0.14720223243244845,0.18656705941466728,0.6662307081528842,0.14720223243244845,0.18656705941466728,0.6662307081528842,0.19898804095193143,0.08924648904098614,0.7117654700070825,0.19898804095193143,0.08924648904098614,0.7117654700070825,False
2324,2024-03-17,Freiburg,Leverkusen,0,False,0,0.35070397011079607,0.2778824951117167,0.3714135347774872,0.35070397011079607,0.2778824951117167,0.3714135347774872,0.35070397011079607,0.2778824951117167,0.3714135347774872,0.35070397011079607,0.2778824951117167,0.3714135347774872,0.5846458214390229,0.1402698393614982,0.275084339199479,0.5846458214390229,0.1402698393614982,0.275084339199479,False
2324,2024-03-30,Bayern Munich,Dortmund,0,False,0,0.18609666696879235,0.18937101718208546,0.6245323158491223,0.18609666696879235,0.18937101718208546,0.6245323158491223,0.18609666696879235,0.18937101718208546,0.6245323158491223,0.18609666696879235,0.18937101718208546,0.6245323158491223,0.25095440165422495,0.12185217099578413,0.6271934273499908,0.25095440165422495,0.12185217099578413,0.6271934273499908,False
2324,2024-03-30,Ein Frankfurt,Union Berlin,1,False,0,0.29586643436737786,0.2918626264470222,0.4122709391856,0.29586643436737786,0.2918626264470222,0.4122709391856,0.29586643436737786,0.2918626264470222,0.4122709391856,0.29586643436737786,0.2918626264470222,0.4122709391856,0.23337934000970384,0.10992759396959528,0.6566930660207009,0.23337934000970384,0.10992759396959528,0.6566930660207009,False
2324,2024-03-30,Leverkusen,Hoffenheim,2,False,0,0.18987588542867678,0.2254729446223244,0.5846511699489989,0.18987588542867678,0.2254729446223244,0.5846511699489989,0.18987588542867678,0.2254729446223244,0.5846511699489989,0.18987588542867678,0.2254729446223244,0.5846511699489989,0.08840864142667255,0.05,0.8615913585733274,0.08840864142667255,0.05,0.8615913585733274,False
2324,2024-03-30,M'gladbach,Freiburg,0,False,0,0.28640339901076606,0.2689097418559808,0.44468685913325307,0.28640339901076606,0.2689097418559808,0.44468685913325307,0.28640339901076606,0.2689097418559808,0.44468685913325307,0.28640339901076606,0.2689097418559808,0.44468685913325307,0.3214946132130166,0.1866108303335103,0.4918945564534731,0.3214946132130166,0.1866108303335103,0.4918945564534731,False
2324,2024-03-30,RB Leipzig,Mainz,1,False,0,0.12615897676052246,0.21562557860451798,0.6582154446349595,0.12615897676052246,0.21562557860451798,0.6582154446349595,0.12615897676052246,0.21562557860451798,0.6582154446349595,0.12615897676052246,0.21562557860451798,0.6582154446349595,0.11676370480425534,0.05,0.8332362951957446,0.11676370480425534,0.05,0.8332362951957446,False
2324,2024-03-30,Werder Bremen,Wolfsburg,0,False,0,0.3843967193885209,0.2793421214016437,0.3362611592098354,0.3843967193885209,0.2793421214016437,0.3362611592098354,0.3843967193885209,0.2793421214016437,0.3362611592098354,0.3843967193885209,0.2793421214016437,0.3362611592098354,0.312921513268526,0.17646138993726598,0.510617096794208,0.312921513268526,0.17646138993726598,0.510617096794208,False
2324,2024-03-31,Augsburg,FC Koln,1,False,0,0.32950548570636295,0.2897620719954882,0.38073244229814884,0.32950548570636295,0.2897620719954882,0.38073244229814884,0.32950548570636295,0.2897620719954882,0.38073244229814884,0.32950548570636295,0.2897620719954882,0.38073244229814884,0.250960122616371,0.1218562350885233,0.6271836422951057,0.250960122616371,0.1218562350885233,0.6271836422951057,False
2324,2024-03-31,Bochum,Darmstadt,1,True,27,0.18096357130382276,0.28567981387578967,0.5333566148203875,0.18096357130382276,0.28567981387578967,0.5333566148203875,0.18096357130382276,0.28567981387578967,0.5333566148203875,0.33282061151752695,0.29166741002304375,0.37551197845942924,0.25007859171126906,0.12123151017872597,0.6286898981100049,0.25007859171126906,0.12123151017872597,0.6286898981100049,False
2324,2024-03-31,Stuttgart,Heidenheim,1,True,27,0.3,0.26,0.44,0.3,0.26,0.44,0.3,0.26,0.44,0.27553637490037125,0.2843382277390847,0.4401253973605441,0.17349395756958186,0.0756300945688138,0.7508759478616042,0.17349395756958186,0.0756300945688138,0.7508759478616042,False
2324,2024-04-05,Ein Frankfurt,Werder Bremen,1,False,0,0.19549431983945048,0.23744223316878063,0.5670634469917689,0.19549431983945048,0.23744223316878063,0.5670634469917689,0.19549431983945048,0.23744223316878063,0.5670634469917689,0.19549431983945048,0.23744223316878063,0.5670634469917689,0.1822342032306592,0.08016074919505897,0.7376050475742818,0.1822342032306592,0.08016074919505897,0.7376050475742818,False
2324,2024-04-06,Dortmund,Stuttgart,0,False,0,0.09380911755861762,0.15661403030442786,0.7495768521369545,0.09380911755861762,0.15661403030442786,0.7495768521369545,0.09380911755861762,0.15661403030442786,0.7495768521369545,0.09380911755861762,0.15661403030442786,0.7495768521369545,0.19846900738359718,0.08895643250848209,0.7125745601079208,0.19846900738359718,0.08895643250848209,0.7125745601079208,False
2324,2024-04-06,FC Koln,Bochum,2,False,0,0.20320567899014855,0.25856832568104965,0.5382259953288019,0.20320567899014855,0.25856832568104965,0.5382259953288019,0.20320567899014855,0.25856832568104965,0.5382259953288019,0.20320567899014855,0.25856832568104965,0.5382259953288019,0.28567618889817026,0.14931527839414388,0.5650085327076859,0.28567618889817026,0.14931527839414388,0.5650085327076859,False
2324,2024-04-06,Freiburg,RB Leipzig,0,False,0,0.4263375336723234,0.2867603719867149,0.28690209434096164,0.4263375336723234,0.2867603719867149,0.28690209434096164,0.4263375336723234,0.2867603719867149,0.28690209434096164,0.4263375336723234,0.2867603719867149,0.28690209434096164,0.42109615820079416,0.2295601682447839,0.349343673554422,0.42109615820079416,0.2295601682447839,0.349343673554422,False
2324,2024-04-06,Heidenheim,Bayern Munich,2,True,28,0.3,0.26,0.44,0.3,0.26,0.44,0.3,0.26,0.44,0.669027010580405,0.196379390602472,0.13459359881712304,0.6575659026174304,0.10958437787798636,0.2328497195045832,0.6575659026174304,0.10958437787798636,0.2328497195045832,False
2324,2024-04-06,Mainz,Darmstadt,2,True,28,0.1197708699544283,0.24092525969514192,0.6393038703504298,0.1197708699544283,0.24092525969514192,0.6393038703504298,0.1197708699544283,0.24092525969514192,0.6393038703504298,0.23872355057712338,0.2739553752098061,0.4873210742130705,0.22893778801454706,0.1070759923806217,0.6639862196048312,0.22893778801454706,0.1070759923806217,0.6639862196048312,False
2324,2024-04-06,Union Berlin,Leverkusen,0,False,0,0.3168028787234462,0.29206354135296897,0.39113357992358483,0.3168028787234462,0.29206354135296897,0.39113357992358483,0.3168028787234462,0.29206354135296897,0.39113357992358483,0.3168028787234462,0.29206354135296897,0.39113357992358483,0.6316877768899333,0.1199933622585749,0.2483188608514918,0.6316877768899333,0.1199933622585749,0.2483188608514918,False
2324,2024-04-07,Hoffenheim,Augsburg,2,False,0,0.19593151884250137,0.2457059063162441,0.5583625748412546,0.19593151884250137,0.2457059063162441,0.5583625748412546,0.19593151884250137,0.2457059063162441,0.5583625748412546,0.19593151884250137,0.2457059063162441,0.5583625748412546,0.3141421678536184,0.1778482410758295,0.5080095910705522,0.3141421678536184,0.1778482410758295,0.5080095910705522,False
2324,2024-04-07,Wolfsburg,M'gladbach,0,False,0,0.257077649720256,0.2606293979794206,0.4822929523003235,0.257077649720256,0.2606293979794206,0.4822929523003235,0.257077649720256,0.2606293979794206,0.4822929523003235,0.257077649720256,0.2606293979794206,0.4822929523003235,0.29260552406525864,0.15562961525509555,0.5517648606796458,0.29260552406525864,0.15562961525509555,0.5517648606796458,False
2324,2024-04-12,Augsburg,Union Berlin,2,False,0,0.4084666130660037,0.30676167500656754,0.2847717119274288,0.4084666130660037,0.30676167500656754,0.2847717119274288,0.4084666130660037,0.30676167500656754,0.2847717119274288,0.4084666130660037,0.30676167500656754,0.2847717119274288,0.32167834155913605,0.18683953564324748,0.49148212279761644,0.32167834155913605,0.18683953564324748,0.49148212279761644,False
2324,2024-04-13,Bayern Munich,FC Koln,2,False,0,0.060150101262649164,0.12336976784179943,0.8164801308955514,0.060150101262649164,0.12336976784179943,0.8164801308955514,0.060150101262649164,0.12336976784179943,0.8164801308955514,0.060150101262649164,0.12336976784179943,0.8164801308955514,0.08782969222305709,0.05,0.8621703077769429,0.08782969222305709,0.05,0.8621703077769429,False
2324,2024-04-13,Bochum,Heidenheim,1,True,29,0.3,0.26,0.44,0.3,0.26,0.44,0.3,0.26,0.44,0.33282061151752695,0.29166741002304375,0.37551197845942924,0.3550293771880664,0.2417302953650262,0.4032403274469074,0.3550293771880664,0.2417302953650262,0.4032403274469074,False
2324,2024-04-13,M'gladbach,Dortmund,0,False,0,0.48082099491461844,0.23146623320807616,0.2877127718773054,0.48082099491461844,0.23146623320807616,0.2877127718773054,0.48082099491461844,0.23146623320807616,0.2877127718773054,0.48082099491461844,0.23146623320807616,0.2877127718773054,0.5774788058727937,0.14352868840011815,0.2789925057270883,0.5774788058727937,0.14352868840011815,0.2789925057270883,False
2324,2024-04-13,Mainz,Hoffenheim,2,False,0,0.29631436310323883,0.2667956458989421,0.4368899909978191,0.29631436310323883,0.2667956458989421,0.4368899909978191,0.29631436310323883,0.2667956458989421,0.4368899909978191,0.29631436310323883,0.2667956458989421,0.4368899909978191,0.31754933992202394,0.18181795852436938,0.5006327015536067,0.31754933992202394,0.18181795852436938,0.5006327015536067,False
2324,2024-04-13,RB Leipzig,Wolfsburg,2,False,0,0.1639532265110021,0.24215145059785312,0.5938953228911449,0.1639532265110021,0.24215145059785312,0.5938953228911449,0.1639532265110021,0.24215145059785312,0.5938953228911449,0.1639532265110021,0.24215145059785312,0.5938953228911449,0.12564251488010353,0.05285080824152009,0.8215066768783763,0.12564251488010353,0.05285080824152009,0.8215066768783763,False
2324,2024-04-13,Stuttgart,Ein Frankfurt,2,False,0,0.3679549464664036,0.2780367639092755,0.35400828962432085,0.3679549464664036,0.2780367639092755,0.35400828962432085,0.3679549464664036,0.2780367639092755,0.35400828962432085,0.3679549464664036,0.2780367639092755,0.35400828962432085,0.2499263634041884,0.12112393361793886,0.6289497029778728,0.2499263634041884,0.12112393361793886,0.6289497029778728,False
2324,2024-04-14,Darmstadt,Freiburg,0,True,29,0.5137974322505081,0.292738560785099,0.19346400696439292,0.5137974322505081,0.292738560785099,0.19346400696439292,0.5137974322505081,0.292738560785099,0.19346400696439292,0.356269926718875,0.2929872004000935,0.35074287288103156,0.48968941320264786,0.18783628405284936,0.3224743027445027,0.48968941320264786,0.18783628405284936,0.3224743027445027,False
2324,2024-04-14,Leverkusen,Werder Bremen,2,False,0,0.1432276478407224,0.20775041891538976,0.6490219332438878,0.1432276478407224,0.20775041891538976,0.6490219332438878,0.1432276478407224,0.20775041891538976,0.6490219332438878,0.1432276478407224,0.20775041891538976,0.6490219332438878,0.0719970689549129,0.05,0.8780029310450871,0.0719970689549129,0.05,0.8780029310450871,False
2324,2024-04-19,Ein Frankfurt,Augsburg,2,False,0,0.17353668982533893,0.24037428188501445,0.5860890282896467,0.17353668982533893,0.24037428188501445,0.5860890282896467,0.17353668982533893,0.24037428188501445,0.5860890282896467,0.17353668982533893,0.24037428188501445,0.5860890282896467,0.23793097423592222,0.11291408116449309,0.6491549445995847,0.23793097423592222,0.11291408116449309,0.6491549445995847,False
2324,2024-04-20,FC Koln,Darmstadt,0,True,30,0.12934612546071766,0.2476233642006803,0.6230305103386021,0.12934612546071766,0.2476233642006803,0.6230305103386021,0.12934612546071766,0.2476233642006803,0.6230305103386021,0.25477480891021975,0.2767786928410831,0.4684464982486972,0.22346190327540663,0.10364083637219601,0.6728972603523974,0.22346190327540663,0.10364083637219601,0.6728972603523974,False
2324,2024-04-20,Heidenheim,RB Leipzig,0,True,30,0.3,0.26,0.44,0.3,0.26,0.44,0.3,0.26,0.44,0.5188718668111525,0.2683127652120452,0.2128153679768024,0.5489852471471892,0.15697780473439704,0.29403694811841374,0.5489852471471892,0.15697780473439704,0.29403694811841374,False
2324,2024-04-20,Hoffenheim,M'gladbach,2,False,0,0.3013171779146859,0.25304373799222707,0.4456390840930871,0.3013171779146859,0.25304373799222707,0.4456390840930871,0.3013171779146859,0.25304373799222707,0.4456390840930871,0.3013171779146859,0.25304373799222707,0.4456390840930871,0.31802421957214,0.18238331272062897,0.4995924677072311,0.31802421957214,0.18238331272062897,0.4995924677072311,False
2324,2024-04-20,Union Berlin,Bayern Munich,0,False,0,0.5247642560777431,0.25454769070886835,0.22068805321338858,0.5247642560777431,0.25454769070886835,0.22068805321338858,0.5247642560777431,0.25454769070886835,0.22068805321338858,0.5247642560777431,0.25454769070886835,0.22068805321338858,0.6176871119368922,0.12583616575421874,0.25647672230888907,0.6176871119368922,0.12583616575421874,0.25647672230888907,False
2324,2024-04-20,Wolfsburg,Bochum,2,False,0,0.14784080637952368,0.2320281241727161,0.6201310694477603,0.14784080637952368,0.2320281241727161,0.6201310694477603,0.14784080637952368,0.2320281241727161,0.6201310694477603,0.14784080637952368,0.2320281241727161,0.6201310694477603,0.2569477010897945,0.12618175479194874,0.6168705441182568,0.2569477010897945,0.12618175479194874,0.6168705441182568,False
2324,2024-04-21,Dortmund,Leverkusen,1,False,0,0.20428289102695088,0.21209722573191878,0.5836198832411305,0.20428289102695088,0.21209722573191878,0.5836198832411305,0.20428289102695088,0.21209722573191878,0.5836198832411305,0.20428289102695088,0.21209722573191878,0.5836198832411305,0.33782509371726677,0.20932819615430887,0.45284671012842437,0.33782509371726677,0.20932819615430887,0.45284671012842437,False
2324,2024-04-21,Freiburg,Mainz,1,False,0,0.2352204501246751,0.2722411696055714,0.49253838026975355,0.2352204501246751,0.2722411696055714,0.49253838026975355,0.2352204501246751,0.2722411696055714,0.49253838026975355,0.2352204501246751,0.2722411696055714,0.49253838026975355,0.24786975355373853,0.11967925274050387,0.6324509937057576,0.24786975355373853,0.11967925274050387,0.6324509937057576,False
2324,2024-04-21,Werder Bremen,Stuttgart,2,False,0,0.2811285749477535,0.2739310818397241,0.4449403432125225,0.2811285749477535,0.2739310818397241,0.4449403432125225,0.2811285749477535,0.2739310818397241,0.4449403432125225,0.2811285749477535,0.2739310818397241,0.4449403432125225,0.5419357650164903,0.16043375785616304,0.2976304771273467,0.5419357650164903,0.16043375785616304,0.2976304771273467,False
2324,2024-04-26,Bochum,Hoffenheim,2,False,0,0.40371174343127464,0.272396775681781,0.3238914808869443,0.40371174343127464,0.272396775681781,0.3238914808869443,0.40371174343127464,0.272396775681781,0.3238914808869443,0.40371174343127464,0.272396775681781,0.3238914808869443,0.35153788449149037,0.23403464435774657,0.41442747115076306,0.35153788449149037,0.23403464435774657,0.41442747115076306,False
2324,2024-04-27,Augsburg,Werder Bremen,0,False,0,0.3038238036051355,0.28198527529516093,0.41419092109970357,0.3038238036051355,0.28198527529516093,0.41419092109970357,0.3038238036051355,0.28198527529516093,0.41419092109970357,0.3038238036051355,0.28198527529516093,0.41419092109970357,0.27713286801984083,0.14196708019870874,0.5809000517814504,0.27713286801984083,0.14196708019870874,0.5809000517814504,False
2324,2024-04-27,Bayern Munich,Ein Frankfurt,2,False,0,0.08685248441830597,0.14661624505616386,0.7665312705255302,0.08685248441830597,0.14661624505616386,0.7665312705255302,0.08685248441830597,0.14661624505616386,0.7665312705255302,0.08685248441830597,0.14661624505616386,0.7665312705255302,0.1525778384385518,0.06529040128617973,0.7821317602752683,0.1525778384385518,0.06529040128617973,0.7821317602752683,False
2324,2024-04-27,Freiburg,Wolfsburg,0,False,0,0.287899581274832,0.2851453010462294,0.42695511767893857,0.287899581274832,0.2851453010462294,0.42695511767893857,0.287899581274832,0.2851453010462294,0.42695511767893857,0.287899581274832,0.2851453010462294,0.42695511767893857,0.24649021115059822,0.11871910261175224,0.6347906862376496,0.24649021115059822,0.11871910261175224,0.6347906862376496,False
2324,2024-04-27,Leverkusen,Stuttgart,1,False,0,0.14738793996619073,0.2186298723900081,0.6339821876438011,0.14738793996619073,0.2186298723900081,0.6339821876438011,0.14738793996619073,0.2186298723900081,0.6339821876438011,0.14738793996619073,0.2186298723900081,0.6339821876438011,0.17626216969115507,0.0770506326063748,0.7466871977024702,0.17626216969115507,0.0770506326063748,0.7466871977024702,False
2324,2024-04-27,RB Leipzig,Dortmund,2,False,0,0.2859956866087645,0.24789495291140365,0.46610936047983187,0.2859956866087645,0.24789495291140365,0.46610936047983187,0.2859956866087645,0.24789495291140365,0.46610936047983187,0.2859956866087645,0.24789495291140365,0.46610936047983187,0.31887087170420053,0.18339891633345157,0.49773021196234796,0.31887087170420053,0.18339891633345157,0.49773021196234796,False
2324,2024-04-28,Darmstadt,Heidenheim,0,True,31,0.3,0.26,0.44,0.3,0.26,0.44,0.3,0.26,0.44,0.27374467304053024,0.2865705254336756,0.4396848015257942,0.38467237081685,0.2550586800075238,0.36026894917562613,0.38467237081685,0.2550586800075238,0.36026894917562613,False
2324,2024-04-28,M'gladbach,Union Berlin,1,False,0,0.308006556127064,0.28795839093073505,0.4040350529422009,0.308006556127064,0.28795839093073505,0.4040350529422009,0.308006556127064,0.28795839093073505,0.4040350529422009,0.308006556127064,0.28795839093073505,0.4040350529422009,0.29845546479731694,0.16124214735227002,0.5403023878504132,0.29845546479731694,0.16124214735227002,0.5403023878504132,False
2324,2024-04-28,Mainz,FC Koln,1,False,0,0.25929959260271046,0.27355784735394917,0.4671425600433404,0.25929959260271046,0.27355784735394917,0.4671425600433404,0.25929959260271046,0.27355784735394917,0.4671425600433404,0.25929959260271046,0.27355784735394917,0.4671425600433404,0.24923958560771078,0.1206397099966921,0.6301207043955972,0.24923958560771078,0.1206397099966921,0.6301207043955972,False
2324,2024-05-03,Hoffenheim,RB Leipzig,1,False,0,0.47026775941704685,0.2641826938985223,0.2655495466844308,0.47026775941704685,0.2641826938985223,0.2655495466844308,0.47026775941704685,0.2641826938985223,0.2655495466844308,0.47026775941704685,0.2641826938985223,0.2655495466844308,0.616526135197329,0.12632767825577598,0.25714618654689503,0.616526135197329,0.12632767825577598,0.25714618654689503,False
2324,2024-05-04,Dortmund,Augsburg,2,False,0,0.07836712345310223,0.14508166094461047,0.7765512156022873,0.07836712345310223,0.14508166094461047,0.7765512156022873,0.07836712345310223,0.14508166094461047,0.7765512156022873,0.07836712345310223,0.14508166094461047,0.7765512156022873,0.10702182028952527,0.05,0.8429781797104747,0.10702182028952527,0.05,0.8429781797104747,False
2324,2024-05-04,FC Koln,Freiburg,1,False,0,0.33613339656523084,0.28720567681498316,0.37666092661978606,0.33613339656523084,0.28720567681498316,0.37666092661978606,0.33613339656523084,0.28720567681498316,0.37666092661978606,0.33613339656523084,0.28720567681498316,0.37666092661978606,0.3635891230832018,0.2651427710468654,0.37126810586993275,0.3635891230832018,0.2651427710468654,0.37126810586993275,False
2324,2024-05-04,Stuttgart,Bayern Munich,2,False,0,0.6734207910889837,0.19327292988133785,0.13330627902967848,0.6734207910889837,0.19327292988133785,0.13330627902967848,0.6734207910889837,0.19327292988133785,0.13330627902967848,0.6734207910889837,0.19327292988133785,0.13330627902967848,0.40256352077745133,0.24220371264604576,0.35523276657650293,0.40256352077745133,0.24220371264604576,0.35523276657650293,False
2324,2024-05-04,Werder Bremen,M'gladbach,1,False,0,0.36756973696555656,0.2649117922227518,0.36751847081169164,0.36756973696555656,0.2649117922227518,0.36751847081169164,0.36756973696555656,0.2649117922227518,0.36751847081169164,0.36756973696555656,0.2649117922227518,0.36751847081169164,0.30484806393945657,0.1677107484691829,0.5274411875913606,0.30484806393945657,0.1677107484691829,0.5274411875913606,False
2324,2024-05-04,Wolfsburg,Darmstadt,2,True,32,0.091723654134041,0.21379370885291735,0.6944826370130417,0.091723654134041,0.21379370885291735,0.6944826370130417,0.091723654134041,0.21379370885291735,0.6944826370130417,0.1910847101834151,0.2574775677040176,0.5514377221125675,0.19906383816593795,0.08928889604660174,0.7116472657874603,0.19906383816593795,0.08928889604660174,0.7116472657874603,False
2324,2024-05-05,Ein Frankfurt,Leverkusen,0,False,0,0.35368099485506693,0.2655094464150097,0.3808095587299234,0.35368099485506693,0.2655094464150097,0.3808095587299234,0.35368099485506693,0.2655094464150097,0.3808095587299234,0.35368099485506693,0.2655094464150097,0.3808095587299234,0.5468594072217232,0.15801439210641274,0.2951262006718641,0.5468594072217232,0.15801439210641274,0.2951262006718641,False
2324,2024-05-05,Heidenheim,Mainz,1,True,32,0.3,0.26,0.44,0.3,0.26,0.44,0.3,0.26,0.44,0.3131587763923917,0.28772967127170024,0.399111552335908,0.28623280858720984,0.14981013250688283,0.5639570589059073,0.28623280858720984,0.14981013250688283,0.5639570589059073,False
2324,2024-05-05,Union Berlin,Bochum,0,False,0,0.14181794597397665,0.246480501027567,0.6117015529984564,0.14181794597397665,0.246480501027567,0.6117015529984564,0.14181794597397665,0.246480501027567,0.6117015529984564,0.14181794597397665,0.246480501027567,0.6117015529984564,0.24336191118412642,0.11656762817078707,0.6400704606450865,0.24336191118412642,0.11656762817078707,0.6400704606450865,False
2324,2024-05-10,Augsburg,Stuttgart,0,False,0,0.30528111515202117,0.29091582081237927,0.4038030640355995,0.30528111515202117,0.29091582081237927,0.4038030640355995,0.30528111515202117,0.29091582081237927,0.4038030640355995,0.30528111515202117,0.29091582081237927,0.4038030640355995,0.5348544629625535,0.16395960387688735,0.3011859331605593,0.5348544629625535,0.16395960387688735,0.3011859331605593,False
2324,2024-05-11,FC Koln,Union Berlin,2,False,0,0.3556261881923963,0.3032173222368297,0.34115648957077416,0.3556261881923963,0.3032173222368297,0.34115648957077416,0.3556261881923963,0.3032173222368297,0.34115648957077416,0.3556261881923963,0.3032173222368297,0.34115648957077416,0.33528089914625075,0.2054172219727988,0.4593018788809505,0.33528089914625075,0.2054172219727988,0.4593018788809505,False
2324,2024-05-11,Freiburg,Heidenheim,1,True,33,0.3,0.26,0.44,0.3,0.26,0.44,0.3,0.26,0.44,0.20198086752897398,0.26472275736861595,0.5332963751024101,0.27636313099288107,0.14132655447360828,0.5823103145335107,0.27636313099288107,0.14132655447360828,0.5823103145335107,False
2324,2024-05-11,M'gladbach,Ein Frankfurt,1,False,0,0.292013174141766,0.2569019048177613,0.4510849210404727,0.292013174141766,0.2569019048177613,0.4510849210404727,0.292013174141766,0.2569019048177613,0.4510849210404727,0.292013174141766,0.2569019048177613,0.4510849210404727,0.3515742566635626,0.23411097966591918,0.41431476367051817,0.3515742566635626,0.23411097966591918,0.41431476367051817,False
2324,2024-05-11,Mainz,Dortmund,2,False,0,0.5142891698174987,0.23709886205009514,0.2486119681324061,0.5142891698174987,0.23709886205009514,0.2486119681324061,0.5142891698174987,0.23709886205009514,0.2486119681324061,0.5142891698174987,0.23709886205009514,0.2486119681324061,0.5993085140807857,0.13374821307697032,0.26694327284224406,0.5993085140807857,0.13374821307697032,0.26694327284224406,False
2324,2024-05-11,RB Leipzig,Werder Bremen,1,False,0,0.09958660206519784,0.1862604884148864,0.7141529095199157,0.09958660206519784,0.1862604884148864,0.7141529095199157,0.09958660206519784,0.1862604884148864,0.7141529095199157,0.09958660206519784,0.1862604884148864,0.7141529095199157,0.11583862987613097,0.05,0.834161370123869,0.11583862987613097,0.05,0.834161370123869,False
2324,2024-05-12,Bayern Munich,Wolfsburg,2,False,0,0.09537412850644066,0.16270555783132687,0.7419203136622325,0.09537412850644066,0.16270555783132687,0.7419203136622325,0.09537412850644066,0.16270555783132687,0.7419203136622325,0.09537412850644066,0.16270555783132687,0.7419203136622325,0.11158105773890521,0.05,0.8384189422610947,0.11158105773890521,0.05,0.8384189422610947,False
2324,2024-05-12,Bochum,Leverkusen,0,False,0,0.5146492094656137,0.2573584008910696,0.22799238964331675,0.5146492094656137,0.2573584008910696,0.22799238964331675,0.5146492094656137,0.2573584008910696,0.22799238964331675,0.5146492094656137,0.2573584008910696,0.22799238964331675,0.7552166391049014,0.07416704851446156,0.17061631238063701,0.7552166391049014,0.07416704851446156,0.17061631238063701,False
2324,2024-05-12,Darmstadt,Hoffenheim,0,True,33,0.5034898979553427,0.28179818337257684,0.21471191867208042,0.5034898979553427,0.28179818337257684,0.21471191867208042,0.5034898979553427,0.28179818337257684,0.21471191867208042,0.33642381016348644,0.274718112688053,0.38885807714846055,0.39437581081282747,0.24800409320165548,0.3576200959855171,0.39437581081282747,0.24800409320165548,0.3576200959855171,False
2324,2024-05-18,Dortmund,Darmstadt,2,True,34,0.036817291534265786,0.10639632607974349,0.8567863823859907,0.036817291534265786,0.10639632607974349,0.8567863823859907,0.036817291534265786,0.10639632607974349,0.8567863823859907,0.09507265832917412,0.159708020191699,0.745219321479127,0.06269827998891095,0.05,0.887301720011089,0.06269827998891095,0.05,0.887301720011089,False
2324,2024-05-18,Ein Frankfurt,RB Leipzig,1,False,0,0.4326768762318645,0.2744706139576838,0.2928525098104516,0.4326768762318645,0.2744706139576838,0.2928525098104516,0.4326768762318645,0.2744706139576838,0.2928525098104516,0.4326768762318645,0.2744706139576838,0.2928525098104516,0.45642023378508095,0.2071551071729313,0.3364246590419877,0.45642023378508095,0.2071551071729313,0.3364246590419877,False
2324,2024-05-18,Heidenheim,FC Koln,2,True,34,0.3,0.26,0.44,0.3,0.26,0.44,0.3,0.26,0.44,0.29608097986457793,0.28443348965978976,0.4194855304756324,0.2482886306675201,0.11997219516188211,0.6317391741705979,0.2482886306675201,0.11997219516188211,0.6317391741705979,False
2324,2024-05-18,Hoffenheim,Bayern Munich,2,False,0,0.6236445587181928,0.20204712998726684,0.17430831129454039,0.6236445587181928,0.20204712998726684,0.17430831129454039,0.6236445587181928,0.20204712998726684,0.17430831129454039,0.6236445587181928,0.20204712998726684,0.17430831129454039,0.6185592186654665,0.1254676673799899,0.2559731139545437,0.6185592186654665,0.1254676673799899,0.2559731139545437,False
2324,2024-05-18,Leverkusen,Augsburg,2,False,0,0.12666147484501067,0.20862248958740873,0.6647160355675807,0.12666147484501067,0.20862248958740873,0.6647160355675807,0.12666147484501067,0.20862248958740873,0.6647160355675807,0.12666147484501067,0.20862248958740873,0.6647160355675807,0.0662792282464015,0.05,0.8837207717535984,0.0662792282464015,0.05,0.8837207717535984,False
2324,2024-05-18,Stuttgart,M'gladbach,2,False,0,0.3586795215334971,0.2730902054247353,0.3682302730417677,0.3586795215334971,0.2730902054247353,0.3682302730417677,0.3586795215334971,0.2730902054247353,0.3682302730417677,0.3586795215334971,0.2730902054247353,0.3682302730417677,0.15713492059989528,0.06748739096287097,0.7753776884372338,0.15713492059989528,0.06748739096287097,0.7753776884372338,False
2324,2024-05-18,Union Berlin,Freiburg,2,False,0,0.2471570950534458,0.29614169743376967,0.4567012075127846,0.2471570950534458,0.29614169743376967,0.4567012075127846,0.2471570950534458,0.29614169743376967,0.4567012075127846,0.2471570950534458,0.29614169743376967,0.4567012075127846,0.34240552931356666,0.21682117966414105,0.4407732910222923,0.34240552931356666,0.21682117966414105,0.4407732910222923,False
2324,2024-05-18,Werder Bremen,Bochum,2,False,0,0.22657685999286287,0.2613914937564546,0.5120316462506825,0.22657685999286287,0.2613914937564546,0.5120316462506825,0.22657685999286287,0.2613914937564546,0.5120316462506825,0.22657685999286287,0.2613914937564546,0.5120316462506825,0.2516342204491409,0.12233600290321563,0.6260297766476434,0.2516342204491409,0.12233600290321563,0.6260297766476434,False
2324,2024-05-18,Wolfsburg,Mainz,0,False,0,0.22341051891062824,0.2659839031373322,0.5106055779520396,0.22341051891062824,0.2659839031373322,0.5106055779520396,0.22341051891062824,0.2659839031373322,0.5106055779520396,0.22341051891062824,0.2659839031373322,0.5106055779520396,0.3129443229040238,0.17648714103459545,0.5105685360613808,0.3129443229040238,0.17648714103459545,0.5105685360613808,False
